absolute_path,relative_path,class_label
F:\NTSE\lab01\dataset\cat\0000.jpg,../lab01/dataset/cat/0000.jpg,cat
F:\NTSE\lab01\dataset\cat\0001.jpg,../lab01/dataset/cat/0001.jpg,cat
F:\NTSE\lab01\dataset\cat\0002.jpg,../lab01/dataset/cat/0002.jpg,cat
F:\NTSE\lab01\dataset\cat\0003.jpg,../lab01/dataset/cat/0003.jpg,cat
F:\NTSE\lab01\dataset\cat\0004.jpg,../lab01/dataset/cat/0004.jpg,cat
F:\NTSE\lab01\dataset\cat\0005.jpg,../lab01/dataset/cat/0005.jpg,cat
F:\NTSE\lab01\dataset\cat\0006.jpg,../lab01/dataset/cat/0006.jpg,cat
F:\NTSE\lab01\dataset\cat\0007.jpg,../lab01/dataset/cat/0007.jpg,cat
F:\NTSE\lab01\dataset\cat\0008.jpg,../lab01/dataset/cat/0008.jpg,cat
F:\NTSE\lab01\dataset\cat\0009.jpg,../lab01/dataset/cat/0009.jpg,cat
F:\NTSE\lab01\dataset\cat\0010.jpg,../lab01/dataset/cat/0010.jpg,cat
F:\NTSE\lab01\dataset\cat\0011.jpg,../lab01/dataset/cat/0011.jpg,cat
F:\NTSE\lab01\dataset\cat\0012.jpg,../lab01/dataset/cat/0012.jpg,cat
F:\NTSE\lab01\dataset\cat\0013.jpg,../lab01/dataset/cat/0013.jpg,cat
F:\NTSE\lab01\dataset\cat\0014.jpg,../lab01/dataset/cat/0014.jpg,cat
F:\NTSE\lab01\dataset\cat\0015.jpg,../lab01/dataset/cat/0015.jpg,cat
F:\NTSE\lab01\dataset\cat\0016.jpg,../lab01/dataset/cat/0016.jpg,cat
F:\NTSE\lab01\dataset\cat\0017.jpg,../lab01/dataset/cat/0017.jpg,cat
F:\NTSE\lab01\dataset\cat\0018.jpg,../lab01/dataset/cat/0018.jpg,cat
F:\NTSE\lab01\dataset\cat\0019.jpg,../lab01/dataset/cat/0019.jpg,cat
F:\NTSE\lab01\dataset\cat\0020.jpg,../lab01/dataset/cat/0020.jpg,cat
F:\NTSE\lab01\dataset\cat\0021.jpg,../lab01/dataset/cat/0021.jpg,cat
F:\NTSE\lab01\dataset\cat\0022.jpg,../lab01/dataset/cat/0022.jpg,cat
F:\NTSE\lab01\dataset\cat\0023.jpg,../lab01/dataset/cat/0023.jpg,cat
F:\NTSE\lab01\dataset\cat\0024.jpg,../lab01/dataset/cat/0024.jpg,cat
F:\NTSE\lab01\dataset\cat\0025.jpg,../lab01/dataset/cat/0025.jpg,cat
F:\NTSE\lab01\dataset\cat\0026.jpg,../lab01/dataset/cat/0026.jpg,cat
F:\NTSE\lab01\dataset\cat\0027.jpg,../lab01/dataset/cat/0027.jpg,cat
F:\NTSE\lab01\dataset\cat\0028.jpg,../lab01/dataset/cat/0028.jpg,cat
F:\NTSE\lab01\dataset\cat\0029.jpg,../lab01/dataset/cat/0029.jpg,cat
F:\NTSE\lab01\dataset\cat\0030.jpg,../lab01/dataset/cat/0030.jpg,cat
F:\NTSE\lab01\dataset\cat\0031.jpg,../lab01/dataset/cat/0031.jpg,cat
F:\NTSE\lab01\dataset\cat\0032.jpg,../lab01/dataset/cat/0032.jpg,cat
F:\NTSE\lab01\dataset\cat\0033.jpg,../lab01/dataset/cat/0033.jpg,cat
F:\NTSE\lab01\dataset\cat\0034.jpg,../lab01/dataset/cat/0034.jpg,cat
F:\NTSE\lab01\dataset\cat\0035.jpg,../lab01/dataset/cat/0035.jpg,cat
F:\NTSE\lab01\dataset\cat\0036.jpg,../lab01/dataset/cat/0036.jpg,cat
F:\NTSE\lab01\dataset\cat\0037.jpg,../lab01/dataset/cat/0037.jpg,cat
F:\NTSE\lab01\dataset\cat\0038.jpg,../lab01/dataset/cat/0038.jpg,cat
F:\NTSE\lab01\dataset\cat\0039.jpg,../lab01/dataset/cat/0039.jpg,cat
F:\NTSE\lab01\dataset\cat\0040.jpg,../lab01/dataset/cat/0040.jpg,cat
F:\NTSE\lab01\dataset\cat\0041.jpg,../lab01/dataset/cat/0041.jpg,cat
F:\NTSE\lab01\dataset\cat\0042.jpg,../lab01/dataset/cat/0042.jpg,cat
F:\NTSE\lab01\dataset\cat\0043.jpg,../lab01/dataset/cat/0043.jpg,cat
F:\NTSE\lab01\dataset\cat\0044.jpg,../lab01/dataset/cat/0044.jpg,cat
F:\NTSE\lab01\dataset\cat\0045.jpg,../lab01/dataset/cat/0045.jpg,cat
F:\NTSE\lab01\dataset\cat\0046.jpg,../lab01/dataset/cat/0046.jpg,cat
F:\NTSE\lab01\dataset\cat\0047.jpg,../lab01/dataset/cat/0047.jpg,cat
F:\NTSE\lab01\dataset\cat\0048.jpg,../lab01/dataset/cat/0048.jpg,cat
F:\NTSE\lab01\dataset\cat\0049.jpg,../lab01/dataset/cat/0049.jpg,cat
F:\NTSE\lab01\dataset\cat\0050.jpg,../lab01/dataset/cat/0050.jpg,cat
F:\NTSE\lab01\dataset\cat\0051.jpg,../lab01/dataset/cat/0051.jpg,cat
F:\NTSE\lab01\dataset\cat\0052.jpg,../lab01/dataset/cat/0052.jpg,cat
F:\NTSE\lab01\dataset\cat\0053.jpg,../lab01/dataset/cat/0053.jpg,cat
F:\NTSE\lab01\dataset\cat\0054.jpg,../lab01/dataset/cat/0054.jpg,cat
F:\NTSE\lab01\dataset\cat\0055.jpg,../lab01/dataset/cat/0055.jpg,cat
F:\NTSE\lab01\dataset\cat\0056.jpg,../lab01/dataset/cat/0056.jpg,cat
F:\NTSE\lab01\dataset\cat\0057.jpg,../lab01/dataset/cat/0057.jpg,cat
F:\NTSE\lab01\dataset\cat\0058.jpg,../lab01/dataset/cat/0058.jpg,cat
F:\NTSE\lab01\dataset\cat\0059.jpg,../lab01/dataset/cat/0059.jpg,cat
F:\NTSE\lab01\dataset\cat\0060.jpg,../lab01/dataset/cat/0060.jpg,cat
F:\NTSE\lab01\dataset\cat\0061.jpg,../lab01/dataset/cat/0061.jpg,cat
F:\NTSE\lab01\dataset\cat\0062.jpg,../lab01/dataset/cat/0062.jpg,cat
F:\NTSE\lab01\dataset\cat\0063.jpg,../lab01/dataset/cat/0063.jpg,cat
F:\NTSE\lab01\dataset\cat\0064.jpg,../lab01/dataset/cat/0064.jpg,cat
F:\NTSE\lab01\dataset\cat\0065.jpg,../lab01/dataset/cat/0065.jpg,cat
F:\NTSE\lab01\dataset\cat\0066.jpg,../lab01/dataset/cat/0066.jpg,cat
F:\NTSE\lab01\dataset\cat\0067.jpg,../lab01/dataset/cat/0067.jpg,cat
F:\NTSE\lab01\dataset\cat\0068.jpg,../lab01/dataset/cat/0068.jpg,cat
F:\NTSE\lab01\dataset\cat\0069.jpg,../lab01/dataset/cat/0069.jpg,cat
F:\NTSE\lab01\dataset\cat\0070.jpg,../lab01/dataset/cat/0070.jpg,cat
F:\NTSE\lab01\dataset\cat\0071.jpg,../lab01/dataset/cat/0071.jpg,cat
F:\NTSE\lab01\dataset\cat\0072.jpg,../lab01/dataset/cat/0072.jpg,cat
F:\NTSE\lab01\dataset\cat\0073.jpg,../lab01/dataset/cat/0073.jpg,cat
F:\NTSE\lab01\dataset\cat\0074.jpg,../lab01/dataset/cat/0074.jpg,cat
F:\NTSE\lab01\dataset\cat\0075.jpg,../lab01/dataset/cat/0075.jpg,cat
F:\NTSE\lab01\dataset\cat\0076.jpg,../lab01/dataset/cat/0076.jpg,cat
F:\NTSE\lab01\dataset\cat\0077.jpg,../lab01/dataset/cat/0077.jpg,cat
F:\NTSE\lab01\dataset\cat\0078.jpg,../lab01/dataset/cat/0078.jpg,cat
F:\NTSE\lab01\dataset\cat\0079.jpg,../lab01/dataset/cat/0079.jpg,cat
F:\NTSE\lab01\dataset\cat\0080.jpg,../lab01/dataset/cat/0080.jpg,cat
F:\NTSE\lab01\dataset\cat\0081.jpg,../lab01/dataset/cat/0081.jpg,cat
F:\NTSE\lab01\dataset\cat\0082.jpg,../lab01/dataset/cat/0082.jpg,cat
F:\NTSE\lab01\dataset\cat\0083.jpg,../lab01/dataset/cat/0083.jpg,cat
F:\NTSE\lab01\dataset\cat\0084.jpg,../lab01/dataset/cat/0084.jpg,cat
F:\NTSE\lab01\dataset\cat\0085.jpg,../lab01/dataset/cat/0085.jpg,cat
F:\NTSE\lab01\dataset\cat\0086.jpg,../lab01/dataset/cat/0086.jpg,cat
F:\NTSE\lab01\dataset\cat\0087.jpg,../lab01/dataset/cat/0087.jpg,cat
F:\NTSE\lab01\dataset\cat\0088.jpg,../lab01/dataset/cat/0088.jpg,cat
F:\NTSE\lab01\dataset\cat\0089.jpg,../lab01/dataset/cat/0089.jpg,cat
F:\NTSE\lab01\dataset\cat\0090.jpg,../lab01/dataset/cat/0090.jpg,cat
F:\NTSE\lab01\dataset\cat\0091.jpg,../lab01/dataset/cat/0091.jpg,cat
F:\NTSE\lab01\dataset\cat\0092.jpg,../lab01/dataset/cat/0092.jpg,cat
F:\NTSE\lab01\dataset\cat\0093.jpg,../lab01/dataset/cat/0093.jpg,cat
F:\NTSE\lab01\dataset\cat\0094.jpg,../lab01/dataset/cat/0094.jpg,cat
F:\NTSE\lab01\dataset\cat\0095.jpg,../lab01/dataset/cat/0095.jpg,cat
F:\NTSE\lab01\dataset\cat\0096.jpg,../lab01/dataset/cat/0096.jpg,cat
F:\NTSE\lab01\dataset\cat\0097.jpg,../lab01/dataset/cat/0097.jpg,cat
F:\NTSE\lab01\dataset\cat\0098.jpg,../lab01/dataset/cat/0098.jpg,cat
F:\NTSE\lab01\dataset\cat\0099.jpg,../lab01/dataset/cat/0099.jpg,cat
F:\NTSE\lab01\dataset\cat\0100.jpg,../lab01/dataset/cat/0100.jpg,cat
F:\NTSE\lab01\dataset\cat\0101.jpg,../lab01/dataset/cat/0101.jpg,cat
F:\NTSE\lab01\dataset\cat\0102.jpg,../lab01/dataset/cat/0102.jpg,cat
F:\NTSE\lab01\dataset\cat\0103.jpg,../lab01/dataset/cat/0103.jpg,cat
F:\NTSE\lab01\dataset\cat\0104.jpg,../lab01/dataset/cat/0104.jpg,cat
F:\NTSE\lab01\dataset\cat\0105.jpg,../lab01/dataset/cat/0105.jpg,cat
F:\NTSE\lab01\dataset\cat\0106.jpg,../lab01/dataset/cat/0106.jpg,cat
F:\NTSE\lab01\dataset\cat\0107.jpg,../lab01/dataset/cat/0107.jpg,cat
F:\NTSE\lab01\dataset\cat\0108.jpg,../lab01/dataset/cat/0108.jpg,cat
F:\NTSE\lab01\dataset\cat\0109.jpg,../lab01/dataset/cat/0109.jpg,cat
F:\NTSE\lab01\dataset\cat\0110.jpg,../lab01/dataset/cat/0110.jpg,cat
F:\NTSE\lab01\dataset\cat\0111.jpg,../lab01/dataset/cat/0111.jpg,cat
F:\NTSE\lab01\dataset\cat\0112.jpg,../lab01/dataset/cat/0112.jpg,cat
F:\NTSE\lab01\dataset\cat\0113.jpg,../lab01/dataset/cat/0113.jpg,cat
F:\NTSE\lab01\dataset\cat\0114.jpg,../lab01/dataset/cat/0114.jpg,cat
F:\NTSE\lab01\dataset\cat\0115.jpg,../lab01/dataset/cat/0115.jpg,cat
F:\NTSE\lab01\dataset\cat\0116.jpg,../lab01/dataset/cat/0116.jpg,cat
F:\NTSE\lab01\dataset\cat\0117.jpg,../lab01/dataset/cat/0117.jpg,cat
F:\NTSE\lab01\dataset\cat\0118.jpg,../lab01/dataset/cat/0118.jpg,cat
F:\NTSE\lab01\dataset\cat\0119.jpg,../lab01/dataset/cat/0119.jpg,cat
F:\NTSE\lab01\dataset\cat\0120.jpg,../lab01/dataset/cat/0120.jpg,cat
F:\NTSE\lab01\dataset\cat\0121.jpg,../lab01/dataset/cat/0121.jpg,cat
F:\NTSE\lab01\dataset\cat\0122.jpg,../lab01/dataset/cat/0122.jpg,cat
F:\NTSE\lab01\dataset\cat\0123.jpg,../lab01/dataset/cat/0123.jpg,cat
F:\NTSE\lab01\dataset\cat\0124.jpg,../lab01/dataset/cat/0124.jpg,cat
F:\NTSE\lab01\dataset\cat\0125.jpg,../lab01/dataset/cat/0125.jpg,cat
F:\NTSE\lab01\dataset\cat\0126.jpg,../lab01/dataset/cat/0126.jpg,cat
F:\NTSE\lab01\dataset\cat\0127.jpg,../lab01/dataset/cat/0127.jpg,cat
F:\NTSE\lab01\dataset\cat\0128.jpg,../lab01/dataset/cat/0128.jpg,cat
F:\NTSE\lab01\dataset\cat\0129.jpg,../lab01/dataset/cat/0129.jpg,cat
F:\NTSE\lab01\dataset\cat\0130.jpg,../lab01/dataset/cat/0130.jpg,cat
F:\NTSE\lab01\dataset\cat\0131.jpg,../lab01/dataset/cat/0131.jpg,cat
F:\NTSE\lab01\dataset\cat\0132.jpg,../lab01/dataset/cat/0132.jpg,cat
F:\NTSE\lab01\dataset\cat\0133.jpg,../lab01/dataset/cat/0133.jpg,cat
F:\NTSE\lab01\dataset\cat\0134.jpg,../lab01/dataset/cat/0134.jpg,cat
F:\NTSE\lab01\dataset\cat\0135.jpg,../lab01/dataset/cat/0135.jpg,cat
F:\NTSE\lab01\dataset\cat\0136.jpg,../lab01/dataset/cat/0136.jpg,cat
F:\NTSE\lab01\dataset\cat\0137.jpg,../lab01/dataset/cat/0137.jpg,cat
F:\NTSE\lab01\dataset\cat\0138.jpg,../lab01/dataset/cat/0138.jpg,cat
F:\NTSE\lab01\dataset\cat\0139.jpg,../lab01/dataset/cat/0139.jpg,cat
F:\NTSE\lab01\dataset\cat\0140.jpg,../lab01/dataset/cat/0140.jpg,cat
F:\NTSE\lab01\dataset\cat\0141.jpg,../lab01/dataset/cat/0141.jpg,cat
F:\NTSE\lab01\dataset\cat\0142.jpg,../lab01/dataset/cat/0142.jpg,cat
F:\NTSE\lab01\dataset\cat\0143.jpg,../lab01/dataset/cat/0143.jpg,cat
F:\NTSE\lab01\dataset\cat\0144.jpg,../lab01/dataset/cat/0144.jpg,cat
F:\NTSE\lab01\dataset\cat\0145.jpg,../lab01/dataset/cat/0145.jpg,cat
F:\NTSE\lab01\dataset\cat\0146.jpg,../lab01/dataset/cat/0146.jpg,cat
F:\NTSE\lab01\dataset\cat\0147.jpg,../lab01/dataset/cat/0147.jpg,cat
F:\NTSE\lab01\dataset\cat\0148.jpg,../lab01/dataset/cat/0148.jpg,cat
F:\NTSE\lab01\dataset\cat\0149.jpg,../lab01/dataset/cat/0149.jpg,cat
F:\NTSE\lab01\dataset\cat\0150.jpg,../lab01/dataset/cat/0150.jpg,cat
F:\NTSE\lab01\dataset\cat\0151.jpg,../lab01/dataset/cat/0151.jpg,cat
F:\NTSE\lab01\dataset\cat\0152.jpg,../lab01/dataset/cat/0152.jpg,cat
F:\NTSE\lab01\dataset\cat\0153.jpg,../lab01/dataset/cat/0153.jpg,cat
F:\NTSE\lab01\dataset\cat\0154.jpg,../lab01/dataset/cat/0154.jpg,cat
F:\NTSE\lab01\dataset\cat\0155.jpg,../lab01/dataset/cat/0155.jpg,cat
F:\NTSE\lab01\dataset\cat\0156.jpg,../lab01/dataset/cat/0156.jpg,cat
F:\NTSE\lab01\dataset\cat\0157.jpg,../lab01/dataset/cat/0157.jpg,cat
F:\NTSE\lab01\dataset\cat\0158.jpg,../lab01/dataset/cat/0158.jpg,cat
F:\NTSE\lab01\dataset\cat\0159.jpg,../lab01/dataset/cat/0159.jpg,cat
F:\NTSE\lab01\dataset\cat\0160.jpg,../lab01/dataset/cat/0160.jpg,cat
F:\NTSE\lab01\dataset\cat\0161.jpg,../lab01/dataset/cat/0161.jpg,cat
F:\NTSE\lab01\dataset\cat\0162.jpg,../lab01/dataset/cat/0162.jpg,cat
F:\NTSE\lab01\dataset\cat\0163.jpg,../lab01/dataset/cat/0163.jpg,cat
F:\NTSE\lab01\dataset\cat\0164.jpg,../lab01/dataset/cat/0164.jpg,cat
F:\NTSE\lab01\dataset\cat\0165.jpg,../lab01/dataset/cat/0165.jpg,cat
F:\NTSE\lab01\dataset\cat\0166.jpg,../lab01/dataset/cat/0166.jpg,cat
F:\NTSE\lab01\dataset\cat\0167.jpg,../lab01/dataset/cat/0167.jpg,cat
F:\NTSE\lab01\dataset\cat\0168.jpg,../lab01/dataset/cat/0168.jpg,cat
F:\NTSE\lab01\dataset\cat\0169.jpg,../lab01/dataset/cat/0169.jpg,cat
F:\NTSE\lab01\dataset\cat\0170.jpg,../lab01/dataset/cat/0170.jpg,cat
F:\NTSE\lab01\dataset\cat\0171.jpg,../lab01/dataset/cat/0171.jpg,cat
F:\NTSE\lab01\dataset\cat\0172.jpg,../lab01/dataset/cat/0172.jpg,cat
F:\NTSE\lab01\dataset\cat\0173.jpg,../lab01/dataset/cat/0173.jpg,cat
F:\NTSE\lab01\dataset\cat\0174.jpg,../lab01/dataset/cat/0174.jpg,cat
F:\NTSE\lab01\dataset\cat\0175.jpg,../lab01/dataset/cat/0175.jpg,cat
F:\NTSE\lab01\dataset\cat\0176.jpg,../lab01/dataset/cat/0176.jpg,cat
F:\NTSE\lab01\dataset\cat\0177.jpg,../lab01/dataset/cat/0177.jpg,cat
F:\NTSE\lab01\dataset\cat\0178.jpg,../lab01/dataset/cat/0178.jpg,cat
F:\NTSE\lab01\dataset\cat\0179.jpg,../lab01/dataset/cat/0179.jpg,cat
F:\NTSE\lab01\dataset\cat\0180.jpg,../lab01/dataset/cat/0180.jpg,cat
F:\NTSE\lab01\dataset\cat\0181.jpg,../lab01/dataset/cat/0181.jpg,cat
F:\NTSE\lab01\dataset\cat\0182.jpg,../lab01/dataset/cat/0182.jpg,cat
F:\NTSE\lab01\dataset\cat\0183.jpg,../lab01/dataset/cat/0183.jpg,cat
F:\NTSE\lab01\dataset\cat\0184.jpg,../lab01/dataset/cat/0184.jpg,cat
F:\NTSE\lab01\dataset\cat\0185.jpg,../lab01/dataset/cat/0185.jpg,cat
F:\NTSE\lab01\dataset\cat\0186.jpg,../lab01/dataset/cat/0186.jpg,cat
F:\NTSE\lab01\dataset\cat\0187.jpg,../lab01/dataset/cat/0187.jpg,cat
F:\NTSE\lab01\dataset\cat\0188.jpg,../lab01/dataset/cat/0188.jpg,cat
F:\NTSE\lab01\dataset\cat\0189.jpg,../lab01/dataset/cat/0189.jpg,cat
F:\NTSE\lab01\dataset\cat\0190.jpg,../lab01/dataset/cat/0190.jpg,cat
F:\NTSE\lab01\dataset\cat\0191.jpg,../lab01/dataset/cat/0191.jpg,cat
F:\NTSE\lab01\dataset\cat\0192.jpg,../lab01/dataset/cat/0192.jpg,cat
F:\NTSE\lab01\dataset\cat\0193.jpg,../lab01/dataset/cat/0193.jpg,cat
F:\NTSE\lab01\dataset\cat\0194.jpg,../lab01/dataset/cat/0194.jpg,cat
F:\NTSE\lab01\dataset\cat\0195.jpg,../lab01/dataset/cat/0195.jpg,cat
F:\NTSE\lab01\dataset\cat\0196.jpg,../lab01/dataset/cat/0196.jpg,cat
F:\NTSE\lab01\dataset\cat\0197.jpg,../lab01/dataset/cat/0197.jpg,cat
F:\NTSE\lab01\dataset\cat\0198.jpg,../lab01/dataset/cat/0198.jpg,cat
F:\NTSE\lab01\dataset\cat\0199.jpg,../lab01/dataset/cat/0199.jpg,cat
F:\NTSE\lab01\dataset\cat\0200.jpg,../lab01/dataset/cat/0200.jpg,cat
F:\NTSE\lab01\dataset\cat\0201.jpg,../lab01/dataset/cat/0201.jpg,cat
F:\NTSE\lab01\dataset\cat\0202.jpg,../lab01/dataset/cat/0202.jpg,cat
F:\NTSE\lab01\dataset\cat\0203.jpg,../lab01/dataset/cat/0203.jpg,cat
F:\NTSE\lab01\dataset\cat\0204.jpg,../lab01/dataset/cat/0204.jpg,cat
F:\NTSE\lab01\dataset\cat\0205.jpg,../lab01/dataset/cat/0205.jpg,cat
F:\NTSE\lab01\dataset\cat\0206.jpg,../lab01/dataset/cat/0206.jpg,cat
F:\NTSE\lab01\dataset\cat\0207.jpg,../lab01/dataset/cat/0207.jpg,cat
F:\NTSE\lab01\dataset\cat\0208.jpg,../lab01/dataset/cat/0208.jpg,cat
F:\NTSE\lab01\dataset\cat\0209.jpg,../lab01/dataset/cat/0209.jpg,cat
F:\NTSE\lab01\dataset\cat\0210.jpg,../lab01/dataset/cat/0210.jpg,cat
F:\NTSE\lab01\dataset\cat\0211.jpg,../lab01/dataset/cat/0211.jpg,cat
F:\NTSE\lab01\dataset\cat\0212.jpg,../lab01/dataset/cat/0212.jpg,cat
F:\NTSE\lab01\dataset\cat\0213.jpg,../lab01/dataset/cat/0213.jpg,cat
F:\NTSE\lab01\dataset\cat\0214.jpg,../lab01/dataset/cat/0214.jpg,cat
F:\NTSE\lab01\dataset\cat\0215.jpg,../lab01/dataset/cat/0215.jpg,cat
F:\NTSE\lab01\dataset\cat\0216.jpg,../lab01/dataset/cat/0216.jpg,cat
F:\NTSE\lab01\dataset\cat\0217.jpg,../lab01/dataset/cat/0217.jpg,cat
F:\NTSE\lab01\dataset\cat\0218.jpg,../lab01/dataset/cat/0218.jpg,cat
F:\NTSE\lab01\dataset\cat\0219.jpg,../lab01/dataset/cat/0219.jpg,cat
F:\NTSE\lab01\dataset\cat\0220.jpg,../lab01/dataset/cat/0220.jpg,cat
F:\NTSE\lab01\dataset\cat\0221.jpg,../lab01/dataset/cat/0221.jpg,cat
F:\NTSE\lab01\dataset\cat\0222.jpg,../lab01/dataset/cat/0222.jpg,cat
F:\NTSE\lab01\dataset\cat\0223.jpg,../lab01/dataset/cat/0223.jpg,cat
F:\NTSE\lab01\dataset\cat\0224.jpg,../lab01/dataset/cat/0224.jpg,cat
F:\NTSE\lab01\dataset\cat\0225.jpg,../lab01/dataset/cat/0225.jpg,cat
F:\NTSE\lab01\dataset\cat\0226.jpg,../lab01/dataset/cat/0226.jpg,cat
F:\NTSE\lab01\dataset\cat\0227.jpg,../lab01/dataset/cat/0227.jpg,cat
F:\NTSE\lab01\dataset\cat\0228.jpg,../lab01/dataset/cat/0228.jpg,cat
F:\NTSE\lab01\dataset\cat\0229.jpg,../lab01/dataset/cat/0229.jpg,cat
F:\NTSE\lab01\dataset\cat\0230.jpg,../lab01/dataset/cat/0230.jpg,cat
F:\NTSE\lab01\dataset\cat\0231.jpg,../lab01/dataset/cat/0231.jpg,cat
F:\NTSE\lab01\dataset\cat\0232.jpg,../lab01/dataset/cat/0232.jpg,cat
F:\NTSE\lab01\dataset\cat\0233.jpg,../lab01/dataset/cat/0233.jpg,cat
F:\NTSE\lab01\dataset\cat\0234.jpg,../lab01/dataset/cat/0234.jpg,cat
F:\NTSE\lab01\dataset\cat\0235.jpg,../lab01/dataset/cat/0235.jpg,cat
F:\NTSE\lab01\dataset\cat\0236.jpg,../lab01/dataset/cat/0236.jpg,cat
F:\NTSE\lab01\dataset\cat\0237.jpg,../lab01/dataset/cat/0237.jpg,cat
F:\NTSE\lab01\dataset\cat\0238.jpg,../lab01/dataset/cat/0238.jpg,cat
F:\NTSE\lab01\dataset\cat\0239.jpg,../lab01/dataset/cat/0239.jpg,cat
F:\NTSE\lab01\dataset\cat\0240.jpg,../lab01/dataset/cat/0240.jpg,cat
F:\NTSE\lab01\dataset\cat\0241.jpg,../lab01/dataset/cat/0241.jpg,cat
F:\NTSE\lab01\dataset\cat\0242.jpg,../lab01/dataset/cat/0242.jpg,cat
F:\NTSE\lab01\dataset\cat\0243.jpg,../lab01/dataset/cat/0243.jpg,cat
F:\NTSE\lab01\dataset\cat\0244.jpg,../lab01/dataset/cat/0244.jpg,cat
F:\NTSE\lab01\dataset\cat\0245.jpg,../lab01/dataset/cat/0245.jpg,cat
F:\NTSE\lab01\dataset\cat\0246.jpg,../lab01/dataset/cat/0246.jpg,cat
F:\NTSE\lab01\dataset\cat\0247.jpg,../lab01/dataset/cat/0247.jpg,cat
F:\NTSE\lab01\dataset\cat\0248.jpg,../lab01/dataset/cat/0248.jpg,cat
F:\NTSE\lab01\dataset\cat\0249.jpg,../lab01/dataset/cat/0249.jpg,cat
F:\NTSE\lab01\dataset\cat\0250.jpg,../lab01/dataset/cat/0250.jpg,cat
F:\NTSE\lab01\dataset\cat\0251.jpg,../lab01/dataset/cat/0251.jpg,cat
F:\NTSE\lab01\dataset\cat\0252.jpg,../lab01/dataset/cat/0252.jpg,cat
F:\NTSE\lab01\dataset\cat\0253.jpg,../lab01/dataset/cat/0253.jpg,cat
F:\NTSE\lab01\dataset\cat\0254.jpg,../lab01/dataset/cat/0254.jpg,cat
F:\NTSE\lab01\dataset\cat\0255.jpg,../lab01/dataset/cat/0255.jpg,cat
F:\NTSE\lab01\dataset\cat\0256.jpg,../lab01/dataset/cat/0256.jpg,cat
F:\NTSE\lab01\dataset\cat\0257.jpg,../lab01/dataset/cat/0257.jpg,cat
F:\NTSE\lab01\dataset\cat\0258.jpg,../lab01/dataset/cat/0258.jpg,cat
F:\NTSE\lab01\dataset\cat\0259.jpg,../lab01/dataset/cat/0259.jpg,cat
F:\NTSE\lab01\dataset\cat\0260.jpg,../lab01/dataset/cat/0260.jpg,cat
F:\NTSE\lab01\dataset\cat\0261.jpg,../lab01/dataset/cat/0261.jpg,cat
F:\NTSE\lab01\dataset\cat\0262.jpg,../lab01/dataset/cat/0262.jpg,cat
F:\NTSE\lab01\dataset\cat\0263.jpg,../lab01/dataset/cat/0263.jpg,cat
F:\NTSE\lab01\dataset\cat\0264.jpg,../lab01/dataset/cat/0264.jpg,cat
F:\NTSE\lab01\dataset\cat\0265.jpg,../lab01/dataset/cat/0265.jpg,cat
F:\NTSE\lab01\dataset\cat\0266.jpg,../lab01/dataset/cat/0266.jpg,cat
F:\NTSE\lab01\dataset\cat\0267.jpg,../lab01/dataset/cat/0267.jpg,cat
F:\NTSE\lab01\dataset\cat\0268.jpg,../lab01/dataset/cat/0268.jpg,cat
F:\NTSE\lab01\dataset\cat\0269.jpg,../lab01/dataset/cat/0269.jpg,cat
F:\NTSE\lab01\dataset\cat\0270.jpg,../lab01/dataset/cat/0270.jpg,cat
F:\NTSE\lab01\dataset\cat\0271.jpg,../lab01/dataset/cat/0271.jpg,cat
F:\NTSE\lab01\dataset\cat\0272.jpg,../lab01/dataset/cat/0272.jpg,cat
F:\NTSE\lab01\dataset\cat\0273.jpg,../lab01/dataset/cat/0273.jpg,cat
F:\NTSE\lab01\dataset\cat\0274.jpg,../lab01/dataset/cat/0274.jpg,cat
F:\NTSE\lab01\dataset\cat\0275.jpg,../lab01/dataset/cat/0275.jpg,cat
F:\NTSE\lab01\dataset\cat\0276.jpg,../lab01/dataset/cat/0276.jpg,cat
F:\NTSE\lab01\dataset\cat\0277.jpg,../lab01/dataset/cat/0277.jpg,cat
F:\NTSE\lab01\dataset\cat\0278.jpg,../lab01/dataset/cat/0278.jpg,cat
F:\NTSE\lab01\dataset\cat\0279.jpg,../lab01/dataset/cat/0279.jpg,cat
F:\NTSE\lab01\dataset\cat\0280.jpg,../lab01/dataset/cat/0280.jpg,cat
F:\NTSE\lab01\dataset\cat\0281.jpg,../lab01/dataset/cat/0281.jpg,cat
F:\NTSE\lab01\dataset\cat\0282.jpg,../lab01/dataset/cat/0282.jpg,cat
F:\NTSE\lab01\dataset\cat\0283.jpg,../lab01/dataset/cat/0283.jpg,cat
F:\NTSE\lab01\dataset\cat\0284.jpg,../lab01/dataset/cat/0284.jpg,cat
F:\NTSE\lab01\dataset\cat\0285.jpg,../lab01/dataset/cat/0285.jpg,cat
F:\NTSE\lab01\dataset\cat\0286.jpg,../lab01/dataset/cat/0286.jpg,cat
F:\NTSE\lab01\dataset\cat\0287.jpg,../lab01/dataset/cat/0287.jpg,cat
F:\NTSE\lab01\dataset\cat\0288.jpg,../lab01/dataset/cat/0288.jpg,cat
F:\NTSE\lab01\dataset\cat\0289.jpg,../lab01/dataset/cat/0289.jpg,cat
F:\NTSE\lab01\dataset\cat\0290.jpg,../lab01/dataset/cat/0290.jpg,cat
F:\NTSE\lab01\dataset\cat\0291.jpg,../lab01/dataset/cat/0291.jpg,cat
F:\NTSE\lab01\dataset\cat\0292.jpg,../lab01/dataset/cat/0292.jpg,cat
F:\NTSE\lab01\dataset\cat\0293.jpg,../lab01/dataset/cat/0293.jpg,cat
F:\NTSE\lab01\dataset\cat\0294.jpg,../lab01/dataset/cat/0294.jpg,cat
F:\NTSE\lab01\dataset\cat\0295.jpg,../lab01/dataset/cat/0295.jpg,cat
F:\NTSE\lab01\dataset\cat\0296.jpg,../lab01/dataset/cat/0296.jpg,cat
F:\NTSE\lab01\dataset\cat\0297.jpg,../lab01/dataset/cat/0297.jpg,cat
F:\NTSE\lab01\dataset\cat\0298.jpg,../lab01/dataset/cat/0298.jpg,cat
F:\NTSE\lab01\dataset\cat\0299.jpg,../lab01/dataset/cat/0299.jpg,cat
F:\NTSE\lab01\dataset\cat\0300.jpg,../lab01/dataset/cat/0300.jpg,cat
F:\NTSE\lab01\dataset\cat\0301.jpg,../lab01/dataset/cat/0301.jpg,cat
F:\NTSE\lab01\dataset\cat\0302.jpg,../lab01/dataset/cat/0302.jpg,cat
F:\NTSE\lab01\dataset\cat\0303.jpg,../lab01/dataset/cat/0303.jpg,cat
F:\NTSE\lab01\dataset\cat\0304.jpg,../lab01/dataset/cat/0304.jpg,cat
F:\NTSE\lab01\dataset\cat\0305.jpg,../lab01/dataset/cat/0305.jpg,cat
F:\NTSE\lab01\dataset\cat\0306.jpg,../lab01/dataset/cat/0306.jpg,cat
F:\NTSE\lab01\dataset\cat\0307.jpg,../lab01/dataset/cat/0307.jpg,cat
F:\NTSE\lab01\dataset\cat\0308.jpg,../lab01/dataset/cat/0308.jpg,cat
F:\NTSE\lab01\dataset\cat\0309.jpg,../lab01/dataset/cat/0309.jpg,cat
F:\NTSE\lab01\dataset\cat\0310.jpg,../lab01/dataset/cat/0310.jpg,cat
F:\NTSE\lab01\dataset\cat\0311.jpg,../lab01/dataset/cat/0311.jpg,cat
F:\NTSE\lab01\dataset\cat\0312.jpg,../lab01/dataset/cat/0312.jpg,cat
F:\NTSE\lab01\dataset\cat\0313.jpg,../lab01/dataset/cat/0313.jpg,cat
F:\NTSE\lab01\dataset\cat\0314.jpg,../lab01/dataset/cat/0314.jpg,cat
F:\NTSE\lab01\dataset\cat\0315.jpg,../lab01/dataset/cat/0315.jpg,cat
F:\NTSE\lab01\dataset\cat\0316.jpg,../lab01/dataset/cat/0316.jpg,cat
F:\NTSE\lab01\dataset\cat\0317.jpg,../lab01/dataset/cat/0317.jpg,cat
F:\NTSE\lab01\dataset\cat\0318.jpg,../lab01/dataset/cat/0318.jpg,cat
F:\NTSE\lab01\dataset\cat\0319.jpg,../lab01/dataset/cat/0319.jpg,cat
F:\NTSE\lab01\dataset\cat\0320.jpg,../lab01/dataset/cat/0320.jpg,cat
F:\NTSE\lab01\dataset\cat\0321.jpg,../lab01/dataset/cat/0321.jpg,cat
F:\NTSE\lab01\dataset\cat\0322.jpg,../lab01/dataset/cat/0322.jpg,cat
F:\NTSE\lab01\dataset\cat\0323.jpg,../lab01/dataset/cat/0323.jpg,cat
F:\NTSE\lab01\dataset\cat\0324.jpg,../lab01/dataset/cat/0324.jpg,cat
F:\NTSE\lab01\dataset\cat\0325.jpg,../lab01/dataset/cat/0325.jpg,cat
F:\NTSE\lab01\dataset\cat\0326.jpg,../lab01/dataset/cat/0326.jpg,cat
F:\NTSE\lab01\dataset\cat\0327.jpg,../lab01/dataset/cat/0327.jpg,cat
F:\NTSE\lab01\dataset\cat\0328.jpg,../lab01/dataset/cat/0328.jpg,cat
F:\NTSE\lab01\dataset\cat\0329.jpg,../lab01/dataset/cat/0329.jpg,cat
F:\NTSE\lab01\dataset\cat\0330.jpg,../lab01/dataset/cat/0330.jpg,cat
F:\NTSE\lab01\dataset\cat\0331.jpg,../lab01/dataset/cat/0331.jpg,cat
F:\NTSE\lab01\dataset\cat\0332.jpg,../lab01/dataset/cat/0332.jpg,cat
F:\NTSE\lab01\dataset\cat\0333.jpg,../lab01/dataset/cat/0333.jpg,cat
F:\NTSE\lab01\dataset\cat\0334.jpg,../lab01/dataset/cat/0334.jpg,cat
F:\NTSE\lab01\dataset\cat\0335.jpg,../lab01/dataset/cat/0335.jpg,cat
F:\NTSE\lab01\dataset\cat\0336.jpg,../lab01/dataset/cat/0336.jpg,cat
F:\NTSE\lab01\dataset\cat\0337.jpg,../lab01/dataset/cat/0337.jpg,cat
F:\NTSE\lab01\dataset\cat\0338.jpg,../lab01/dataset/cat/0338.jpg,cat
F:\NTSE\lab01\dataset\cat\0339.jpg,../lab01/dataset/cat/0339.jpg,cat
F:\NTSE\lab01\dataset\cat\0340.jpg,../lab01/dataset/cat/0340.jpg,cat
F:\NTSE\lab01\dataset\cat\0341.jpg,../lab01/dataset/cat/0341.jpg,cat
F:\NTSE\lab01\dataset\cat\0342.jpg,../lab01/dataset/cat/0342.jpg,cat
F:\NTSE\lab01\dataset\cat\0343.jpg,../lab01/dataset/cat/0343.jpg,cat
F:\NTSE\lab01\dataset\cat\0344.jpg,../lab01/dataset/cat/0344.jpg,cat
F:\NTSE\lab01\dataset\cat\0345.jpg,../lab01/dataset/cat/0345.jpg,cat
F:\NTSE\lab01\dataset\cat\0346.jpg,../lab01/dataset/cat/0346.jpg,cat
F:\NTSE\lab01\dataset\cat\0347.jpg,../lab01/dataset/cat/0347.jpg,cat
F:\NTSE\lab01\dataset\cat\0348.jpg,../lab01/dataset/cat/0348.jpg,cat
F:\NTSE\lab01\dataset\cat\0349.jpg,../lab01/dataset/cat/0349.jpg,cat
F:\NTSE\lab01\dataset\cat\0350.jpg,../lab01/dataset/cat/0350.jpg,cat
F:\NTSE\lab01\dataset\cat\0351.jpg,../lab01/dataset/cat/0351.jpg,cat
F:\NTSE\lab01\dataset\cat\0352.jpg,../lab01/dataset/cat/0352.jpg,cat
F:\NTSE\lab01\dataset\cat\0353.jpg,../lab01/dataset/cat/0353.jpg,cat
F:\NTSE\lab01\dataset\cat\0354.jpg,../lab01/dataset/cat/0354.jpg,cat
F:\NTSE\lab01\dataset\cat\0355.jpg,../lab01/dataset/cat/0355.jpg,cat
F:\NTSE\lab01\dataset\cat\0356.jpg,../lab01/dataset/cat/0356.jpg,cat
F:\NTSE\lab01\dataset\cat\0357.jpg,../lab01/dataset/cat/0357.jpg,cat
F:\NTSE\lab01\dataset\cat\0358.jpg,../lab01/dataset/cat/0358.jpg,cat
F:\NTSE\lab01\dataset\cat\0359.jpg,../lab01/dataset/cat/0359.jpg,cat
F:\NTSE\lab01\dataset\cat\0360.jpg,../lab01/dataset/cat/0360.jpg,cat
F:\NTSE\lab01\dataset\cat\0361.jpg,../lab01/dataset/cat/0361.jpg,cat
F:\NTSE\lab01\dataset\cat\0362.jpg,../lab01/dataset/cat/0362.jpg,cat
F:\NTSE\lab01\dataset\cat\0363.jpg,../lab01/dataset/cat/0363.jpg,cat
F:\NTSE\lab01\dataset\cat\0364.jpg,../lab01/dataset/cat/0364.jpg,cat
F:\NTSE\lab01\dataset\cat\0365.jpg,../lab01/dataset/cat/0365.jpg,cat
F:\NTSE\lab01\dataset\cat\0366.jpg,../lab01/dataset/cat/0366.jpg,cat
F:\NTSE\lab01\dataset\cat\0367.jpg,../lab01/dataset/cat/0367.jpg,cat
F:\NTSE\lab01\dataset\cat\0368.jpg,../lab01/dataset/cat/0368.jpg,cat
F:\NTSE\lab01\dataset\cat\0369.jpg,../lab01/dataset/cat/0369.jpg,cat
F:\NTSE\lab01\dataset\cat\0370.jpg,../lab01/dataset/cat/0370.jpg,cat
F:\NTSE\lab01\dataset\cat\0371.jpg,../lab01/dataset/cat/0371.jpg,cat
F:\NTSE\lab01\dataset\cat\0372.jpg,../lab01/dataset/cat/0372.jpg,cat
F:\NTSE\lab01\dataset\cat\0373.jpg,../lab01/dataset/cat/0373.jpg,cat
F:\NTSE\lab01\dataset\cat\0374.jpg,../lab01/dataset/cat/0374.jpg,cat
F:\NTSE\lab01\dataset\cat\0375.jpg,../lab01/dataset/cat/0375.jpg,cat
F:\NTSE\lab01\dataset\cat\0376.jpg,../lab01/dataset/cat/0376.jpg,cat
F:\NTSE\lab01\dataset\cat\0377.jpg,../lab01/dataset/cat/0377.jpg,cat
F:\NTSE\lab01\dataset\cat\0378.jpg,../lab01/dataset/cat/0378.jpg,cat
F:\NTSE\lab01\dataset\cat\0379.jpg,../lab01/dataset/cat/0379.jpg,cat
F:\NTSE\lab01\dataset\cat\0380.jpg,../lab01/dataset/cat/0380.jpg,cat
F:\NTSE\lab01\dataset\cat\0381.jpg,../lab01/dataset/cat/0381.jpg,cat
F:\NTSE\lab01\dataset\cat\0382.jpg,../lab01/dataset/cat/0382.jpg,cat
F:\NTSE\lab01\dataset\cat\0383.jpg,../lab01/dataset/cat/0383.jpg,cat
F:\NTSE\lab01\dataset\cat\0384.jpg,../lab01/dataset/cat/0384.jpg,cat
F:\NTSE\lab01\dataset\cat\0385.jpg,../lab01/dataset/cat/0385.jpg,cat
F:\NTSE\lab01\dataset\cat\0386.jpg,../lab01/dataset/cat/0386.jpg,cat
F:\NTSE\lab01\dataset\cat\0387.jpg,../lab01/dataset/cat/0387.jpg,cat
F:\NTSE\lab01\dataset\cat\0388.jpg,../lab01/dataset/cat/0388.jpg,cat
F:\NTSE\lab01\dataset\cat\0389.jpg,../lab01/dataset/cat/0389.jpg,cat
F:\NTSE\lab01\dataset\cat\0390.jpg,../lab01/dataset/cat/0390.jpg,cat
F:\NTSE\lab01\dataset\cat\0391.jpg,../lab01/dataset/cat/0391.jpg,cat
F:\NTSE\lab01\dataset\cat\0392.jpg,../lab01/dataset/cat/0392.jpg,cat
F:\NTSE\lab01\dataset\cat\0393.jpg,../lab01/dataset/cat/0393.jpg,cat
F:\NTSE\lab01\dataset\cat\0394.jpg,../lab01/dataset/cat/0394.jpg,cat
F:\NTSE\lab01\dataset\cat\0395.jpg,../lab01/dataset/cat/0395.jpg,cat
F:\NTSE\lab01\dataset\cat\0396.jpg,../lab01/dataset/cat/0396.jpg,cat
F:\NTSE\lab01\dataset\cat\0397.jpg,../lab01/dataset/cat/0397.jpg,cat
F:\NTSE\lab01\dataset\cat\0398.jpg,../lab01/dataset/cat/0398.jpg,cat
F:\NTSE\lab01\dataset\cat\0399.jpg,../lab01/dataset/cat/0399.jpg,cat
F:\NTSE\lab01\dataset\cat\0400.jpg,../lab01/dataset/cat/0400.jpg,cat
F:\NTSE\lab01\dataset\cat\0401.jpg,../lab01/dataset/cat/0401.jpg,cat
F:\NTSE\lab01\dataset\cat\0402.jpg,../lab01/dataset/cat/0402.jpg,cat
F:\NTSE\lab01\dataset\cat\0403.jpg,../lab01/dataset/cat/0403.jpg,cat
F:\NTSE\lab01\dataset\cat\0404.jpg,../lab01/dataset/cat/0404.jpg,cat
F:\NTSE\lab01\dataset\cat\0405.jpg,../lab01/dataset/cat/0405.jpg,cat
F:\NTSE\lab01\dataset\cat\0406.jpg,../lab01/dataset/cat/0406.jpg,cat
F:\NTSE\lab01\dataset\cat\0407.jpg,../lab01/dataset/cat/0407.jpg,cat
F:\NTSE\lab01\dataset\cat\0408.jpg,../lab01/dataset/cat/0408.jpg,cat
F:\NTSE\lab01\dataset\cat\0409.jpg,../lab01/dataset/cat/0409.jpg,cat
F:\NTSE\lab01\dataset\cat\0410.jpg,../lab01/dataset/cat/0410.jpg,cat
F:\NTSE\lab01\dataset\cat\0411.jpg,../lab01/dataset/cat/0411.jpg,cat
F:\NTSE\lab01\dataset\cat\0412.jpg,../lab01/dataset/cat/0412.jpg,cat
F:\NTSE\lab01\dataset\cat\0413.jpg,../lab01/dataset/cat/0413.jpg,cat
F:\NTSE\lab01\dataset\cat\0414.jpg,../lab01/dataset/cat/0414.jpg,cat
F:\NTSE\lab01\dataset\cat\0415.jpg,../lab01/dataset/cat/0415.jpg,cat
F:\NTSE\lab01\dataset\cat\0416.jpg,../lab01/dataset/cat/0416.jpg,cat
F:\NTSE\lab01\dataset\cat\0417.jpg,../lab01/dataset/cat/0417.jpg,cat
F:\NTSE\lab01\dataset\cat\0418.jpg,../lab01/dataset/cat/0418.jpg,cat
F:\NTSE\lab01\dataset\cat\0419.jpg,../lab01/dataset/cat/0419.jpg,cat
F:\NTSE\lab01\dataset\cat\0420.jpg,../lab01/dataset/cat/0420.jpg,cat
F:\NTSE\lab01\dataset\cat\0421.jpg,../lab01/dataset/cat/0421.jpg,cat
F:\NTSE\lab01\dataset\cat\0422.jpg,../lab01/dataset/cat/0422.jpg,cat
F:\NTSE\lab01\dataset\cat\0423.jpg,../lab01/dataset/cat/0423.jpg,cat
F:\NTSE\lab01\dataset\cat\0424.jpg,../lab01/dataset/cat/0424.jpg,cat
F:\NTSE\lab01\dataset\cat\0425.jpg,../lab01/dataset/cat/0425.jpg,cat
F:\NTSE\lab01\dataset\cat\0426.jpg,../lab01/dataset/cat/0426.jpg,cat
F:\NTSE\lab01\dataset\cat\0427.jpg,../lab01/dataset/cat/0427.jpg,cat
F:\NTSE\lab01\dataset\cat\0428.jpg,../lab01/dataset/cat/0428.jpg,cat
F:\NTSE\lab01\dataset\cat\0429.jpg,../lab01/dataset/cat/0429.jpg,cat
F:\NTSE\lab01\dataset\cat\0430.jpg,../lab01/dataset/cat/0430.jpg,cat
F:\NTSE\lab01\dataset\cat\0431.jpg,../lab01/dataset/cat/0431.jpg,cat
F:\NTSE\lab01\dataset\cat\0432.jpg,../lab01/dataset/cat/0432.jpg,cat
F:\NTSE\lab01\dataset\cat\0433.jpg,../lab01/dataset/cat/0433.jpg,cat
F:\NTSE\lab01\dataset\cat\0434.jpg,../lab01/dataset/cat/0434.jpg,cat
F:\NTSE\lab01\dataset\cat\0435.jpg,../lab01/dataset/cat/0435.jpg,cat
F:\NTSE\lab01\dataset\cat\0436.jpg,../lab01/dataset/cat/0436.jpg,cat
F:\NTSE\lab01\dataset\cat\0437.jpg,../lab01/dataset/cat/0437.jpg,cat
F:\NTSE\lab01\dataset\cat\0438.jpg,../lab01/dataset/cat/0438.jpg,cat
F:\NTSE\lab01\dataset\cat\0439.jpg,../lab01/dataset/cat/0439.jpg,cat
F:\NTSE\lab01\dataset\cat\0440.jpg,../lab01/dataset/cat/0440.jpg,cat
F:\NTSE\lab01\dataset\cat\0441.jpg,../lab01/dataset/cat/0441.jpg,cat
F:\NTSE\lab01\dataset\cat\0442.jpg,../lab01/dataset/cat/0442.jpg,cat
F:\NTSE\lab01\dataset\cat\0443.jpg,../lab01/dataset/cat/0443.jpg,cat
F:\NTSE\lab01\dataset\cat\0444.jpg,../lab01/dataset/cat/0444.jpg,cat
F:\NTSE\lab01\dataset\cat\0445.jpg,../lab01/dataset/cat/0445.jpg,cat
F:\NTSE\lab01\dataset\cat\0446.jpg,../lab01/dataset/cat/0446.jpg,cat
F:\NTSE\lab01\dataset\cat\0447.jpg,../lab01/dataset/cat/0447.jpg,cat
F:\NTSE\lab01\dataset\cat\0448.jpg,../lab01/dataset/cat/0448.jpg,cat
F:\NTSE\lab01\dataset\cat\0449.jpg,../lab01/dataset/cat/0449.jpg,cat
F:\NTSE\lab01\dataset\cat\0450.jpg,../lab01/dataset/cat/0450.jpg,cat
F:\NTSE\lab01\dataset\cat\0451.jpg,../lab01/dataset/cat/0451.jpg,cat
F:\NTSE\lab01\dataset\cat\0452.jpg,../lab01/dataset/cat/0452.jpg,cat
F:\NTSE\lab01\dataset\cat\0453.jpg,../lab01/dataset/cat/0453.jpg,cat
F:\NTSE\lab01\dataset\cat\0454.jpg,../lab01/dataset/cat/0454.jpg,cat
F:\NTSE\lab01\dataset\cat\0455.jpg,../lab01/dataset/cat/0455.jpg,cat
F:\NTSE\lab01\dataset\cat\0456.jpg,../lab01/dataset/cat/0456.jpg,cat
F:\NTSE\lab01\dataset\cat\0457.jpg,../lab01/dataset/cat/0457.jpg,cat
F:\NTSE\lab01\dataset\cat\0458.jpg,../lab01/dataset/cat/0458.jpg,cat
F:\NTSE\lab01\dataset\cat\0459.jpg,../lab01/dataset/cat/0459.jpg,cat
F:\NTSE\lab01\dataset\cat\0460.jpg,../lab01/dataset/cat/0460.jpg,cat
F:\NTSE\lab01\dataset\cat\0461.jpg,../lab01/dataset/cat/0461.jpg,cat
F:\NTSE\lab01\dataset\cat\0462.jpg,../lab01/dataset/cat/0462.jpg,cat
F:\NTSE\lab01\dataset\cat\0463.jpg,../lab01/dataset/cat/0463.jpg,cat
F:\NTSE\lab01\dataset\cat\0464.jpg,../lab01/dataset/cat/0464.jpg,cat
F:\NTSE\lab01\dataset\cat\0465.jpg,../lab01/dataset/cat/0465.jpg,cat
F:\NTSE\lab01\dataset\cat\0466.jpg,../lab01/dataset/cat/0466.jpg,cat
F:\NTSE\lab01\dataset\cat\0467.jpg,../lab01/dataset/cat/0467.jpg,cat
F:\NTSE\lab01\dataset\cat\0468.jpg,../lab01/dataset/cat/0468.jpg,cat
F:\NTSE\lab01\dataset\cat\0469.jpg,../lab01/dataset/cat/0469.jpg,cat
F:\NTSE\lab01\dataset\cat\0470.jpg,../lab01/dataset/cat/0470.jpg,cat
F:\NTSE\lab01\dataset\cat\0471.jpg,../lab01/dataset/cat/0471.jpg,cat
F:\NTSE\lab01\dataset\cat\0472.jpg,../lab01/dataset/cat/0472.jpg,cat
F:\NTSE\lab01\dataset\cat\0473.jpg,../lab01/dataset/cat/0473.jpg,cat
F:\NTSE\lab01\dataset\cat\0474.jpg,../lab01/dataset/cat/0474.jpg,cat
F:\NTSE\lab01\dataset\cat\0475.jpg,../lab01/dataset/cat/0475.jpg,cat
F:\NTSE\lab01\dataset\cat\0476.jpg,../lab01/dataset/cat/0476.jpg,cat
F:\NTSE\lab01\dataset\cat\0477.jpg,../lab01/dataset/cat/0477.jpg,cat
F:\NTSE\lab01\dataset\cat\0478.jpg,../lab01/dataset/cat/0478.jpg,cat
F:\NTSE\lab01\dataset\cat\0479.jpg,../lab01/dataset/cat/0479.jpg,cat
F:\NTSE\lab01\dataset\cat\0480.jpg,../lab01/dataset/cat/0480.jpg,cat
F:\NTSE\lab01\dataset\cat\0481.jpg,../lab01/dataset/cat/0481.jpg,cat
F:\NTSE\lab01\dataset\cat\0482.jpg,../lab01/dataset/cat/0482.jpg,cat
F:\NTSE\lab01\dataset\cat\0483.jpg,../lab01/dataset/cat/0483.jpg,cat
F:\NTSE\lab01\dataset\cat\0484.jpg,../lab01/dataset/cat/0484.jpg,cat
F:\NTSE\lab01\dataset\cat\0485.jpg,../lab01/dataset/cat/0485.jpg,cat
F:\NTSE\lab01\dataset\cat\0486.jpg,../lab01/dataset/cat/0486.jpg,cat
F:\NTSE\lab01\dataset\cat\0487.jpg,../lab01/dataset/cat/0487.jpg,cat
F:\NTSE\lab01\dataset\cat\0488.jpg,../lab01/dataset/cat/0488.jpg,cat
F:\NTSE\lab01\dataset\cat\0489.jpg,../lab01/dataset/cat/0489.jpg,cat
F:\NTSE\lab01\dataset\cat\0490.jpg,../lab01/dataset/cat/0490.jpg,cat
F:\NTSE\lab01\dataset\cat\0491.jpg,../lab01/dataset/cat/0491.jpg,cat
F:\NTSE\lab01\dataset\cat\0492.jpg,../lab01/dataset/cat/0492.jpg,cat
F:\NTSE\lab01\dataset\cat\0493.jpg,../lab01/dataset/cat/0493.jpg,cat
F:\NTSE\lab01\dataset\cat\0494.jpg,../lab01/dataset/cat/0494.jpg,cat
F:\NTSE\lab01\dataset\cat\0495.jpg,../lab01/dataset/cat/0495.jpg,cat
F:\NTSE\lab01\dataset\cat\0496.jpg,../lab01/dataset/cat/0496.jpg,cat
F:\NTSE\lab01\dataset\cat\0497.jpg,../lab01/dataset/cat/0497.jpg,cat
F:\NTSE\lab01\dataset\cat\0498.jpg,../lab01/dataset/cat/0498.jpg,cat
F:\NTSE\lab01\dataset\cat\0499.jpg,../lab01/dataset/cat/0499.jpg,cat
F:\NTSE\lab01\dataset\cat\0500.jpg,../lab01/dataset/cat/0500.jpg,cat
F:\NTSE\lab01\dataset\cat\0501.jpg,../lab01/dataset/cat/0501.jpg,cat
F:\NTSE\lab01\dataset\cat\0502.jpg,../lab01/dataset/cat/0502.jpg,cat
F:\NTSE\lab01\dataset\cat\0503.jpg,../lab01/dataset/cat/0503.jpg,cat
F:\NTSE\lab01\dataset\cat\0504.jpg,../lab01/dataset/cat/0504.jpg,cat
F:\NTSE\lab01\dataset\cat\0505.jpg,../lab01/dataset/cat/0505.jpg,cat
F:\NTSE\lab01\dataset\cat\0506.jpg,../lab01/dataset/cat/0506.jpg,cat
F:\NTSE\lab01\dataset\cat\0507.jpg,../lab01/dataset/cat/0507.jpg,cat
F:\NTSE\lab01\dataset\cat\0508.jpg,../lab01/dataset/cat/0508.jpg,cat
F:\NTSE\lab01\dataset\cat\0509.jpg,../lab01/dataset/cat/0509.jpg,cat
F:\NTSE\lab01\dataset\cat\0510.jpg,../lab01/dataset/cat/0510.jpg,cat
F:\NTSE\lab01\dataset\cat\0511.jpg,../lab01/dataset/cat/0511.jpg,cat
F:\NTSE\lab01\dataset\cat\0512.jpg,../lab01/dataset/cat/0512.jpg,cat
F:\NTSE\lab01\dataset\cat\0513.jpg,../lab01/dataset/cat/0513.jpg,cat
F:\NTSE\lab01\dataset\cat\0514.jpg,../lab01/dataset/cat/0514.jpg,cat
F:\NTSE\lab01\dataset\cat\0515.jpg,../lab01/dataset/cat/0515.jpg,cat
F:\NTSE\lab01\dataset\cat\0516.jpg,../lab01/dataset/cat/0516.jpg,cat
F:\NTSE\lab01\dataset\cat\0517.jpg,../lab01/dataset/cat/0517.jpg,cat
F:\NTSE\lab01\dataset\cat\0518.jpg,../lab01/dataset/cat/0518.jpg,cat
F:\NTSE\lab01\dataset\cat\0519.jpg,../lab01/dataset/cat/0519.jpg,cat
F:\NTSE\lab01\dataset\cat\0520.jpg,../lab01/dataset/cat/0520.jpg,cat
F:\NTSE\lab01\dataset\cat\0521.jpg,../lab01/dataset/cat/0521.jpg,cat
F:\NTSE\lab01\dataset\cat\0522.jpg,../lab01/dataset/cat/0522.jpg,cat
F:\NTSE\lab01\dataset\cat\0523.jpg,../lab01/dataset/cat/0523.jpg,cat
F:\NTSE\lab01\dataset\cat\0524.jpg,../lab01/dataset/cat/0524.jpg,cat
F:\NTSE\lab01\dataset\cat\0525.jpg,../lab01/dataset/cat/0525.jpg,cat
F:\NTSE\lab01\dataset\cat\0526.jpg,../lab01/dataset/cat/0526.jpg,cat
F:\NTSE\lab01\dataset\cat\0527.jpg,../lab01/dataset/cat/0527.jpg,cat
F:\NTSE\lab01\dataset\cat\0528.jpg,../lab01/dataset/cat/0528.jpg,cat
F:\NTSE\lab01\dataset\cat\0529.jpg,../lab01/dataset/cat/0529.jpg,cat
F:\NTSE\lab01\dataset\cat\0530.jpg,../lab01/dataset/cat/0530.jpg,cat
F:\NTSE\lab01\dataset\cat\0531.jpg,../lab01/dataset/cat/0531.jpg,cat
F:\NTSE\lab01\dataset\cat\0532.jpg,../lab01/dataset/cat/0532.jpg,cat
F:\NTSE\lab01\dataset\cat\0533.jpg,../lab01/dataset/cat/0533.jpg,cat
F:\NTSE\lab01\dataset\cat\0534.jpg,../lab01/dataset/cat/0534.jpg,cat
F:\NTSE\lab01\dataset\cat\0535.jpg,../lab01/dataset/cat/0535.jpg,cat
F:\NTSE\lab01\dataset\cat\0536.jpg,../lab01/dataset/cat/0536.jpg,cat
F:\NTSE\lab01\dataset\cat\0537.jpg,../lab01/dataset/cat/0537.jpg,cat
F:\NTSE\lab01\dataset\cat\0538.jpg,../lab01/dataset/cat/0538.jpg,cat
F:\NTSE\lab01\dataset\cat\0539.jpg,../lab01/dataset/cat/0539.jpg,cat
F:\NTSE\lab01\dataset\cat\0540.jpg,../lab01/dataset/cat/0540.jpg,cat
F:\NTSE\lab01\dataset\cat\0541.jpg,../lab01/dataset/cat/0541.jpg,cat
F:\NTSE\lab01\dataset\cat\0542.jpg,../lab01/dataset/cat/0542.jpg,cat
F:\NTSE\lab01\dataset\cat\0543.jpg,../lab01/dataset/cat/0543.jpg,cat
F:\NTSE\lab01\dataset\cat\0544.jpg,../lab01/dataset/cat/0544.jpg,cat
F:\NTSE\lab01\dataset\cat\0545.jpg,../lab01/dataset/cat/0545.jpg,cat
F:\NTSE\lab01\dataset\cat\0546.jpg,../lab01/dataset/cat/0546.jpg,cat
F:\NTSE\lab01\dataset\cat\0547.jpg,../lab01/dataset/cat/0547.jpg,cat
F:\NTSE\lab01\dataset\cat\0548.jpg,../lab01/dataset/cat/0548.jpg,cat
F:\NTSE\lab01\dataset\cat\0549.jpg,../lab01/dataset/cat/0549.jpg,cat
F:\NTSE\lab01\dataset\cat\0550.jpg,../lab01/dataset/cat/0550.jpg,cat
F:\NTSE\lab01\dataset\cat\0551.jpg,../lab01/dataset/cat/0551.jpg,cat
F:\NTSE\lab01\dataset\cat\0552.jpg,../lab01/dataset/cat/0552.jpg,cat
F:\NTSE\lab01\dataset\cat\0553.jpg,../lab01/dataset/cat/0553.jpg,cat
F:\NTSE\lab01\dataset\cat\0554.jpg,../lab01/dataset/cat/0554.jpg,cat
F:\NTSE\lab01\dataset\cat\0555.jpg,../lab01/dataset/cat/0555.jpg,cat
F:\NTSE\lab01\dataset\cat\0556.jpg,../lab01/dataset/cat/0556.jpg,cat
F:\NTSE\lab01\dataset\cat\0557.jpg,../lab01/dataset/cat/0557.jpg,cat
F:\NTSE\lab01\dataset\cat\0558.jpg,../lab01/dataset/cat/0558.jpg,cat
F:\NTSE\lab01\dataset\cat\0559.jpg,../lab01/dataset/cat/0559.jpg,cat
F:\NTSE\lab01\dataset\cat\0560.jpg,../lab01/dataset/cat/0560.jpg,cat
F:\NTSE\lab01\dataset\cat\0561.jpg,../lab01/dataset/cat/0561.jpg,cat
F:\NTSE\lab01\dataset\cat\0562.jpg,../lab01/dataset/cat/0562.jpg,cat
F:\NTSE\lab01\dataset\cat\0563.jpg,../lab01/dataset/cat/0563.jpg,cat
F:\NTSE\lab01\dataset\cat\0564.jpg,../lab01/dataset/cat/0564.jpg,cat
F:\NTSE\lab01\dataset\cat\0565.jpg,../lab01/dataset/cat/0565.jpg,cat
F:\NTSE\lab01\dataset\cat\0566.jpg,../lab01/dataset/cat/0566.jpg,cat
F:\NTSE\lab01\dataset\cat\0567.jpg,../lab01/dataset/cat/0567.jpg,cat
F:\NTSE\lab01\dataset\cat\0568.jpg,../lab01/dataset/cat/0568.jpg,cat
F:\NTSE\lab01\dataset\cat\0569.jpg,../lab01/dataset/cat/0569.jpg,cat
F:\NTSE\lab01\dataset\cat\0570.jpg,../lab01/dataset/cat/0570.jpg,cat
F:\NTSE\lab01\dataset\cat\0571.jpg,../lab01/dataset/cat/0571.jpg,cat
F:\NTSE\lab01\dataset\cat\0572.jpg,../lab01/dataset/cat/0572.jpg,cat
F:\NTSE\lab01\dataset\cat\0573.jpg,../lab01/dataset/cat/0573.jpg,cat
F:\NTSE\lab01\dataset\cat\0574.jpg,../lab01/dataset/cat/0574.jpg,cat
F:\NTSE\lab01\dataset\cat\0575.jpg,../lab01/dataset/cat/0575.jpg,cat
F:\NTSE\lab01\dataset\cat\0576.jpg,../lab01/dataset/cat/0576.jpg,cat
F:\NTSE\lab01\dataset\cat\0577.jpg,../lab01/dataset/cat/0577.jpg,cat
F:\NTSE\lab01\dataset\cat\0578.jpg,../lab01/dataset/cat/0578.jpg,cat
F:\NTSE\lab01\dataset\cat\0579.jpg,../lab01/dataset/cat/0579.jpg,cat
F:\NTSE\lab01\dataset\cat\0580.jpg,../lab01/dataset/cat/0580.jpg,cat
F:\NTSE\lab01\dataset\cat\0581.jpg,../lab01/dataset/cat/0581.jpg,cat
F:\NTSE\lab01\dataset\cat\0582.jpg,../lab01/dataset/cat/0582.jpg,cat
F:\NTSE\lab01\dataset\cat\0583.jpg,../lab01/dataset/cat/0583.jpg,cat
F:\NTSE\lab01\dataset\cat\0584.jpg,../lab01/dataset/cat/0584.jpg,cat
F:\NTSE\lab01\dataset\cat\0585.jpg,../lab01/dataset/cat/0585.jpg,cat
F:\NTSE\lab01\dataset\cat\0586.jpg,../lab01/dataset/cat/0586.jpg,cat
F:\NTSE\lab01\dataset\cat\0587.jpg,../lab01/dataset/cat/0587.jpg,cat
F:\NTSE\lab01\dataset\cat\0588.jpg,../lab01/dataset/cat/0588.jpg,cat
F:\NTSE\lab01\dataset\cat\0589.jpg,../lab01/dataset/cat/0589.jpg,cat
F:\NTSE\lab01\dataset\cat\0590.jpg,../lab01/dataset/cat/0590.jpg,cat
F:\NTSE\lab01\dataset\cat\0591.jpg,../lab01/dataset/cat/0591.jpg,cat
F:\NTSE\lab01\dataset\cat\0592.jpg,../lab01/dataset/cat/0592.jpg,cat
F:\NTSE\lab01\dataset\cat\0593.jpg,../lab01/dataset/cat/0593.jpg,cat
F:\NTSE\lab01\dataset\cat\0594.jpg,../lab01/dataset/cat/0594.jpg,cat
F:\NTSE\lab01\dataset\cat\0595.jpg,../lab01/dataset/cat/0595.jpg,cat
F:\NTSE\lab01\dataset\cat\0596.jpg,../lab01/dataset/cat/0596.jpg,cat
F:\NTSE\lab01\dataset\cat\0597.jpg,../lab01/dataset/cat/0597.jpg,cat
F:\NTSE\lab01\dataset\cat\0598.jpg,../lab01/dataset/cat/0598.jpg,cat
F:\NTSE\lab01\dataset\cat\0599.jpg,../lab01/dataset/cat/0599.jpg,cat
F:\NTSE\lab01\dataset\cat\0600.jpg,../lab01/dataset/cat/0600.jpg,cat
F:\NTSE\lab01\dataset\cat\0601.jpg,../lab01/dataset/cat/0601.jpg,cat
F:\NTSE\lab01\dataset\cat\0602.jpg,../lab01/dataset/cat/0602.jpg,cat
F:\NTSE\lab01\dataset\cat\0603.jpg,../lab01/dataset/cat/0603.jpg,cat
F:\NTSE\lab01\dataset\cat\0604.jpg,../lab01/dataset/cat/0604.jpg,cat
F:\NTSE\lab01\dataset\cat\0605.jpg,../lab01/dataset/cat/0605.jpg,cat
F:\NTSE\lab01\dataset\cat\0606.jpg,../lab01/dataset/cat/0606.jpg,cat
F:\NTSE\lab01\dataset\cat\0607.jpg,../lab01/dataset/cat/0607.jpg,cat
F:\NTSE\lab01\dataset\cat\0608.jpg,../lab01/dataset/cat/0608.jpg,cat
F:\NTSE\lab01\dataset\cat\0609.jpg,../lab01/dataset/cat/0609.jpg,cat
F:\NTSE\lab01\dataset\cat\0610.jpg,../lab01/dataset/cat/0610.jpg,cat
F:\NTSE\lab01\dataset\cat\0611.jpg,../lab01/dataset/cat/0611.jpg,cat
F:\NTSE\lab01\dataset\cat\0612.jpg,../lab01/dataset/cat/0612.jpg,cat
F:\NTSE\lab01\dataset\cat\0613.jpg,../lab01/dataset/cat/0613.jpg,cat
F:\NTSE\lab01\dataset\cat\0614.jpg,../lab01/dataset/cat/0614.jpg,cat
F:\NTSE\lab01\dataset\cat\0615.jpg,../lab01/dataset/cat/0615.jpg,cat
F:\NTSE\lab01\dataset\cat\0616.jpg,../lab01/dataset/cat/0616.jpg,cat
F:\NTSE\lab01\dataset\cat\0617.jpg,../lab01/dataset/cat/0617.jpg,cat
F:\NTSE\lab01\dataset\cat\0618.jpg,../lab01/dataset/cat/0618.jpg,cat
F:\NTSE\lab01\dataset\cat\0619.jpg,../lab01/dataset/cat/0619.jpg,cat
F:\NTSE\lab01\dataset\cat\0620.jpg,../lab01/dataset/cat/0620.jpg,cat
F:\NTSE\lab01\dataset\cat\0621.jpg,../lab01/dataset/cat/0621.jpg,cat
F:\NTSE\lab01\dataset\cat\0622.jpg,../lab01/dataset/cat/0622.jpg,cat
F:\NTSE\lab01\dataset\cat\0623.jpg,../lab01/dataset/cat/0623.jpg,cat
F:\NTSE\lab01\dataset\cat\0624.jpg,../lab01/dataset/cat/0624.jpg,cat
F:\NTSE\lab01\dataset\cat\0625.jpg,../lab01/dataset/cat/0625.jpg,cat
F:\NTSE\lab01\dataset\cat\0626.jpg,../lab01/dataset/cat/0626.jpg,cat
F:\NTSE\lab01\dataset\cat\0627.jpg,../lab01/dataset/cat/0627.jpg,cat
F:\NTSE\lab01\dataset\cat\0628.jpg,../lab01/dataset/cat/0628.jpg,cat
F:\NTSE\lab01\dataset\cat\0629.jpg,../lab01/dataset/cat/0629.jpg,cat
F:\NTSE\lab01\dataset\cat\0630.jpg,../lab01/dataset/cat/0630.jpg,cat
F:\NTSE\lab01\dataset\cat\0631.jpg,../lab01/dataset/cat/0631.jpg,cat
F:\NTSE\lab01\dataset\cat\0632.jpg,../lab01/dataset/cat/0632.jpg,cat
F:\NTSE\lab01\dataset\cat\0633.jpg,../lab01/dataset/cat/0633.jpg,cat
F:\NTSE\lab01\dataset\cat\0634.jpg,../lab01/dataset/cat/0634.jpg,cat
F:\NTSE\lab01\dataset\cat\0635.jpg,../lab01/dataset/cat/0635.jpg,cat
F:\NTSE\lab01\dataset\cat\0636.jpg,../lab01/dataset/cat/0636.jpg,cat
F:\NTSE\lab01\dataset\cat\0637.jpg,../lab01/dataset/cat/0637.jpg,cat
F:\NTSE\lab01\dataset\cat\0638.jpg,../lab01/dataset/cat/0638.jpg,cat
F:\NTSE\lab01\dataset\cat\0639.jpg,../lab01/dataset/cat/0639.jpg,cat
F:\NTSE\lab01\dataset\cat\0640.jpg,../lab01/dataset/cat/0640.jpg,cat
F:\NTSE\lab01\dataset\cat\0641.jpg,../lab01/dataset/cat/0641.jpg,cat
F:\NTSE\lab01\dataset\cat\0642.jpg,../lab01/dataset/cat/0642.jpg,cat
F:\NTSE\lab01\dataset\cat\0643.jpg,../lab01/dataset/cat/0643.jpg,cat
F:\NTSE\lab01\dataset\cat\0644.jpg,../lab01/dataset/cat/0644.jpg,cat
F:\NTSE\lab01\dataset\cat\0645.jpg,../lab01/dataset/cat/0645.jpg,cat
F:\NTSE\lab01\dataset\cat\0646.jpg,../lab01/dataset/cat/0646.jpg,cat
F:\NTSE\lab01\dataset\cat\0647.jpg,../lab01/dataset/cat/0647.jpg,cat
F:\NTSE\lab01\dataset\cat\0648.jpg,../lab01/dataset/cat/0648.jpg,cat
F:\NTSE\lab01\dataset\cat\0649.jpg,../lab01/dataset/cat/0649.jpg,cat
F:\NTSE\lab01\dataset\cat\0650.jpg,../lab01/dataset/cat/0650.jpg,cat
F:\NTSE\lab01\dataset\cat\0651.jpg,../lab01/dataset/cat/0651.jpg,cat
F:\NTSE\lab01\dataset\cat\0652.jpg,../lab01/dataset/cat/0652.jpg,cat
F:\NTSE\lab01\dataset\cat\0653.jpg,../lab01/dataset/cat/0653.jpg,cat
F:\NTSE\lab01\dataset\cat\0654.jpg,../lab01/dataset/cat/0654.jpg,cat
F:\NTSE\lab01\dataset\cat\0655.jpg,../lab01/dataset/cat/0655.jpg,cat
F:\NTSE\lab01\dataset\cat\0656.jpg,../lab01/dataset/cat/0656.jpg,cat
F:\NTSE\lab01\dataset\cat\0657.jpg,../lab01/dataset/cat/0657.jpg,cat
F:\NTSE\lab01\dataset\cat\0658.jpg,../lab01/dataset/cat/0658.jpg,cat
F:\NTSE\lab01\dataset\cat\0659.jpg,../lab01/dataset/cat/0659.jpg,cat
F:\NTSE\lab01\dataset\cat\0660.jpg,../lab01/dataset/cat/0660.jpg,cat
F:\NTSE\lab01\dataset\cat\0661.jpg,../lab01/dataset/cat/0661.jpg,cat
F:\NTSE\lab01\dataset\cat\0662.jpg,../lab01/dataset/cat/0662.jpg,cat
F:\NTSE\lab01\dataset\cat\0663.jpg,../lab01/dataset/cat/0663.jpg,cat
F:\NTSE\lab01\dataset\cat\0664.jpg,../lab01/dataset/cat/0664.jpg,cat
F:\NTSE\lab01\dataset\cat\0665.jpg,../lab01/dataset/cat/0665.jpg,cat
F:\NTSE\lab01\dataset\cat\0666.jpg,../lab01/dataset/cat/0666.jpg,cat
F:\NTSE\lab01\dataset\cat\0667.jpg,../lab01/dataset/cat/0667.jpg,cat
F:\NTSE\lab01\dataset\cat\0668.jpg,../lab01/dataset/cat/0668.jpg,cat
F:\NTSE\lab01\dataset\cat\0669.jpg,../lab01/dataset/cat/0669.jpg,cat
F:\NTSE\lab01\dataset\cat\0670.jpg,../lab01/dataset/cat/0670.jpg,cat
F:\NTSE\lab01\dataset\cat\0671.jpg,../lab01/dataset/cat/0671.jpg,cat
F:\NTSE\lab01\dataset\cat\0672.jpg,../lab01/dataset/cat/0672.jpg,cat
F:\NTSE\lab01\dataset\cat\0673.jpg,../lab01/dataset/cat/0673.jpg,cat
F:\NTSE\lab01\dataset\cat\0674.jpg,../lab01/dataset/cat/0674.jpg,cat
F:\NTSE\lab01\dataset\cat\0675.jpg,../lab01/dataset/cat/0675.jpg,cat
F:\NTSE\lab01\dataset\cat\0676.jpg,../lab01/dataset/cat/0676.jpg,cat
F:\NTSE\lab01\dataset\cat\0677.jpg,../lab01/dataset/cat/0677.jpg,cat
F:\NTSE\lab01\dataset\cat\0678.jpg,../lab01/dataset/cat/0678.jpg,cat
F:\NTSE\lab01\dataset\cat\0679.jpg,../lab01/dataset/cat/0679.jpg,cat
F:\NTSE\lab01\dataset\cat\0680.jpg,../lab01/dataset/cat/0680.jpg,cat
F:\NTSE\lab01\dataset\cat\0681.jpg,../lab01/dataset/cat/0681.jpg,cat
F:\NTSE\lab01\dataset\cat\0682.jpg,../lab01/dataset/cat/0682.jpg,cat
F:\NTSE\lab01\dataset\cat\0683.jpg,../lab01/dataset/cat/0683.jpg,cat
F:\NTSE\lab01\dataset\cat\0684.jpg,../lab01/dataset/cat/0684.jpg,cat
F:\NTSE\lab01\dataset\cat\0685.jpg,../lab01/dataset/cat/0685.jpg,cat
F:\NTSE\lab01\dataset\cat\0686.jpg,../lab01/dataset/cat/0686.jpg,cat
F:\NTSE\lab01\dataset\cat\0687.jpg,../lab01/dataset/cat/0687.jpg,cat
F:\NTSE\lab01\dataset\cat\0688.jpg,../lab01/dataset/cat/0688.jpg,cat
F:\NTSE\lab01\dataset\cat\0689.jpg,../lab01/dataset/cat/0689.jpg,cat
F:\NTSE\lab01\dataset\cat\0690.jpg,../lab01/dataset/cat/0690.jpg,cat
F:\NTSE\lab01\dataset\cat\0691.jpg,../lab01/dataset/cat/0691.jpg,cat
F:\NTSE\lab01\dataset\cat\0692.jpg,../lab01/dataset/cat/0692.jpg,cat
F:\NTSE\lab01\dataset\cat\0693.jpg,../lab01/dataset/cat/0693.jpg,cat
F:\NTSE\lab01\dataset\cat\0694.jpg,../lab01/dataset/cat/0694.jpg,cat
F:\NTSE\lab01\dataset\cat\0695.jpg,../lab01/dataset/cat/0695.jpg,cat
F:\NTSE\lab01\dataset\cat\0696.jpg,../lab01/dataset/cat/0696.jpg,cat
F:\NTSE\lab01\dataset\cat\0697.jpg,../lab01/dataset/cat/0697.jpg,cat
F:\NTSE\lab01\dataset\cat\0698.jpg,../lab01/dataset/cat/0698.jpg,cat
F:\NTSE\lab01\dataset\cat\0699.jpg,../lab01/dataset/cat/0699.jpg,cat
F:\NTSE\lab01\dataset\cat\0700.jpg,../lab01/dataset/cat/0700.jpg,cat
F:\NTSE\lab01\dataset\cat\0701.jpg,../lab01/dataset/cat/0701.jpg,cat
F:\NTSE\lab01\dataset\cat\0702.jpg,../lab01/dataset/cat/0702.jpg,cat
F:\NTSE\lab01\dataset\cat\0703.jpg,../lab01/dataset/cat/0703.jpg,cat
F:\NTSE\lab01\dataset\cat\0704.jpg,../lab01/dataset/cat/0704.jpg,cat
F:\NTSE\lab01\dataset\cat\0705.jpg,../lab01/dataset/cat/0705.jpg,cat
F:\NTSE\lab01\dataset\cat\0706.jpg,../lab01/dataset/cat/0706.jpg,cat
F:\NTSE\lab01\dataset\cat\0707.jpg,../lab01/dataset/cat/0707.jpg,cat
F:\NTSE\lab01\dataset\cat\0708.jpg,../lab01/dataset/cat/0708.jpg,cat
F:\NTSE\lab01\dataset\cat\0709.jpg,../lab01/dataset/cat/0709.jpg,cat
F:\NTSE\lab01\dataset\cat\0710.jpg,../lab01/dataset/cat/0710.jpg,cat
F:\NTSE\lab01\dataset\cat\0711.jpg,../lab01/dataset/cat/0711.jpg,cat
F:\NTSE\lab01\dataset\cat\0712.jpg,../lab01/dataset/cat/0712.jpg,cat
F:\NTSE\lab01\dataset\cat\0713.jpg,../lab01/dataset/cat/0713.jpg,cat
F:\NTSE\lab01\dataset\cat\0714.jpg,../lab01/dataset/cat/0714.jpg,cat
F:\NTSE\lab01\dataset\cat\0715.jpg,../lab01/dataset/cat/0715.jpg,cat
F:\NTSE\lab01\dataset\cat\0716.jpg,../lab01/dataset/cat/0716.jpg,cat
F:\NTSE\lab01\dataset\cat\0717.jpg,../lab01/dataset/cat/0717.jpg,cat
F:\NTSE\lab01\dataset\cat\0718.jpg,../lab01/dataset/cat/0718.jpg,cat
F:\NTSE\lab01\dataset\cat\0719.jpg,../lab01/dataset/cat/0719.jpg,cat
F:\NTSE\lab01\dataset\cat\0720.jpg,../lab01/dataset/cat/0720.jpg,cat
F:\NTSE\lab01\dataset\cat\0721.jpg,../lab01/dataset/cat/0721.jpg,cat
F:\NTSE\lab01\dataset\cat\0722.jpg,../lab01/dataset/cat/0722.jpg,cat
F:\NTSE\lab01\dataset\cat\0723.jpg,../lab01/dataset/cat/0723.jpg,cat
F:\NTSE\lab01\dataset\cat\0724.jpg,../lab01/dataset/cat/0724.jpg,cat
F:\NTSE\lab01\dataset\cat\0725.jpg,../lab01/dataset/cat/0725.jpg,cat
F:\NTSE\lab01\dataset\cat\0726.jpg,../lab01/dataset/cat/0726.jpg,cat
F:\NTSE\lab01\dataset\cat\0727.jpg,../lab01/dataset/cat/0727.jpg,cat
F:\NTSE\lab01\dataset\cat\0728.jpg,../lab01/dataset/cat/0728.jpg,cat
F:\NTSE\lab01\dataset\cat\0729.jpg,../lab01/dataset/cat/0729.jpg,cat
F:\NTSE\lab01\dataset\cat\0730.jpg,../lab01/dataset/cat/0730.jpg,cat
F:\NTSE\lab01\dataset\cat\0731.jpg,../lab01/dataset/cat/0731.jpg,cat
F:\NTSE\lab01\dataset\cat\0732.jpg,../lab01/dataset/cat/0732.jpg,cat
F:\NTSE\lab01\dataset\cat\0733.jpg,../lab01/dataset/cat/0733.jpg,cat
F:\NTSE\lab01\dataset\cat\0734.jpg,../lab01/dataset/cat/0734.jpg,cat
F:\NTSE\lab01\dataset\cat\0735.jpg,../lab01/dataset/cat/0735.jpg,cat
F:\NTSE\lab01\dataset\cat\0736.jpg,../lab01/dataset/cat/0736.jpg,cat
F:\NTSE\lab01\dataset\cat\0737.jpg,../lab01/dataset/cat/0737.jpg,cat
F:\NTSE\lab01\dataset\cat\0738.jpg,../lab01/dataset/cat/0738.jpg,cat
F:\NTSE\lab01\dataset\cat\0739.jpg,../lab01/dataset/cat/0739.jpg,cat
F:\NTSE\lab01\dataset\cat\0740.jpg,../lab01/dataset/cat/0740.jpg,cat
F:\NTSE\lab01\dataset\cat\0741.jpg,../lab01/dataset/cat/0741.jpg,cat
F:\NTSE\lab01\dataset\cat\0742.jpg,../lab01/dataset/cat/0742.jpg,cat
F:\NTSE\lab01\dataset\cat\0743.jpg,../lab01/dataset/cat/0743.jpg,cat
F:\NTSE\lab01\dataset\cat\0744.jpg,../lab01/dataset/cat/0744.jpg,cat
F:\NTSE\lab01\dataset\cat\0745.jpg,../lab01/dataset/cat/0745.jpg,cat
F:\NTSE\lab01\dataset\cat\0746.jpg,../lab01/dataset/cat/0746.jpg,cat
F:\NTSE\lab01\dataset\cat\0747.jpg,../lab01/dataset/cat/0747.jpg,cat
F:\NTSE\lab01\dataset\cat\0748.jpg,../lab01/dataset/cat/0748.jpg,cat
F:\NTSE\lab01\dataset\cat\0749.jpg,../lab01/dataset/cat/0749.jpg,cat
F:\NTSE\lab01\dataset\cat\0750.jpg,../lab01/dataset/cat/0750.jpg,cat
F:\NTSE\lab01\dataset\cat\0751.jpg,../lab01/dataset/cat/0751.jpg,cat
F:\NTSE\lab01\dataset\cat\0752.jpg,../lab01/dataset/cat/0752.jpg,cat
F:\NTSE\lab01\dataset\cat\0753.jpg,../lab01/dataset/cat/0753.jpg,cat
F:\NTSE\lab01\dataset\cat\0754.jpg,../lab01/dataset/cat/0754.jpg,cat
F:\NTSE\lab01\dataset\cat\0755.jpg,../lab01/dataset/cat/0755.jpg,cat
F:\NTSE\lab01\dataset\cat\0756.jpg,../lab01/dataset/cat/0756.jpg,cat
F:\NTSE\lab01\dataset\cat\0757.jpg,../lab01/dataset/cat/0757.jpg,cat
F:\NTSE\lab01\dataset\cat\0758.jpg,../lab01/dataset/cat/0758.jpg,cat
F:\NTSE\lab01\dataset\cat\0759.jpg,../lab01/dataset/cat/0759.jpg,cat
F:\NTSE\lab01\dataset\cat\0760.jpg,../lab01/dataset/cat/0760.jpg,cat
F:\NTSE\lab01\dataset\cat\0761.jpg,../lab01/dataset/cat/0761.jpg,cat
F:\NTSE\lab01\dataset\cat\0762.jpg,../lab01/dataset/cat/0762.jpg,cat
F:\NTSE\lab01\dataset\cat\0763.jpg,../lab01/dataset/cat/0763.jpg,cat
F:\NTSE\lab01\dataset\cat\0764.jpg,../lab01/dataset/cat/0764.jpg,cat
F:\NTSE\lab01\dataset\cat\0765.jpg,../lab01/dataset/cat/0765.jpg,cat
F:\NTSE\lab01\dataset\cat\0766.jpg,../lab01/dataset/cat/0766.jpg,cat
F:\NTSE\lab01\dataset\cat\0767.jpg,../lab01/dataset/cat/0767.jpg,cat
F:\NTSE\lab01\dataset\cat\0768.jpg,../lab01/dataset/cat/0768.jpg,cat
F:\NTSE\lab01\dataset\cat\0769.jpg,../lab01/dataset/cat/0769.jpg,cat
F:\NTSE\lab01\dataset\cat\0770.jpg,../lab01/dataset/cat/0770.jpg,cat
F:\NTSE\lab01\dataset\cat\0771.jpg,../lab01/dataset/cat/0771.jpg,cat
F:\NTSE\lab01\dataset\cat\0772.jpg,../lab01/dataset/cat/0772.jpg,cat
F:\NTSE\lab01\dataset\cat\0773.jpg,../lab01/dataset/cat/0773.jpg,cat
F:\NTSE\lab01\dataset\cat\0774.jpg,../lab01/dataset/cat/0774.jpg,cat
F:\NTSE\lab01\dataset\cat\0775.jpg,../lab01/dataset/cat/0775.jpg,cat
F:\NTSE\lab01\dataset\cat\0776.jpg,../lab01/dataset/cat/0776.jpg,cat
F:\NTSE\lab01\dataset\cat\0777.jpg,../lab01/dataset/cat/0777.jpg,cat
F:\NTSE\lab01\dataset\cat\0778.jpg,../lab01/dataset/cat/0778.jpg,cat
F:\NTSE\lab01\dataset\cat\0779.jpg,../lab01/dataset/cat/0779.jpg,cat
F:\NTSE\lab01\dataset\cat\0780.jpg,../lab01/dataset/cat/0780.jpg,cat
F:\NTSE\lab01\dataset\cat\0781.jpg,../lab01/dataset/cat/0781.jpg,cat
F:\NTSE\lab01\dataset\cat\0782.jpg,../lab01/dataset/cat/0782.jpg,cat
F:\NTSE\lab01\dataset\cat\0783.jpg,../lab01/dataset/cat/0783.jpg,cat
F:\NTSE\lab01\dataset\cat\0784.jpg,../lab01/dataset/cat/0784.jpg,cat
F:\NTSE\lab01\dataset\cat\0785.jpg,../lab01/dataset/cat/0785.jpg,cat
F:\NTSE\lab01\dataset\cat\0786.jpg,../lab01/dataset/cat/0786.jpg,cat
F:\NTSE\lab01\dataset\cat\0787.jpg,../lab01/dataset/cat/0787.jpg,cat
F:\NTSE\lab01\dataset\cat\0788.jpg,../lab01/dataset/cat/0788.jpg,cat
F:\NTSE\lab01\dataset\cat\0789.jpg,../lab01/dataset/cat/0789.jpg,cat
F:\NTSE\lab01\dataset\cat\0790.jpg,../lab01/dataset/cat/0790.jpg,cat
F:\NTSE\lab01\dataset\cat\0791.jpg,../lab01/dataset/cat/0791.jpg,cat
F:\NTSE\lab01\dataset\cat\0792.jpg,../lab01/dataset/cat/0792.jpg,cat
F:\NTSE\lab01\dataset\cat\0793.jpg,../lab01/dataset/cat/0793.jpg,cat
F:\NTSE\lab01\dataset\cat\0794.jpg,../lab01/dataset/cat/0794.jpg,cat
F:\NTSE\lab01\dataset\cat\0795.jpg,../lab01/dataset/cat/0795.jpg,cat
F:\NTSE\lab01\dataset\cat\0796.jpg,../lab01/dataset/cat/0796.jpg,cat
F:\NTSE\lab01\dataset\cat\0797.jpg,../lab01/dataset/cat/0797.jpg,cat
F:\NTSE\lab01\dataset\cat\0798.jpg,../lab01/dataset/cat/0798.jpg,cat
F:\NTSE\lab01\dataset\cat\0799.jpg,../lab01/dataset/cat/0799.jpg,cat
F:\NTSE\lab01\dataset\cat\0800.jpg,../lab01/dataset/cat/0800.jpg,cat
F:\NTSE\lab01\dataset\cat\0801.jpg,../lab01/dataset/cat/0801.jpg,cat
F:\NTSE\lab01\dataset\cat\0802.jpg,../lab01/dataset/cat/0802.jpg,cat
F:\NTSE\lab01\dataset\cat\0803.jpg,../lab01/dataset/cat/0803.jpg,cat
F:\NTSE\lab01\dataset\cat\0804.jpg,../lab01/dataset/cat/0804.jpg,cat
F:\NTSE\lab01\dataset\cat\0805.jpg,../lab01/dataset/cat/0805.jpg,cat
F:\NTSE\lab01\dataset\cat\0806.jpg,../lab01/dataset/cat/0806.jpg,cat
F:\NTSE\lab01\dataset\cat\0807.jpg,../lab01/dataset/cat/0807.jpg,cat
F:\NTSE\lab01\dataset\cat\0808.jpg,../lab01/dataset/cat/0808.jpg,cat
F:\NTSE\lab01\dataset\cat\0809.jpg,../lab01/dataset/cat/0809.jpg,cat
F:\NTSE\lab01\dataset\cat\0810.jpg,../lab01/dataset/cat/0810.jpg,cat
F:\NTSE\lab01\dataset\cat\0811.jpg,../lab01/dataset/cat/0811.jpg,cat
F:\NTSE\lab01\dataset\cat\0812.jpg,../lab01/dataset/cat/0812.jpg,cat
F:\NTSE\lab01\dataset\cat\0813.jpg,../lab01/dataset/cat/0813.jpg,cat
F:\NTSE\lab01\dataset\cat\0814.jpg,../lab01/dataset/cat/0814.jpg,cat
F:\NTSE\lab01\dataset\cat\0815.jpg,../lab01/dataset/cat/0815.jpg,cat
F:\NTSE\lab01\dataset\cat\0816.jpg,../lab01/dataset/cat/0816.jpg,cat
F:\NTSE\lab01\dataset\cat\0817.jpg,../lab01/dataset/cat/0817.jpg,cat
F:\NTSE\lab01\dataset\cat\0818.jpg,../lab01/dataset/cat/0818.jpg,cat
F:\NTSE\lab01\dataset\cat\0819.jpg,../lab01/dataset/cat/0819.jpg,cat
F:\NTSE\lab01\dataset\cat\0820.jpg,../lab01/dataset/cat/0820.jpg,cat
F:\NTSE\lab01\dataset\cat\0821.jpg,../lab01/dataset/cat/0821.jpg,cat
F:\NTSE\lab01\dataset\cat\0822.jpg,../lab01/dataset/cat/0822.jpg,cat
F:\NTSE\lab01\dataset\cat\0823.jpg,../lab01/dataset/cat/0823.jpg,cat
F:\NTSE\lab01\dataset\cat\0824.jpg,../lab01/dataset/cat/0824.jpg,cat
F:\NTSE\lab01\dataset\cat\0825.jpg,../lab01/dataset/cat/0825.jpg,cat
F:\NTSE\lab01\dataset\cat\0826.jpg,../lab01/dataset/cat/0826.jpg,cat
F:\NTSE\lab01\dataset\cat\0827.jpg,../lab01/dataset/cat/0827.jpg,cat
F:\NTSE\lab01\dataset\cat\0828.jpg,../lab01/dataset/cat/0828.jpg,cat
F:\NTSE\lab01\dataset\cat\0829.jpg,../lab01/dataset/cat/0829.jpg,cat
F:\NTSE\lab01\dataset\cat\0830.jpg,../lab01/dataset/cat/0830.jpg,cat
F:\NTSE\lab01\dataset\cat\0831.jpg,../lab01/dataset/cat/0831.jpg,cat
F:\NTSE\lab01\dataset\cat\0832.jpg,../lab01/dataset/cat/0832.jpg,cat
F:\NTSE\lab01\dataset\cat\0833.jpg,../lab01/dataset/cat/0833.jpg,cat
F:\NTSE\lab01\dataset\cat\0834.jpg,../lab01/dataset/cat/0834.jpg,cat
F:\NTSE\lab01\dataset\cat\0835.jpg,../lab01/dataset/cat/0835.jpg,cat
F:\NTSE\lab01\dataset\cat\0836.jpg,../lab01/dataset/cat/0836.jpg,cat
F:\NTSE\lab01\dataset\cat\0837.jpg,../lab01/dataset/cat/0837.jpg,cat
F:\NTSE\lab01\dataset\cat\0838.jpg,../lab01/dataset/cat/0838.jpg,cat
F:\NTSE\lab01\dataset\cat\0839.jpg,../lab01/dataset/cat/0839.jpg,cat
F:\NTSE\lab01\dataset\cat\0840.jpg,../lab01/dataset/cat/0840.jpg,cat
F:\NTSE\lab01\dataset\cat\0841.jpg,../lab01/dataset/cat/0841.jpg,cat
F:\NTSE\lab01\dataset\cat\0842.jpg,../lab01/dataset/cat/0842.jpg,cat
F:\NTSE\lab01\dataset\cat\0843.jpg,../lab01/dataset/cat/0843.jpg,cat
F:\NTSE\lab01\dataset\cat\0844.jpg,../lab01/dataset/cat/0844.jpg,cat
F:\NTSE\lab01\dataset\cat\0845.jpg,../lab01/dataset/cat/0845.jpg,cat
F:\NTSE\lab01\dataset\cat\0846.jpg,../lab01/dataset/cat/0846.jpg,cat
F:\NTSE\lab01\dataset\cat\0847.jpg,../lab01/dataset/cat/0847.jpg,cat
F:\NTSE\lab01\dataset\cat\0848.jpg,../lab01/dataset/cat/0848.jpg,cat
F:\NTSE\lab01\dataset\cat\0849.jpg,../lab01/dataset/cat/0849.jpg,cat
F:\NTSE\lab01\dataset\cat\0850.jpg,../lab01/dataset/cat/0850.jpg,cat
F:\NTSE\lab01\dataset\cat\0851.jpg,../lab01/dataset/cat/0851.jpg,cat
F:\NTSE\lab01\dataset\cat\0852.jpg,../lab01/dataset/cat/0852.jpg,cat
F:\NTSE\lab01\dataset\cat\0853.jpg,../lab01/dataset/cat/0853.jpg,cat
F:\NTSE\lab01\dataset\cat\0854.jpg,../lab01/dataset/cat/0854.jpg,cat
F:\NTSE\lab01\dataset\cat\0855.jpg,../lab01/dataset/cat/0855.jpg,cat
F:\NTSE\lab01\dataset\cat\0856.jpg,../lab01/dataset/cat/0856.jpg,cat
F:\NTSE\lab01\dataset\cat\0857.jpg,../lab01/dataset/cat/0857.jpg,cat
F:\NTSE\lab01\dataset\cat\0858.jpg,../lab01/dataset/cat/0858.jpg,cat
F:\NTSE\lab01\dataset\cat\0859.jpg,../lab01/dataset/cat/0859.jpg,cat
F:\NTSE\lab01\dataset\cat\0860.jpg,../lab01/dataset/cat/0860.jpg,cat
F:\NTSE\lab01\dataset\cat\0861.jpg,../lab01/dataset/cat/0861.jpg,cat
F:\NTSE\lab01\dataset\cat\0862.jpg,../lab01/dataset/cat/0862.jpg,cat
F:\NTSE\lab01\dataset\cat\0863.jpg,../lab01/dataset/cat/0863.jpg,cat
F:\NTSE\lab01\dataset\cat\0864.jpg,../lab01/dataset/cat/0864.jpg,cat
F:\NTSE\lab01\dataset\cat\0865.jpg,../lab01/dataset/cat/0865.jpg,cat
F:\NTSE\lab01\dataset\cat\0866.jpg,../lab01/dataset/cat/0866.jpg,cat
F:\NTSE\lab01\dataset\cat\0867.jpg,../lab01/dataset/cat/0867.jpg,cat
F:\NTSE\lab01\dataset\cat\0868.jpg,../lab01/dataset/cat/0868.jpg,cat
F:\NTSE\lab01\dataset\cat\0869.jpg,../lab01/dataset/cat/0869.jpg,cat
F:\NTSE\lab01\dataset\cat\0870.jpg,../lab01/dataset/cat/0870.jpg,cat
F:\NTSE\lab01\dataset\cat\0871.jpg,../lab01/dataset/cat/0871.jpg,cat
F:\NTSE\lab01\dataset\cat\0872.jpg,../lab01/dataset/cat/0872.jpg,cat
F:\NTSE\lab01\dataset\cat\0873.jpg,../lab01/dataset/cat/0873.jpg,cat
F:\NTSE\lab01\dataset\cat\0874.jpg,../lab01/dataset/cat/0874.jpg,cat
F:\NTSE\lab01\dataset\cat\0875.jpg,../lab01/dataset/cat/0875.jpg,cat
F:\NTSE\lab01\dataset\cat\0876.jpg,../lab01/dataset/cat/0876.jpg,cat
F:\NTSE\lab01\dataset\cat\0877.jpg,../lab01/dataset/cat/0877.jpg,cat
F:\NTSE\lab01\dataset\cat\0878.jpg,../lab01/dataset/cat/0878.jpg,cat
F:\NTSE\lab01\dataset\cat\0879.jpg,../lab01/dataset/cat/0879.jpg,cat
F:\NTSE\lab01\dataset\cat\0880.jpg,../lab01/dataset/cat/0880.jpg,cat
F:\NTSE\lab01\dataset\cat\0881.jpg,../lab01/dataset/cat/0881.jpg,cat
F:\NTSE\lab01\dataset\cat\0882.jpg,../lab01/dataset/cat/0882.jpg,cat
F:\NTSE\lab01\dataset\cat\0883.jpg,../lab01/dataset/cat/0883.jpg,cat
F:\NTSE\lab01\dataset\cat\0884.jpg,../lab01/dataset/cat/0884.jpg,cat
F:\NTSE\lab01\dataset\cat\0885.jpg,../lab01/dataset/cat/0885.jpg,cat
F:\NTSE\lab01\dataset\cat\0886.jpg,../lab01/dataset/cat/0886.jpg,cat
F:\NTSE\lab01\dataset\cat\0887.jpg,../lab01/dataset/cat/0887.jpg,cat
F:\NTSE\lab01\dataset\cat\0888.jpg,../lab01/dataset/cat/0888.jpg,cat
F:\NTSE\lab01\dataset\cat\0889.jpg,../lab01/dataset/cat/0889.jpg,cat
F:\NTSE\lab01\dataset\cat\0890.jpg,../lab01/dataset/cat/0890.jpg,cat
F:\NTSE\lab01\dataset\cat\0891.jpg,../lab01/dataset/cat/0891.jpg,cat
F:\NTSE\lab01\dataset\cat\0892.jpg,../lab01/dataset/cat/0892.jpg,cat
F:\NTSE\lab01\dataset\cat\0893.jpg,../lab01/dataset/cat/0893.jpg,cat
F:\NTSE\lab01\dataset\cat\0894.jpg,../lab01/dataset/cat/0894.jpg,cat
F:\NTSE\lab01\dataset\cat\0895.jpg,../lab01/dataset/cat/0895.jpg,cat
F:\NTSE\lab01\dataset\cat\0896.jpg,../lab01/dataset/cat/0896.jpg,cat
F:\NTSE\lab01\dataset\cat\0897.jpg,../lab01/dataset/cat/0897.jpg,cat
F:\NTSE\lab01\dataset\cat\0898.jpg,../lab01/dataset/cat/0898.jpg,cat
F:\NTSE\lab01\dataset\cat\0899.jpg,../lab01/dataset/cat/0899.jpg,cat
F:\NTSE\lab01\dataset\cat\0900.jpg,../lab01/dataset/cat/0900.jpg,cat
F:\NTSE\lab01\dataset\cat\0901.jpg,../lab01/dataset/cat/0901.jpg,cat
F:\NTSE\lab01\dataset\cat\0902.jpg,../lab01/dataset/cat/0902.jpg,cat
F:\NTSE\lab01\dataset\cat\0903.jpg,../lab01/dataset/cat/0903.jpg,cat
F:\NTSE\lab01\dataset\cat\0904.jpg,../lab01/dataset/cat/0904.jpg,cat
F:\NTSE\lab01\dataset\cat\0905.jpg,../lab01/dataset/cat/0905.jpg,cat
F:\NTSE\lab01\dataset\cat\0906.jpg,../lab01/dataset/cat/0906.jpg,cat
F:\NTSE\lab01\dataset\cat\0907.jpg,../lab01/dataset/cat/0907.jpg,cat
F:\NTSE\lab01\dataset\cat\0908.jpg,../lab01/dataset/cat/0908.jpg,cat
F:\NTSE\lab01\dataset\cat\0909.jpg,../lab01/dataset/cat/0909.jpg,cat
F:\NTSE\lab01\dataset\cat\0910.jpg,../lab01/dataset/cat/0910.jpg,cat
F:\NTSE\lab01\dataset\cat\0911.jpg,../lab01/dataset/cat/0911.jpg,cat
F:\NTSE\lab01\dataset\cat\0912.jpg,../lab01/dataset/cat/0912.jpg,cat
F:\NTSE\lab01\dataset\cat\0913.jpg,../lab01/dataset/cat/0913.jpg,cat
F:\NTSE\lab01\dataset\cat\0914.jpg,../lab01/dataset/cat/0914.jpg,cat
F:\NTSE\lab01\dataset\cat\0915.jpg,../lab01/dataset/cat/0915.jpg,cat
F:\NTSE\lab01\dataset\cat\0916.jpg,../lab01/dataset/cat/0916.jpg,cat
F:\NTSE\lab01\dataset\cat\0917.jpg,../lab01/dataset/cat/0917.jpg,cat
F:\NTSE\lab01\dataset\cat\0918.jpg,../lab01/dataset/cat/0918.jpg,cat
F:\NTSE\lab01\dataset\cat\0919.jpg,../lab01/dataset/cat/0919.jpg,cat
F:\NTSE\lab01\dataset\cat\0920.jpg,../lab01/dataset/cat/0920.jpg,cat
F:\NTSE\lab01\dataset\cat\0921.jpg,../lab01/dataset/cat/0921.jpg,cat
F:\NTSE\lab01\dataset\cat\0922.jpg,../lab01/dataset/cat/0922.jpg,cat
F:\NTSE\lab01\dataset\cat\0923.jpg,../lab01/dataset/cat/0923.jpg,cat
F:\NTSE\lab01\dataset\cat\0924.jpg,../lab01/dataset/cat/0924.jpg,cat
F:\NTSE\lab01\dataset\cat\0925.jpg,../lab01/dataset/cat/0925.jpg,cat
F:\NTSE\lab01\dataset\cat\0926.jpg,../lab01/dataset/cat/0926.jpg,cat
F:\NTSE\lab01\dataset\cat\0927.jpg,../lab01/dataset/cat/0927.jpg,cat
F:\NTSE\lab01\dataset\cat\0928.jpg,../lab01/dataset/cat/0928.jpg,cat
F:\NTSE\lab01\dataset\cat\0929.jpg,../lab01/dataset/cat/0929.jpg,cat
F:\NTSE\lab01\dataset\cat\0930.jpg,../lab01/dataset/cat/0930.jpg,cat
F:\NTSE\lab01\dataset\cat\0931.jpg,../lab01/dataset/cat/0931.jpg,cat
F:\NTSE\lab01\dataset\cat\0932.jpg,../lab01/dataset/cat/0932.jpg,cat
F:\NTSE\lab01\dataset\cat\0933.jpg,../lab01/dataset/cat/0933.jpg,cat
F:\NTSE\lab01\dataset\cat\0934.jpg,../lab01/dataset/cat/0934.jpg,cat
F:\NTSE\lab01\dataset\cat\0935.jpg,../lab01/dataset/cat/0935.jpg,cat
F:\NTSE\lab01\dataset\cat\0936.jpg,../lab01/dataset/cat/0936.jpg,cat
F:\NTSE\lab01\dataset\cat\0937.jpg,../lab01/dataset/cat/0937.jpg,cat
F:\NTSE\lab01\dataset\cat\0938.jpg,../lab01/dataset/cat/0938.jpg,cat
F:\NTSE\lab01\dataset\cat\0939.jpg,../lab01/dataset/cat/0939.jpg,cat
F:\NTSE\lab01\dataset\cat\0940.jpg,../lab01/dataset/cat/0940.jpg,cat
F:\NTSE\lab01\dataset\cat\0941.jpg,../lab01/dataset/cat/0941.jpg,cat
F:\NTSE\lab01\dataset\cat\0942.jpg,../lab01/dataset/cat/0942.jpg,cat
F:\NTSE\lab01\dataset\cat\0943.jpg,../lab01/dataset/cat/0943.jpg,cat
F:\NTSE\lab01\dataset\cat\0944.jpg,../lab01/dataset/cat/0944.jpg,cat
F:\NTSE\lab01\dataset\cat\0945.jpg,../lab01/dataset/cat/0945.jpg,cat
F:\NTSE\lab01\dataset\cat\0946.jpg,../lab01/dataset/cat/0946.jpg,cat
F:\NTSE\lab01\dataset\cat\0947.jpg,../lab01/dataset/cat/0947.jpg,cat
F:\NTSE\lab01\dataset\cat\0948.jpg,../lab01/dataset/cat/0948.jpg,cat
F:\NTSE\lab01\dataset\cat\0949.jpg,../lab01/dataset/cat/0949.jpg,cat
F:\NTSE\lab01\dataset\cat\0950.jpg,../lab01/dataset/cat/0950.jpg,cat
F:\NTSE\lab01\dataset\cat\0951.jpg,../lab01/dataset/cat/0951.jpg,cat
F:\NTSE\lab01\dataset\cat\0952.jpg,../lab01/dataset/cat/0952.jpg,cat
F:\NTSE\lab01\dataset\cat\0953.jpg,../lab01/dataset/cat/0953.jpg,cat
F:\NTSE\lab01\dataset\cat\0954.jpg,../lab01/dataset/cat/0954.jpg,cat
F:\NTSE\lab01\dataset\cat\0955.jpg,../lab01/dataset/cat/0955.jpg,cat
F:\NTSE\lab01\dataset\cat\0956.jpg,../lab01/dataset/cat/0956.jpg,cat
F:\NTSE\lab01\dataset\cat\0957.jpg,../lab01/dataset/cat/0957.jpg,cat
F:\NTSE\lab01\dataset\cat\0958.jpg,../lab01/dataset/cat/0958.jpg,cat
F:\NTSE\lab01\dataset\cat\0959.jpg,../lab01/dataset/cat/0959.jpg,cat
F:\NTSE\lab01\dataset\cat\0960.jpg,../lab01/dataset/cat/0960.jpg,cat
F:\NTSE\lab01\dataset\cat\0961.jpg,../lab01/dataset/cat/0961.jpg,cat
F:\NTSE\lab01\dataset\cat\0962.jpg,../lab01/dataset/cat/0962.jpg,cat
F:\NTSE\lab01\dataset\cat\0963.jpg,../lab01/dataset/cat/0963.jpg,cat
F:\NTSE\lab01\dataset\cat\0964.jpg,../lab01/dataset/cat/0964.jpg,cat
F:\NTSE\lab01\dataset\cat\0965.jpg,../lab01/dataset/cat/0965.jpg,cat
F:\NTSE\lab01\dataset\cat\0966.jpg,../lab01/dataset/cat/0966.jpg,cat
F:\NTSE\lab01\dataset\cat\0967.jpg,../lab01/dataset/cat/0967.jpg,cat
F:\NTSE\lab01\dataset\cat\0968.jpg,../lab01/dataset/cat/0968.jpg,cat
F:\NTSE\lab01\dataset\cat\0969.jpg,../lab01/dataset/cat/0969.jpg,cat
F:\NTSE\lab01\dataset\cat\0970.jpg,../lab01/dataset/cat/0970.jpg,cat
F:\NTSE\lab01\dataset\cat\0971.jpg,../lab01/dataset/cat/0971.jpg,cat
F:\NTSE\lab01\dataset\cat\0972.jpg,../lab01/dataset/cat/0972.jpg,cat
F:\NTSE\lab01\dataset\cat\0973.jpg,../lab01/dataset/cat/0973.jpg,cat
F:\NTSE\lab01\dataset\cat\0974.jpg,../lab01/dataset/cat/0974.jpg,cat
F:\NTSE\lab01\dataset\cat\0975.jpg,../lab01/dataset/cat/0975.jpg,cat
F:\NTSE\lab01\dataset\cat\0976.jpg,../lab01/dataset/cat/0976.jpg,cat
F:\NTSE\lab01\dataset\cat\0977.jpg,../lab01/dataset/cat/0977.jpg,cat
F:\NTSE\lab01\dataset\cat\0978.jpg,../lab01/dataset/cat/0978.jpg,cat
F:\NTSE\lab01\dataset\cat\0979.jpg,../lab01/dataset/cat/0979.jpg,cat
F:\NTSE\lab01\dataset\cat\0980.jpg,../lab01/dataset/cat/0980.jpg,cat
F:\NTSE\lab01\dataset\cat\0981.jpg,../lab01/dataset/cat/0981.jpg,cat
F:\NTSE\lab01\dataset\cat\0982.jpg,../lab01/dataset/cat/0982.jpg,cat
F:\NTSE\lab01\dataset\cat\0983.jpg,../lab01/dataset/cat/0983.jpg,cat
F:\NTSE\lab01\dataset\cat\0984.jpg,../lab01/dataset/cat/0984.jpg,cat
F:\NTSE\lab01\dataset\cat\0985.jpg,../lab01/dataset/cat/0985.jpg,cat
F:\NTSE\lab01\dataset\cat\0986.jpg,../lab01/dataset/cat/0986.jpg,cat
F:\NTSE\lab01\dataset\cat\0987.jpg,../lab01/dataset/cat/0987.jpg,cat
F:\NTSE\lab01\dataset\cat\0988.jpg,../lab01/dataset/cat/0988.jpg,cat
F:\NTSE\lab01\dataset\cat\0989.jpg,../lab01/dataset/cat/0989.jpg,cat
F:\NTSE\lab01\dataset\cat\0990.jpg,../lab01/dataset/cat/0990.jpg,cat
F:\NTSE\lab01\dataset\cat\0991.jpg,../lab01/dataset/cat/0991.jpg,cat
F:\NTSE\lab01\dataset\cat\0992.jpg,../lab01/dataset/cat/0992.jpg,cat
F:\NTSE\lab01\dataset\cat\0993.jpg,../lab01/dataset/cat/0993.jpg,cat
F:\NTSE\lab01\dataset\cat\0994.jpg,../lab01/dataset/cat/0994.jpg,cat
F:\NTSE\lab01\dataset\cat\0995.jpg,../lab01/dataset/cat/0995.jpg,cat
F:\NTSE\lab01\dataset\cat\0996.jpg,../lab01/dataset/cat/0996.jpg,cat
F:\NTSE\lab01\dataset\cat\0997.jpg,../lab01/dataset/cat/0997.jpg,cat
F:\NTSE\lab01\dataset\cat\0998.jpg,../lab01/dataset/cat/0998.jpg,cat
F:\NTSE\lab01\dataset\cat\0999.jpg,../lab01/dataset/cat/0999.jpg,cat
F:\NTSE\lab01\dataset\cat\1000.jpg,../lab01/dataset/cat/1000.jpg,cat
F:\NTSE\lab01\dataset\cat\1001.jpg,../lab01/dataset/cat/1001.jpg,cat
F:\NTSE\lab01\dataset\cat\1002.jpg,../lab01/dataset/cat/1002.jpg,cat
F:\NTSE\lab01\dataset\cat\1003.jpg,../lab01/dataset/cat/1003.jpg,cat
F:\NTSE\lab01\dataset\cat\1004.jpg,../lab01/dataset/cat/1004.jpg,cat
F:\NTSE\lab01\dataset\cat\1005.jpg,../lab01/dataset/cat/1005.jpg,cat
F:\NTSE\lab01\dataset\cat\1006.jpg,../lab01/dataset/cat/1006.jpg,cat
F:\NTSE\lab01\dataset\cat\1007.jpg,../lab01/dataset/cat/1007.jpg,cat
F:\NTSE\lab01\dataset\cat\1008.jpg,../lab01/dataset/cat/1008.jpg,cat
F:\NTSE\lab01\dataset\cat\1009.jpg,../lab01/dataset/cat/1009.jpg,cat
F:\NTSE\lab01\dataset\cat\1010.jpg,../lab01/dataset/cat/1010.jpg,cat
F:\NTSE\lab01\dataset\cat\1011.jpg,../lab01/dataset/cat/1011.jpg,cat
F:\NTSE\lab01\dataset\cat\1012.jpg,../lab01/dataset/cat/1012.jpg,cat
F:\NTSE\lab01\dataset\cat\1013.jpg,../lab01/dataset/cat/1013.jpg,cat
F:\NTSE\lab01\dataset\cat\1014.jpg,../lab01/dataset/cat/1014.jpg,cat
F:\NTSE\lab01\dataset\cat\1015.jpg,../lab01/dataset/cat/1015.jpg,cat
F:\NTSE\lab01\dataset\cat\1016.jpg,../lab01/dataset/cat/1016.jpg,cat
F:\NTSE\lab01\dataset\cat\1017.jpg,../lab01/dataset/cat/1017.jpg,cat
F:\NTSE\lab01\dataset\cat\1018.jpg,../lab01/dataset/cat/1018.jpg,cat
F:\NTSE\lab01\dataset\cat\1019.jpg,../lab01/dataset/cat/1019.jpg,cat
F:\NTSE\lab01\dataset\cat\1020.jpg,../lab01/dataset/cat/1020.jpg,cat
F:\NTSE\lab01\dataset\cat\1021.jpg,../lab01/dataset/cat/1021.jpg,cat
F:\NTSE\lab01\dataset\cat\1022.jpg,../lab01/dataset/cat/1022.jpg,cat
F:\NTSE\lab01\dataset\cat\1023.jpg,../lab01/dataset/cat/1023.jpg,cat
F:\NTSE\lab01\dataset\cat\1024.jpg,../lab01/dataset/cat/1024.jpg,cat
F:\NTSE\lab01\dataset\cat\1025.jpg,../lab01/dataset/cat/1025.jpg,cat
F:\NTSE\lab01\dataset\cat\1026.jpg,../lab01/dataset/cat/1026.jpg,cat
F:\NTSE\lab01\dataset\cat\1027.jpg,../lab01/dataset/cat/1027.jpg,cat
F:\NTSE\lab01\dataset\cat\1028.jpg,../lab01/dataset/cat/1028.jpg,cat
F:\NTSE\lab01\dataset\cat\1029.jpg,../lab01/dataset/cat/1029.jpg,cat
F:\NTSE\lab01\dataset\cat\1030.jpg,../lab01/dataset/cat/1030.jpg,cat
F:\NTSE\lab01\dataset\cat\1031.jpg,../lab01/dataset/cat/1031.jpg,cat
F:\NTSE\lab01\dataset\cat\1032.jpg,../lab01/dataset/cat/1032.jpg,cat
F:\NTSE\lab01\dataset\cat\1033.jpg,../lab01/dataset/cat/1033.jpg,cat
F:\NTSE\lab01\dataset\cat\1034.jpg,../lab01/dataset/cat/1034.jpg,cat
F:\NTSE\lab01\dataset\cat\1035.jpg,../lab01/dataset/cat/1035.jpg,cat
F:\NTSE\lab01\dataset\cat\1036.jpg,../lab01/dataset/cat/1036.jpg,cat
F:\NTSE\lab01\dataset\cat\1037.jpg,../lab01/dataset/cat/1037.jpg,cat
F:\NTSE\lab01\dataset\cat\1038.jpg,../lab01/dataset/cat/1038.jpg,cat
F:\NTSE\lab01\dataset\cat\1039.jpg,../lab01/dataset/cat/1039.jpg,cat
F:\NTSE\lab01\dataset\cat\1040.jpg,../lab01/dataset/cat/1040.jpg,cat
F:\NTSE\lab01\dataset\cat\1041.jpg,../lab01/dataset/cat/1041.jpg,cat
F:\NTSE\lab01\dataset\cat\1042.jpg,../lab01/dataset/cat/1042.jpg,cat
F:\NTSE\lab01\dataset\cat\1043.jpg,../lab01/dataset/cat/1043.jpg,cat
F:\NTSE\lab01\dataset\cat\1044.jpg,../lab01/dataset/cat/1044.jpg,cat
F:\NTSE\lab01\dataset\cat\1045.jpg,../lab01/dataset/cat/1045.jpg,cat
F:\NTSE\lab01\dataset\cat\1046.jpg,../lab01/dataset/cat/1046.jpg,cat
F:\NTSE\lab01\dataset\cat\1047.jpg,../lab01/dataset/cat/1047.jpg,cat
F:\NTSE\lab01\dataset\cat\1048.jpg,../lab01/dataset/cat/1048.jpg,cat
F:\NTSE\lab01\dataset\cat\1049.jpg,../lab01/dataset/cat/1049.jpg,cat
F:\NTSE\lab01\dataset\cat\1050.jpg,../lab01/dataset/cat/1050.jpg,cat
F:\NTSE\lab01\dataset\cat\1051.jpg,../lab01/dataset/cat/1051.jpg,cat
F:\NTSE\lab01\dataset\cat\1052.jpg,../lab01/dataset/cat/1052.jpg,cat
F:\NTSE\lab01\dataset\cat\1053.jpg,../lab01/dataset/cat/1053.jpg,cat
F:\NTSE\lab01\dataset\cat\1054.jpg,../lab01/dataset/cat/1054.jpg,cat
F:\NTSE\lab01\dataset\cat\1055.jpg,../lab01/dataset/cat/1055.jpg,cat
F:\NTSE\lab01\dataset\cat\1056.jpg,../lab01/dataset/cat/1056.jpg,cat
F:\NTSE\lab01\dataset\cat\1057.jpg,../lab01/dataset/cat/1057.jpg,cat
F:\NTSE\lab01\dataset\cat\1058.jpg,../lab01/dataset/cat/1058.jpg,cat
F:\NTSE\lab01\dataset\cat\1059.jpg,../lab01/dataset/cat/1059.jpg,cat
F:\NTSE\lab01\dataset\cat\1060.jpg,../lab01/dataset/cat/1060.jpg,cat
F:\NTSE\lab01\dataset\cat\1061.jpg,../lab01/dataset/cat/1061.jpg,cat
F:\NTSE\lab01\dataset\cat\1062.jpg,../lab01/dataset/cat/1062.jpg,cat
F:\NTSE\lab01\dataset\cat\1063.jpg,../lab01/dataset/cat/1063.jpg,cat
F:\NTSE\lab01\dataset\cat\1064.jpg,../lab01/dataset/cat/1064.jpg,cat
F:\NTSE\lab01\dataset\cat\1065.jpg,../lab01/dataset/cat/1065.jpg,cat
F:\NTSE\lab01\dataset\cat\1066.jpg,../lab01/dataset/cat/1066.jpg,cat
F:\NTSE\lab01\dataset\cat\1067.jpg,../lab01/dataset/cat/1067.jpg,cat
F:\NTSE\lab01\dataset\cat\1068.jpg,../lab01/dataset/cat/1068.jpg,cat
F:\NTSE\lab01\dataset\cat\1069.jpg,../lab01/dataset/cat/1069.jpg,cat
F:\NTSE\lab01\dataset\cat\1070.jpg,../lab01/dataset/cat/1070.jpg,cat
F:\NTSE\lab01\dataset\cat\1071.jpg,../lab01/dataset/cat/1071.jpg,cat
F:\NTSE\lab01\dataset\cat\1072.jpg,../lab01/dataset/cat/1072.jpg,cat
F:\NTSE\lab01\dataset\cat\1073.jpg,../lab01/dataset/cat/1073.jpg,cat
F:\NTSE\lab01\dataset\cat\1074.jpg,../lab01/dataset/cat/1074.jpg,cat
F:\NTSE\lab01\dataset\cat\1075.jpg,../lab01/dataset/cat/1075.jpg,cat
F:\NTSE\lab01\dataset\cat\1076.jpg,../lab01/dataset/cat/1076.jpg,cat
F:\NTSE\lab01\dataset\cat\1077.jpg,../lab01/dataset/cat/1077.jpg,cat
F:\NTSE\lab01\dataset\cat\1078.jpg,../lab01/dataset/cat/1078.jpg,cat
F:\NTSE\lab01\dataset\cat\1079.jpg,../lab01/dataset/cat/1079.jpg,cat
F:\NTSE\lab01\dataset\cat\1080.jpg,../lab01/dataset/cat/1080.jpg,cat
F:\NTSE\lab01\dataset\cat\1081.jpg,../lab01/dataset/cat/1081.jpg,cat
F:\NTSE\lab01\dataset\cat\1082.jpg,../lab01/dataset/cat/1082.jpg,cat
F:\NTSE\lab01\dataset\cat\1083.jpg,../lab01/dataset/cat/1083.jpg,cat
F:\NTSE\lab01\dataset\cat\1084.jpg,../lab01/dataset/cat/1084.jpg,cat
F:\NTSE\lab01\dataset\cat\1085.jpg,../lab01/dataset/cat/1085.jpg,cat
F:\NTSE\lab01\dataset\cat\1086.jpg,../lab01/dataset/cat/1086.jpg,cat
F:\NTSE\lab01\dataset\cat\1087.jpg,../lab01/dataset/cat/1087.jpg,cat
F:\NTSE\lab01\dataset\cat\1088.jpg,../lab01/dataset/cat/1088.jpg,cat
F:\NTSE\lab01\dataset\cat\1089.jpg,../lab01/dataset/cat/1089.jpg,cat
F:\NTSE\lab01\dataset\cat\1090.jpg,../lab01/dataset/cat/1090.jpg,cat
F:\NTSE\lab01\dataset\cat\1091.jpg,../lab01/dataset/cat/1091.jpg,cat
F:\NTSE\lab01\dataset\cat\1092.jpg,../lab01/dataset/cat/1092.jpg,cat
F:\NTSE\lab01\dataset\cat\1093.jpg,../lab01/dataset/cat/1093.jpg,cat
F:\NTSE\lab01\dataset\cat\1094.jpg,../lab01/dataset/cat/1094.jpg,cat
F:\NTSE\lab01\dataset\cat\1095.jpg,../lab01/dataset/cat/1095.jpg,cat
F:\NTSE\lab01\dataset\cat\1096.jpg,../lab01/dataset/cat/1096.jpg,cat
F:\NTSE\lab01\dataset\cat\1097.jpg,../lab01/dataset/cat/1097.jpg,cat
F:\NTSE\lab01\dataset\cat\1098.jpg,../lab01/dataset/cat/1098.jpg,cat
F:\NTSE\lab01\dataset\cat\1099.jpg,../lab01/dataset/cat/1099.jpg,cat
F:\NTSE\lab01\dataset\cat\1100.jpg,../lab01/dataset/cat/1100.jpg,cat
F:\NTSE\lab01\dataset\cat\1101.jpg,../lab01/dataset/cat/1101.jpg,cat
F:\NTSE\lab01\dataset\cat\1102.jpg,../lab01/dataset/cat/1102.jpg,cat
F:\NTSE\lab01\dataset\cat\1103.jpg,../lab01/dataset/cat/1103.jpg,cat
F:\NTSE\lab01\dataset\cat\1104.jpg,../lab01/dataset/cat/1104.jpg,cat
F:\NTSE\lab01\dataset\cat\1105.jpg,../lab01/dataset/cat/1105.jpg,cat
F:\NTSE\lab01\dataset\cat\1106.jpg,../lab01/dataset/cat/1106.jpg,cat
F:\NTSE\lab01\dataset\cat\1107.jpg,../lab01/dataset/cat/1107.jpg,cat
F:\NTSE\lab01\dataset\cat\1108.jpg,../lab01/dataset/cat/1108.jpg,cat
F:\NTSE\lab01\dataset\cat\1109.jpg,../lab01/dataset/cat/1109.jpg,cat
F:\NTSE\lab01\dataset\cat\1110.jpg,../lab01/dataset/cat/1110.jpg,cat
F:\NTSE\lab01\dataset\cat\1111.jpg,../lab01/dataset/cat/1111.jpg,cat
F:\NTSE\lab01\dataset\cat\1112.jpg,../lab01/dataset/cat/1112.jpg,cat
F:\NTSE\lab01\dataset\cat\1113.jpg,../lab01/dataset/cat/1113.jpg,cat
F:\NTSE\lab01\dataset\cat\1114.jpg,../lab01/dataset/cat/1114.jpg,cat
F:\NTSE\lab01\dataset\cat\1115.jpg,../lab01/dataset/cat/1115.jpg,cat
F:\NTSE\lab01\dataset\cat\1116.jpg,../lab01/dataset/cat/1116.jpg,cat
F:\NTSE\lab01\dataset\cat\1117.jpg,../lab01/dataset/cat/1117.jpg,cat
F:\NTSE\lab01\dataset\cat\1118.jpg,../lab01/dataset/cat/1118.jpg,cat
F:\NTSE\lab01\dataset\cat\1119.jpg,../lab01/dataset/cat/1119.jpg,cat
F:\NTSE\lab01\dataset\cat\1120.jpg,../lab01/dataset/cat/1120.jpg,cat
F:\NTSE\lab01\dataset\cat\1121.jpg,../lab01/dataset/cat/1121.jpg,cat
F:\NTSE\lab01\dataset\cat\1122.jpg,../lab01/dataset/cat/1122.jpg,cat
F:\NTSE\lab01\dataset\cat\1123.jpg,../lab01/dataset/cat/1123.jpg,cat
F:\NTSE\lab01\dataset\cat\1124.jpg,../lab01/dataset/cat/1124.jpg,cat
F:\NTSE\lab01\dataset\cat\1125.jpg,../lab01/dataset/cat/1125.jpg,cat
F:\NTSE\lab01\dataset\cat\1126.jpg,../lab01/dataset/cat/1126.jpg,cat
F:\NTSE\lab01\dataset\cat\1127.jpg,../lab01/dataset/cat/1127.jpg,cat
F:\NTSE\lab01\dataset\cat\1128.jpg,../lab01/dataset/cat/1128.jpg,cat
F:\NTSE\lab01\dataset\cat\1129.jpg,../lab01/dataset/cat/1129.jpg,cat
F:\NTSE\lab01\dataset\cat\1130.jpg,../lab01/dataset/cat/1130.jpg,cat
F:\NTSE\lab01\dataset\cat\1131.jpg,../lab01/dataset/cat/1131.jpg,cat
F:\NTSE\lab01\dataset\cat\1132.jpg,../lab01/dataset/cat/1132.jpg,cat
F:\NTSE\lab01\dataset\cat\1133.jpg,../lab01/dataset/cat/1133.jpg,cat
F:\NTSE\lab01\dataset\cat\1134.jpg,../lab01/dataset/cat/1134.jpg,cat
F:\NTSE\lab01\dataset\cat\1135.jpg,../lab01/dataset/cat/1135.jpg,cat
F:\NTSE\lab01\dataset\cat\1136.jpg,../lab01/dataset/cat/1136.jpg,cat
F:\NTSE\lab01\dataset\cat\1137.jpg,../lab01/dataset/cat/1137.jpg,cat
F:\NTSE\lab01\dataset\cat\1138.jpg,../lab01/dataset/cat/1138.jpg,cat
F:\NTSE\lab01\dataset\cat\1139.jpg,../lab01/dataset/cat/1139.jpg,cat
F:\NTSE\lab01\dataset\cat\1140.jpg,../lab01/dataset/cat/1140.jpg,cat
F:\NTSE\lab01\dataset\cat\1141.jpg,../lab01/dataset/cat/1141.jpg,cat
F:\NTSE\lab01\dataset\cat\1142.jpg,../lab01/dataset/cat/1142.jpg,cat
F:\NTSE\lab01\dataset\cat\1143.jpg,../lab01/dataset/cat/1143.jpg,cat
F:\NTSE\lab01\dataset\cat\1144.jpg,../lab01/dataset/cat/1144.jpg,cat
F:\NTSE\lab01\dataset\cat\1145.jpg,../lab01/dataset/cat/1145.jpg,cat
F:\NTSE\lab01\dataset\cat\1146.jpg,../lab01/dataset/cat/1146.jpg,cat
F:\NTSE\lab01\dataset\cat\1147.jpg,../lab01/dataset/cat/1147.jpg,cat
F:\NTSE\lab01\dataset\cat\1148.jpg,../lab01/dataset/cat/1148.jpg,cat
F:\NTSE\lab01\dataset\cat\1149.jpg,../lab01/dataset/cat/1149.jpg,cat
F:\NTSE\lab01\dataset\cat\1150.jpg,../lab01/dataset/cat/1150.jpg,cat
F:\NTSE\lab01\dataset\cat\1151.jpg,../lab01/dataset/cat/1151.jpg,cat
F:\NTSE\lab01\dataset\cat\1152.jpg,../lab01/dataset/cat/1152.jpg,cat
F:\NTSE\lab01\dataset\cat\1153.jpg,../lab01/dataset/cat/1153.jpg,cat
F:\NTSE\lab01\dataset\cat\1154.jpg,../lab01/dataset/cat/1154.jpg,cat
F:\NTSE\lab01\dataset\cat\1155.jpg,../lab01/dataset/cat/1155.jpg,cat
F:\NTSE\lab01\dataset\cat\1156.jpg,../lab01/dataset/cat/1156.jpg,cat
F:\NTSE\lab01\dataset\cat\1157.jpg,../lab01/dataset/cat/1157.jpg,cat
F:\NTSE\lab01\dataset\cat\1158.jpg,../lab01/dataset/cat/1158.jpg,cat
F:\NTSE\lab01\dataset\cat\1159.jpg,../lab01/dataset/cat/1159.jpg,cat
F:\NTSE\lab01\dataset\cat\1160.jpg,../lab01/dataset/cat/1160.jpg,cat
F:\NTSE\lab01\dataset\cat\1161.jpg,../lab01/dataset/cat/1161.jpg,cat
F:\NTSE\lab01\dataset\cat\1162.jpg,../lab01/dataset/cat/1162.jpg,cat
F:\NTSE\lab01\dataset\cat\1163.jpg,../lab01/dataset/cat/1163.jpg,cat
F:\NTSE\lab01\dataset\cat\1164.jpg,../lab01/dataset/cat/1164.jpg,cat
F:\NTSE\lab01\dataset\cat\1165.jpg,../lab01/dataset/cat/1165.jpg,cat
F:\NTSE\lab01\dataset\cat\1166.jpg,../lab01/dataset/cat/1166.jpg,cat
F:\NTSE\lab01\dataset\cat\1167.jpg,../lab01/dataset/cat/1167.jpg,cat
F:\NTSE\lab01\dataset\cat\1168.jpg,../lab01/dataset/cat/1168.jpg,cat
F:\NTSE\lab01\dataset\cat\1169.jpg,../lab01/dataset/cat/1169.jpg,cat
F:\NTSE\lab01\dataset\cat\1170.jpg,../lab01/dataset/cat/1170.jpg,cat
F:\NTSE\lab01\dataset\cat\1171.jpg,../lab01/dataset/cat/1171.jpg,cat
F:\NTSE\lab01\dataset\cat\1172.jpg,../lab01/dataset/cat/1172.jpg,cat
F:\NTSE\lab01\dataset\cat\1173.jpg,../lab01/dataset/cat/1173.jpg,cat
F:\NTSE\lab01\dataset\cat\1174.jpg,../lab01/dataset/cat/1174.jpg,cat
F:\NTSE\lab01\dataset\cat\1175.jpg,../lab01/dataset/cat/1175.jpg,cat
F:\NTSE\lab01\dataset\cat\1176.jpg,../lab01/dataset/cat/1176.jpg,cat
F:\NTSE\lab01\dataset\cat\1177.jpg,../lab01/dataset/cat/1177.jpg,cat
F:\NTSE\lab01\dataset\cat\1178.jpg,../lab01/dataset/cat/1178.jpg,cat
F:\NTSE\lab01\dataset\cat\1179.jpg,../lab01/dataset/cat/1179.jpg,cat
F:\NTSE\lab01\dataset\cat\1180.jpg,../lab01/dataset/cat/1180.jpg,cat
F:\NTSE\lab01\dataset\cat\1181.jpg,../lab01/dataset/cat/1181.jpg,cat
F:\NTSE\lab01\dataset\cat\1182.jpg,../lab01/dataset/cat/1182.jpg,cat
F:\NTSE\lab01\dataset\cat\1183.jpg,../lab01/dataset/cat/1183.jpg,cat
F:\NTSE\lab01\dataset\cat\1184.jpg,../lab01/dataset/cat/1184.jpg,cat
F:\NTSE\lab01\dataset\cat\1185.jpg,../lab01/dataset/cat/1185.jpg,cat
F:\NTSE\lab01\dataset\cat\1186.jpg,../lab01/dataset/cat/1186.jpg,cat
F:\NTSE\lab01\dataset\cat\1187.jpg,../lab01/dataset/cat/1187.jpg,cat
F:\NTSE\lab01\dataset\cat\1188.jpg,../lab01/dataset/cat/1188.jpg,cat
F:\NTSE\lab01\dataset\cat\1189.jpg,../lab01/dataset/cat/1189.jpg,cat
F:\NTSE\lab01\dataset\cat\1190.jpg,../lab01/dataset/cat/1190.jpg,cat
F:\NTSE\lab01\dataset\cat\1191.jpg,../lab01/dataset/cat/1191.jpg,cat
F:\NTSE\lab01\dataset\cat\1192.jpg,../lab01/dataset/cat/1192.jpg,cat
F:\NTSE\lab01\dataset\cat\1193.jpg,../lab01/dataset/cat/1193.jpg,cat
F:\NTSE\lab01\dataset\cat\1194.jpg,../lab01/dataset/cat/1194.jpg,cat
F:\NTSE\lab01\dataset\cat\1195.jpg,../lab01/dataset/cat/1195.jpg,cat
F:\NTSE\lab01\dataset\cat\1196.jpg,../lab01/dataset/cat/1196.jpg,cat
F:\NTSE\lab01\dataset\cat\1197.jpg,../lab01/dataset/cat/1197.jpg,cat
F:\NTSE\lab01\dataset\cat\1198.jpg,../lab01/dataset/cat/1198.jpg,cat
F:\NTSE\lab01\dataset\cat\1199.jpg,../lab01/dataset/cat/1199.jpg,cat
F:\NTSE\lab01\dataset\dog\0000.jpg,../lab01/dataset/dog/0000.jpg,dog
F:\NTSE\lab01\dataset\dog\0001.jpg,../lab01/dataset/dog/0001.jpg,dog
F:\NTSE\lab01\dataset\dog\0002.jpg,../lab01/dataset/dog/0002.jpg,dog
F:\NTSE\lab01\dataset\dog\0003.jpg,../lab01/dataset/dog/0003.jpg,dog
F:\NTSE\lab01\dataset\dog\0004.jpg,../lab01/dataset/dog/0004.jpg,dog
F:\NTSE\lab01\dataset\dog\0005.jpg,../lab01/dataset/dog/0005.jpg,dog
F:\NTSE\lab01\dataset\dog\0006.jpg,../lab01/dataset/dog/0006.jpg,dog
F:\NTSE\lab01\dataset\dog\0007.jpg,../lab01/dataset/dog/0007.jpg,dog
F:\NTSE\lab01\dataset\dog\0008.jpg,../lab01/dataset/dog/0008.jpg,dog
F:\NTSE\lab01\dataset\dog\0009.jpg,../lab01/dataset/dog/0009.jpg,dog
F:\NTSE\lab01\dataset\dog\0010.jpg,../lab01/dataset/dog/0010.jpg,dog
F:\NTSE\lab01\dataset\dog\0011.jpg,../lab01/dataset/dog/0011.jpg,dog
F:\NTSE\lab01\dataset\dog\0012.jpg,../lab01/dataset/dog/0012.jpg,dog
F:\NTSE\lab01\dataset\dog\0013.jpg,../lab01/dataset/dog/0013.jpg,dog
F:\NTSE\lab01\dataset\dog\0014.jpg,../lab01/dataset/dog/0014.jpg,dog
F:\NTSE\lab01\dataset\dog\0015.jpg,../lab01/dataset/dog/0015.jpg,dog
F:\NTSE\lab01\dataset\dog\0016.jpg,../lab01/dataset/dog/0016.jpg,dog
F:\NTSE\lab01\dataset\dog\0017.jpg,../lab01/dataset/dog/0017.jpg,dog
F:\NTSE\lab01\dataset\dog\0018.jpg,../lab01/dataset/dog/0018.jpg,dog
F:\NTSE\lab01\dataset\dog\0019.jpg,../lab01/dataset/dog/0019.jpg,dog
F:\NTSE\lab01\dataset\dog\0020.jpg,../lab01/dataset/dog/0020.jpg,dog
F:\NTSE\lab01\dataset\dog\0021.jpg,../lab01/dataset/dog/0021.jpg,dog
F:\NTSE\lab01\dataset\dog\0022.jpg,../lab01/dataset/dog/0022.jpg,dog
F:\NTSE\lab01\dataset\dog\0023.jpg,../lab01/dataset/dog/0023.jpg,dog
F:\NTSE\lab01\dataset\dog\0024.jpg,../lab01/dataset/dog/0024.jpg,dog
F:\NTSE\lab01\dataset\dog\0025.jpg,../lab01/dataset/dog/0025.jpg,dog
F:\NTSE\lab01\dataset\dog\0026.jpg,../lab01/dataset/dog/0026.jpg,dog
F:\NTSE\lab01\dataset\dog\0027.jpg,../lab01/dataset/dog/0027.jpg,dog
F:\NTSE\lab01\dataset\dog\0028.jpg,../lab01/dataset/dog/0028.jpg,dog
F:\NTSE\lab01\dataset\dog\0029.jpg,../lab01/dataset/dog/0029.jpg,dog
F:\NTSE\lab01\dataset\dog\0030.jpg,../lab01/dataset/dog/0030.jpg,dog
F:\NTSE\lab01\dataset\dog\0031.jpg,../lab01/dataset/dog/0031.jpg,dog
F:\NTSE\lab01\dataset\dog\0032.jpg,../lab01/dataset/dog/0032.jpg,dog
F:\NTSE\lab01\dataset\dog\0033.jpg,../lab01/dataset/dog/0033.jpg,dog
F:\NTSE\lab01\dataset\dog\0034.jpg,../lab01/dataset/dog/0034.jpg,dog
F:\NTSE\lab01\dataset\dog\0035.jpg,../lab01/dataset/dog/0035.jpg,dog
F:\NTSE\lab01\dataset\dog\0036.jpg,../lab01/dataset/dog/0036.jpg,dog
F:\NTSE\lab01\dataset\dog\0037.jpg,../lab01/dataset/dog/0037.jpg,dog
F:\NTSE\lab01\dataset\dog\0038.jpg,../lab01/dataset/dog/0038.jpg,dog
F:\NTSE\lab01\dataset\dog\0039.jpg,../lab01/dataset/dog/0039.jpg,dog
F:\NTSE\lab01\dataset\dog\0040.jpg,../lab01/dataset/dog/0040.jpg,dog
F:\NTSE\lab01\dataset\dog\0041.jpg,../lab01/dataset/dog/0041.jpg,dog
F:\NTSE\lab01\dataset\dog\0042.jpg,../lab01/dataset/dog/0042.jpg,dog
F:\NTSE\lab01\dataset\dog\0043.jpg,../lab01/dataset/dog/0043.jpg,dog
F:\NTSE\lab01\dataset\dog\0044.jpg,../lab01/dataset/dog/0044.jpg,dog
F:\NTSE\lab01\dataset\dog\0045.jpg,../lab01/dataset/dog/0045.jpg,dog
F:\NTSE\lab01\dataset\dog\0046.jpg,../lab01/dataset/dog/0046.jpg,dog
F:\NTSE\lab01\dataset\dog\0047.jpg,../lab01/dataset/dog/0047.jpg,dog
F:\NTSE\lab01\dataset\dog\0048.jpg,../lab01/dataset/dog/0048.jpg,dog
F:\NTSE\lab01\dataset\dog\0049.jpg,../lab01/dataset/dog/0049.jpg,dog
F:\NTSE\lab01\dataset\dog\0050.jpg,../lab01/dataset/dog/0050.jpg,dog
F:\NTSE\lab01\dataset\dog\0051.jpg,../lab01/dataset/dog/0051.jpg,dog
F:\NTSE\lab01\dataset\dog\0052.jpg,../lab01/dataset/dog/0052.jpg,dog
F:\NTSE\lab01\dataset\dog\0053.jpg,../lab01/dataset/dog/0053.jpg,dog
F:\NTSE\lab01\dataset\dog\0054.jpg,../lab01/dataset/dog/0054.jpg,dog
F:\NTSE\lab01\dataset\dog\0055.jpg,../lab01/dataset/dog/0055.jpg,dog
F:\NTSE\lab01\dataset\dog\0056.jpg,../lab01/dataset/dog/0056.jpg,dog
F:\NTSE\lab01\dataset\dog\0057.jpg,../lab01/dataset/dog/0057.jpg,dog
F:\NTSE\lab01\dataset\dog\0058.jpg,../lab01/dataset/dog/0058.jpg,dog
F:\NTSE\lab01\dataset\dog\0059.jpg,../lab01/dataset/dog/0059.jpg,dog
F:\NTSE\lab01\dataset\dog\0060.jpg,../lab01/dataset/dog/0060.jpg,dog
F:\NTSE\lab01\dataset\dog\0061.jpg,../lab01/dataset/dog/0061.jpg,dog
F:\NTSE\lab01\dataset\dog\0062.jpg,../lab01/dataset/dog/0062.jpg,dog
F:\NTSE\lab01\dataset\dog\0063.jpg,../lab01/dataset/dog/0063.jpg,dog
F:\NTSE\lab01\dataset\dog\0064.jpg,../lab01/dataset/dog/0064.jpg,dog
F:\NTSE\lab01\dataset\dog\0065.jpg,../lab01/dataset/dog/0065.jpg,dog
F:\NTSE\lab01\dataset\dog\0066.jpg,../lab01/dataset/dog/0066.jpg,dog
F:\NTSE\lab01\dataset\dog\0067.jpg,../lab01/dataset/dog/0067.jpg,dog
F:\NTSE\lab01\dataset\dog\0068.jpg,../lab01/dataset/dog/0068.jpg,dog
F:\NTSE\lab01\dataset\dog\0069.jpg,../lab01/dataset/dog/0069.jpg,dog
F:\NTSE\lab01\dataset\dog\0070.jpg,../lab01/dataset/dog/0070.jpg,dog
F:\NTSE\lab01\dataset\dog\0071.jpg,../lab01/dataset/dog/0071.jpg,dog
F:\NTSE\lab01\dataset\dog\0072.jpg,../lab01/dataset/dog/0072.jpg,dog
F:\NTSE\lab01\dataset\dog\0073.jpg,../lab01/dataset/dog/0073.jpg,dog
F:\NTSE\lab01\dataset\dog\0074.jpg,../lab01/dataset/dog/0074.jpg,dog
F:\NTSE\lab01\dataset\dog\0075.jpg,../lab01/dataset/dog/0075.jpg,dog
F:\NTSE\lab01\dataset\dog\0076.jpg,../lab01/dataset/dog/0076.jpg,dog
F:\NTSE\lab01\dataset\dog\0077.jpg,../lab01/dataset/dog/0077.jpg,dog
F:\NTSE\lab01\dataset\dog\0078.jpg,../lab01/dataset/dog/0078.jpg,dog
F:\NTSE\lab01\dataset\dog\0079.jpg,../lab01/dataset/dog/0079.jpg,dog
F:\NTSE\lab01\dataset\dog\0080.jpg,../lab01/dataset/dog/0080.jpg,dog
F:\NTSE\lab01\dataset\dog\0081.jpg,../lab01/dataset/dog/0081.jpg,dog
F:\NTSE\lab01\dataset\dog\0082.jpg,../lab01/dataset/dog/0082.jpg,dog
F:\NTSE\lab01\dataset\dog\0083.jpg,../lab01/dataset/dog/0083.jpg,dog
F:\NTSE\lab01\dataset\dog\0084.jpg,../lab01/dataset/dog/0084.jpg,dog
F:\NTSE\lab01\dataset\dog\0085.jpg,../lab01/dataset/dog/0085.jpg,dog
F:\NTSE\lab01\dataset\dog\0086.jpg,../lab01/dataset/dog/0086.jpg,dog
F:\NTSE\lab01\dataset\dog\0087.jpg,../lab01/dataset/dog/0087.jpg,dog
F:\NTSE\lab01\dataset\dog\0088.jpg,../lab01/dataset/dog/0088.jpg,dog
F:\NTSE\lab01\dataset\dog\0089.jpg,../lab01/dataset/dog/0089.jpg,dog
F:\NTSE\lab01\dataset\dog\0090.jpg,../lab01/dataset/dog/0090.jpg,dog
F:\NTSE\lab01\dataset\dog\0091.jpg,../lab01/dataset/dog/0091.jpg,dog
F:\NTSE\lab01\dataset\dog\0092.jpg,../lab01/dataset/dog/0092.jpg,dog
F:\NTSE\lab01\dataset\dog\0093.jpg,../lab01/dataset/dog/0093.jpg,dog
F:\NTSE\lab01\dataset\dog\0094.jpg,../lab01/dataset/dog/0094.jpg,dog
F:\NTSE\lab01\dataset\dog\0095.jpg,../lab01/dataset/dog/0095.jpg,dog
F:\NTSE\lab01\dataset\dog\0096.jpg,../lab01/dataset/dog/0096.jpg,dog
F:\NTSE\lab01\dataset\dog\0097.jpg,../lab01/dataset/dog/0097.jpg,dog
F:\NTSE\lab01\dataset\dog\0098.jpg,../lab01/dataset/dog/0098.jpg,dog
F:\NTSE\lab01\dataset\dog\0099.jpg,../lab01/dataset/dog/0099.jpg,dog
F:\NTSE\lab01\dataset\dog\0100.jpg,../lab01/dataset/dog/0100.jpg,dog
F:\NTSE\lab01\dataset\dog\0101.jpg,../lab01/dataset/dog/0101.jpg,dog
F:\NTSE\lab01\dataset\dog\0102.jpg,../lab01/dataset/dog/0102.jpg,dog
F:\NTSE\lab01\dataset\dog\0103.jpg,../lab01/dataset/dog/0103.jpg,dog
F:\NTSE\lab01\dataset\dog\0104.jpg,../lab01/dataset/dog/0104.jpg,dog
F:\NTSE\lab01\dataset\dog\0105.jpg,../lab01/dataset/dog/0105.jpg,dog
F:\NTSE\lab01\dataset\dog\0106.jpg,../lab01/dataset/dog/0106.jpg,dog
F:\NTSE\lab01\dataset\dog\0107.jpg,../lab01/dataset/dog/0107.jpg,dog
F:\NTSE\lab01\dataset\dog\0108.jpg,../lab01/dataset/dog/0108.jpg,dog
F:\NTSE\lab01\dataset\dog\0109.jpg,../lab01/dataset/dog/0109.jpg,dog
F:\NTSE\lab01\dataset\dog\0110.jpg,../lab01/dataset/dog/0110.jpg,dog
F:\NTSE\lab01\dataset\dog\0111.jpg,../lab01/dataset/dog/0111.jpg,dog
F:\NTSE\lab01\dataset\dog\0112.jpg,../lab01/dataset/dog/0112.jpg,dog
F:\NTSE\lab01\dataset\dog\0113.jpg,../lab01/dataset/dog/0113.jpg,dog
F:\NTSE\lab01\dataset\dog\0114.jpg,../lab01/dataset/dog/0114.jpg,dog
F:\NTSE\lab01\dataset\dog\0115.jpg,../lab01/dataset/dog/0115.jpg,dog
F:\NTSE\lab01\dataset\dog\0116.jpg,../lab01/dataset/dog/0116.jpg,dog
F:\NTSE\lab01\dataset\dog\0117.jpg,../lab01/dataset/dog/0117.jpg,dog
F:\NTSE\lab01\dataset\dog\0118.jpg,../lab01/dataset/dog/0118.jpg,dog
F:\NTSE\lab01\dataset\dog\0119.jpg,../lab01/dataset/dog/0119.jpg,dog
F:\NTSE\lab01\dataset\dog\0120.jpg,../lab01/dataset/dog/0120.jpg,dog
F:\NTSE\lab01\dataset\dog\0121.jpg,../lab01/dataset/dog/0121.jpg,dog
F:\NTSE\lab01\dataset\dog\0122.jpg,../lab01/dataset/dog/0122.jpg,dog
F:\NTSE\lab01\dataset\dog\0123.jpg,../lab01/dataset/dog/0123.jpg,dog
F:\NTSE\lab01\dataset\dog\0124.jpg,../lab01/dataset/dog/0124.jpg,dog
F:\NTSE\lab01\dataset\dog\0125.jpg,../lab01/dataset/dog/0125.jpg,dog
F:\NTSE\lab01\dataset\dog\0126.jpg,../lab01/dataset/dog/0126.jpg,dog
F:\NTSE\lab01\dataset\dog\0127.jpg,../lab01/dataset/dog/0127.jpg,dog
F:\NTSE\lab01\dataset\dog\0128.jpg,../lab01/dataset/dog/0128.jpg,dog
F:\NTSE\lab01\dataset\dog\0129.jpg,../lab01/dataset/dog/0129.jpg,dog
F:\NTSE\lab01\dataset\dog\0130.jpg,../lab01/dataset/dog/0130.jpg,dog
F:\NTSE\lab01\dataset\dog\0131.jpg,../lab01/dataset/dog/0131.jpg,dog
F:\NTSE\lab01\dataset\dog\0132.jpg,../lab01/dataset/dog/0132.jpg,dog
F:\NTSE\lab01\dataset\dog\0133.jpg,../lab01/dataset/dog/0133.jpg,dog
F:\NTSE\lab01\dataset\dog\0134.jpg,../lab01/dataset/dog/0134.jpg,dog
F:\NTSE\lab01\dataset\dog\0135.jpg,../lab01/dataset/dog/0135.jpg,dog
F:\NTSE\lab01\dataset\dog\0136.jpg,../lab01/dataset/dog/0136.jpg,dog
F:\NTSE\lab01\dataset\dog\0137.jpg,../lab01/dataset/dog/0137.jpg,dog
F:\NTSE\lab01\dataset\dog\0138.jpg,../lab01/dataset/dog/0138.jpg,dog
F:\NTSE\lab01\dataset\dog\0139.jpg,../lab01/dataset/dog/0139.jpg,dog
F:\NTSE\lab01\dataset\dog\0140.jpg,../lab01/dataset/dog/0140.jpg,dog
F:\NTSE\lab01\dataset\dog\0141.jpg,../lab01/dataset/dog/0141.jpg,dog
F:\NTSE\lab01\dataset\dog\0142.jpg,../lab01/dataset/dog/0142.jpg,dog
F:\NTSE\lab01\dataset\dog\0143.jpg,../lab01/dataset/dog/0143.jpg,dog
F:\NTSE\lab01\dataset\dog\0144.jpg,../lab01/dataset/dog/0144.jpg,dog
F:\NTSE\lab01\dataset\dog\0145.jpg,../lab01/dataset/dog/0145.jpg,dog
F:\NTSE\lab01\dataset\dog\0146.jpg,../lab01/dataset/dog/0146.jpg,dog
F:\NTSE\lab01\dataset\dog\0147.jpg,../lab01/dataset/dog/0147.jpg,dog
F:\NTSE\lab01\dataset\dog\0148.jpg,../lab01/dataset/dog/0148.jpg,dog
F:\NTSE\lab01\dataset\dog\0149.jpg,../lab01/dataset/dog/0149.jpg,dog
F:\NTSE\lab01\dataset\dog\0150.jpg,../lab01/dataset/dog/0150.jpg,dog
F:\NTSE\lab01\dataset\dog\0151.jpg,../lab01/dataset/dog/0151.jpg,dog
F:\NTSE\lab01\dataset\dog\0152.jpg,../lab01/dataset/dog/0152.jpg,dog
F:\NTSE\lab01\dataset\dog\0153.jpg,../lab01/dataset/dog/0153.jpg,dog
F:\NTSE\lab01\dataset\dog\0154.jpg,../lab01/dataset/dog/0154.jpg,dog
F:\NTSE\lab01\dataset\dog\0155.jpg,../lab01/dataset/dog/0155.jpg,dog
F:\NTSE\lab01\dataset\dog\0156.jpg,../lab01/dataset/dog/0156.jpg,dog
F:\NTSE\lab01\dataset\dog\0157.jpg,../lab01/dataset/dog/0157.jpg,dog
F:\NTSE\lab01\dataset\dog\0158.jpg,../lab01/dataset/dog/0158.jpg,dog
F:\NTSE\lab01\dataset\dog\0159.jpg,../lab01/dataset/dog/0159.jpg,dog
F:\NTSE\lab01\dataset\dog\0160.jpg,../lab01/dataset/dog/0160.jpg,dog
F:\NTSE\lab01\dataset\dog\0161.jpg,../lab01/dataset/dog/0161.jpg,dog
F:\NTSE\lab01\dataset\dog\0162.jpg,../lab01/dataset/dog/0162.jpg,dog
F:\NTSE\lab01\dataset\dog\0163.jpg,../lab01/dataset/dog/0163.jpg,dog
F:\NTSE\lab01\dataset\dog\0164.jpg,../lab01/dataset/dog/0164.jpg,dog
F:\NTSE\lab01\dataset\dog\0165.jpg,../lab01/dataset/dog/0165.jpg,dog
F:\NTSE\lab01\dataset\dog\0166.jpg,../lab01/dataset/dog/0166.jpg,dog
F:\NTSE\lab01\dataset\dog\0167.jpg,../lab01/dataset/dog/0167.jpg,dog
F:\NTSE\lab01\dataset\dog\0168.jpg,../lab01/dataset/dog/0168.jpg,dog
F:\NTSE\lab01\dataset\dog\0169.jpg,../lab01/dataset/dog/0169.jpg,dog
F:\NTSE\lab01\dataset\dog\0170.jpg,../lab01/dataset/dog/0170.jpg,dog
F:\NTSE\lab01\dataset\dog\0171.jpg,../lab01/dataset/dog/0171.jpg,dog
F:\NTSE\lab01\dataset\dog\0172.jpg,../lab01/dataset/dog/0172.jpg,dog
F:\NTSE\lab01\dataset\dog\0173.jpg,../lab01/dataset/dog/0173.jpg,dog
F:\NTSE\lab01\dataset\dog\0174.jpg,../lab01/dataset/dog/0174.jpg,dog
F:\NTSE\lab01\dataset\dog\0175.jpg,../lab01/dataset/dog/0175.jpg,dog
F:\NTSE\lab01\dataset\dog\0176.jpg,../lab01/dataset/dog/0176.jpg,dog
F:\NTSE\lab01\dataset\dog\0177.jpg,../lab01/dataset/dog/0177.jpg,dog
F:\NTSE\lab01\dataset\dog\0178.jpg,../lab01/dataset/dog/0178.jpg,dog
F:\NTSE\lab01\dataset\dog\0179.jpg,../lab01/dataset/dog/0179.jpg,dog
F:\NTSE\lab01\dataset\dog\0180.jpg,../lab01/dataset/dog/0180.jpg,dog
F:\NTSE\lab01\dataset\dog\0181.jpg,../lab01/dataset/dog/0181.jpg,dog
F:\NTSE\lab01\dataset\dog\0182.jpg,../lab01/dataset/dog/0182.jpg,dog
F:\NTSE\lab01\dataset\dog\0183.jpg,../lab01/dataset/dog/0183.jpg,dog
F:\NTSE\lab01\dataset\dog\0184.jpg,../lab01/dataset/dog/0184.jpg,dog
F:\NTSE\lab01\dataset\dog\0185.jpg,../lab01/dataset/dog/0185.jpg,dog
F:\NTSE\lab01\dataset\dog\0186.jpg,../lab01/dataset/dog/0186.jpg,dog
F:\NTSE\lab01\dataset\dog\0187.jpg,../lab01/dataset/dog/0187.jpg,dog
F:\NTSE\lab01\dataset\dog\0188.jpg,../lab01/dataset/dog/0188.jpg,dog
F:\NTSE\lab01\dataset\dog\0189.jpg,../lab01/dataset/dog/0189.jpg,dog
F:\NTSE\lab01\dataset\dog\0190.jpg,../lab01/dataset/dog/0190.jpg,dog
F:\NTSE\lab01\dataset\dog\0191.jpg,../lab01/dataset/dog/0191.jpg,dog
F:\NTSE\lab01\dataset\dog\0192.jpg,../lab01/dataset/dog/0192.jpg,dog
F:\NTSE\lab01\dataset\dog\0193.jpg,../lab01/dataset/dog/0193.jpg,dog
F:\NTSE\lab01\dataset\dog\0194.jpg,../lab01/dataset/dog/0194.jpg,dog
F:\NTSE\lab01\dataset\dog\0195.jpg,../lab01/dataset/dog/0195.jpg,dog
F:\NTSE\lab01\dataset\dog\0196.jpg,../lab01/dataset/dog/0196.jpg,dog
F:\NTSE\lab01\dataset\dog\0197.jpg,../lab01/dataset/dog/0197.jpg,dog
F:\NTSE\lab01\dataset\dog\0198.jpg,../lab01/dataset/dog/0198.jpg,dog
F:\NTSE\lab01\dataset\dog\0199.jpg,../lab01/dataset/dog/0199.jpg,dog
F:\NTSE\lab01\dataset\dog\0200.jpg,../lab01/dataset/dog/0200.jpg,dog
F:\NTSE\lab01\dataset\dog\0201.jpg,../lab01/dataset/dog/0201.jpg,dog
F:\NTSE\lab01\dataset\dog\0202.jpg,../lab01/dataset/dog/0202.jpg,dog
F:\NTSE\lab01\dataset\dog\0203.jpg,../lab01/dataset/dog/0203.jpg,dog
F:\NTSE\lab01\dataset\dog\0204.jpg,../lab01/dataset/dog/0204.jpg,dog
F:\NTSE\lab01\dataset\dog\0205.jpg,../lab01/dataset/dog/0205.jpg,dog
F:\NTSE\lab01\dataset\dog\0206.jpg,../lab01/dataset/dog/0206.jpg,dog
F:\NTSE\lab01\dataset\dog\0207.jpg,../lab01/dataset/dog/0207.jpg,dog
F:\NTSE\lab01\dataset\dog\0208.jpg,../lab01/dataset/dog/0208.jpg,dog
F:\NTSE\lab01\dataset\dog\0209.jpg,../lab01/dataset/dog/0209.jpg,dog
F:\NTSE\lab01\dataset\dog\0210.jpg,../lab01/dataset/dog/0210.jpg,dog
F:\NTSE\lab01\dataset\dog\0211.jpg,../lab01/dataset/dog/0211.jpg,dog
F:\NTSE\lab01\dataset\dog\0212.jpg,../lab01/dataset/dog/0212.jpg,dog
F:\NTSE\lab01\dataset\dog\0213.jpg,../lab01/dataset/dog/0213.jpg,dog
F:\NTSE\lab01\dataset\dog\0214.jpg,../lab01/dataset/dog/0214.jpg,dog
F:\NTSE\lab01\dataset\dog\0215.jpg,../lab01/dataset/dog/0215.jpg,dog
F:\NTSE\lab01\dataset\dog\0216.jpg,../lab01/dataset/dog/0216.jpg,dog
F:\NTSE\lab01\dataset\dog\0217.jpg,../lab01/dataset/dog/0217.jpg,dog
F:\NTSE\lab01\dataset\dog\0218.jpg,../lab01/dataset/dog/0218.jpg,dog
F:\NTSE\lab01\dataset\dog\0219.jpg,../lab01/dataset/dog/0219.jpg,dog
F:\NTSE\lab01\dataset\dog\0220.jpg,../lab01/dataset/dog/0220.jpg,dog
F:\NTSE\lab01\dataset\dog\0221.jpg,../lab01/dataset/dog/0221.jpg,dog
F:\NTSE\lab01\dataset\dog\0222.jpg,../lab01/dataset/dog/0222.jpg,dog
F:\NTSE\lab01\dataset\dog\0223.jpg,../lab01/dataset/dog/0223.jpg,dog
F:\NTSE\lab01\dataset\dog\0224.jpg,../lab01/dataset/dog/0224.jpg,dog
F:\NTSE\lab01\dataset\dog\0225.jpg,../lab01/dataset/dog/0225.jpg,dog
F:\NTSE\lab01\dataset\dog\0226.jpg,../lab01/dataset/dog/0226.jpg,dog
F:\NTSE\lab01\dataset\dog\0227.jpg,../lab01/dataset/dog/0227.jpg,dog
F:\NTSE\lab01\dataset\dog\0228.jpg,../lab01/dataset/dog/0228.jpg,dog
F:\NTSE\lab01\dataset\dog\0229.jpg,../lab01/dataset/dog/0229.jpg,dog
F:\NTSE\lab01\dataset\dog\0230.jpg,../lab01/dataset/dog/0230.jpg,dog
F:\NTSE\lab01\dataset\dog\0231.jpg,../lab01/dataset/dog/0231.jpg,dog
F:\NTSE\lab01\dataset\dog\0232.jpg,../lab01/dataset/dog/0232.jpg,dog
F:\NTSE\lab01\dataset\dog\0233.jpg,../lab01/dataset/dog/0233.jpg,dog
F:\NTSE\lab01\dataset\dog\0234.jpg,../lab01/dataset/dog/0234.jpg,dog
F:\NTSE\lab01\dataset\dog\0235.jpg,../lab01/dataset/dog/0235.jpg,dog
F:\NTSE\lab01\dataset\dog\0236.jpg,../lab01/dataset/dog/0236.jpg,dog
F:\NTSE\lab01\dataset\dog\0237.jpg,../lab01/dataset/dog/0237.jpg,dog
F:\NTSE\lab01\dataset\dog\0238.jpg,../lab01/dataset/dog/0238.jpg,dog
F:\NTSE\lab01\dataset\dog\0239.jpg,../lab01/dataset/dog/0239.jpg,dog
F:\NTSE\lab01\dataset\dog\0240.jpg,../lab01/dataset/dog/0240.jpg,dog
F:\NTSE\lab01\dataset\dog\0241.jpg,../lab01/dataset/dog/0241.jpg,dog
F:\NTSE\lab01\dataset\dog\0242.jpg,../lab01/dataset/dog/0242.jpg,dog
F:\NTSE\lab01\dataset\dog\0243.jpg,../lab01/dataset/dog/0243.jpg,dog
F:\NTSE\lab01\dataset\dog\0244.jpg,../lab01/dataset/dog/0244.jpg,dog
F:\NTSE\lab01\dataset\dog\0245.jpg,../lab01/dataset/dog/0245.jpg,dog
F:\NTSE\lab01\dataset\dog\0246.jpg,../lab01/dataset/dog/0246.jpg,dog
F:\NTSE\lab01\dataset\dog\0247.jpg,../lab01/dataset/dog/0247.jpg,dog
F:\NTSE\lab01\dataset\dog\0248.jpg,../lab01/dataset/dog/0248.jpg,dog
F:\NTSE\lab01\dataset\dog\0249.jpg,../lab01/dataset/dog/0249.jpg,dog
F:\NTSE\lab01\dataset\dog\0250.jpg,../lab01/dataset/dog/0250.jpg,dog
F:\NTSE\lab01\dataset\dog\0251.jpg,../lab01/dataset/dog/0251.jpg,dog
F:\NTSE\lab01\dataset\dog\0252.jpg,../lab01/dataset/dog/0252.jpg,dog
F:\NTSE\lab01\dataset\dog\0253.jpg,../lab01/dataset/dog/0253.jpg,dog
F:\NTSE\lab01\dataset\dog\0254.jpg,../lab01/dataset/dog/0254.jpg,dog
F:\NTSE\lab01\dataset\dog\0255.jpg,../lab01/dataset/dog/0255.jpg,dog
F:\NTSE\lab01\dataset\dog\0256.jpg,../lab01/dataset/dog/0256.jpg,dog
F:\NTSE\lab01\dataset\dog\0257.jpg,../lab01/dataset/dog/0257.jpg,dog
F:\NTSE\lab01\dataset\dog\0258.jpg,../lab01/dataset/dog/0258.jpg,dog
F:\NTSE\lab01\dataset\dog\0259.jpg,../lab01/dataset/dog/0259.jpg,dog
F:\NTSE\lab01\dataset\dog\0260.jpg,../lab01/dataset/dog/0260.jpg,dog
F:\NTSE\lab01\dataset\dog\0261.jpg,../lab01/dataset/dog/0261.jpg,dog
F:\NTSE\lab01\dataset\dog\0262.jpg,../lab01/dataset/dog/0262.jpg,dog
F:\NTSE\lab01\dataset\dog\0263.jpg,../lab01/dataset/dog/0263.jpg,dog
F:\NTSE\lab01\dataset\dog\0264.jpg,../lab01/dataset/dog/0264.jpg,dog
F:\NTSE\lab01\dataset\dog\0265.jpg,../lab01/dataset/dog/0265.jpg,dog
F:\NTSE\lab01\dataset\dog\0266.jpg,../lab01/dataset/dog/0266.jpg,dog
F:\NTSE\lab01\dataset\dog\0267.jpg,../lab01/dataset/dog/0267.jpg,dog
F:\NTSE\lab01\dataset\dog\0268.jpg,../lab01/dataset/dog/0268.jpg,dog
F:\NTSE\lab01\dataset\dog\0269.jpg,../lab01/dataset/dog/0269.jpg,dog
F:\NTSE\lab01\dataset\dog\0270.jpg,../lab01/dataset/dog/0270.jpg,dog
F:\NTSE\lab01\dataset\dog\0271.jpg,../lab01/dataset/dog/0271.jpg,dog
F:\NTSE\lab01\dataset\dog\0272.jpg,../lab01/dataset/dog/0272.jpg,dog
F:\NTSE\lab01\dataset\dog\0273.jpg,../lab01/dataset/dog/0273.jpg,dog
F:\NTSE\lab01\dataset\dog\0274.jpg,../lab01/dataset/dog/0274.jpg,dog
F:\NTSE\lab01\dataset\dog\0275.jpg,../lab01/dataset/dog/0275.jpg,dog
F:\NTSE\lab01\dataset\dog\0276.jpg,../lab01/dataset/dog/0276.jpg,dog
F:\NTSE\lab01\dataset\dog\0277.jpg,../lab01/dataset/dog/0277.jpg,dog
F:\NTSE\lab01\dataset\dog\0278.jpg,../lab01/dataset/dog/0278.jpg,dog
F:\NTSE\lab01\dataset\dog\0279.jpg,../lab01/dataset/dog/0279.jpg,dog
F:\NTSE\lab01\dataset\dog\0280.jpg,../lab01/dataset/dog/0280.jpg,dog
F:\NTSE\lab01\dataset\dog\0281.jpg,../lab01/dataset/dog/0281.jpg,dog
F:\NTSE\lab01\dataset\dog\0282.jpg,../lab01/dataset/dog/0282.jpg,dog
F:\NTSE\lab01\dataset\dog\0283.jpg,../lab01/dataset/dog/0283.jpg,dog
F:\NTSE\lab01\dataset\dog\0284.jpg,../lab01/dataset/dog/0284.jpg,dog
F:\NTSE\lab01\dataset\dog\0285.jpg,../lab01/dataset/dog/0285.jpg,dog
F:\NTSE\lab01\dataset\dog\0286.jpg,../lab01/dataset/dog/0286.jpg,dog
F:\NTSE\lab01\dataset\dog\0287.jpg,../lab01/dataset/dog/0287.jpg,dog
F:\NTSE\lab01\dataset\dog\0288.jpg,../lab01/dataset/dog/0288.jpg,dog
F:\NTSE\lab01\dataset\dog\0289.jpg,../lab01/dataset/dog/0289.jpg,dog
F:\NTSE\lab01\dataset\dog\0290.jpg,../lab01/dataset/dog/0290.jpg,dog
F:\NTSE\lab01\dataset\dog\0291.jpg,../lab01/dataset/dog/0291.jpg,dog
F:\NTSE\lab01\dataset\dog\0292.jpg,../lab01/dataset/dog/0292.jpg,dog
F:\NTSE\lab01\dataset\dog\0293.jpg,../lab01/dataset/dog/0293.jpg,dog
F:\NTSE\lab01\dataset\dog\0294.jpg,../lab01/dataset/dog/0294.jpg,dog
F:\NTSE\lab01\dataset\dog\0295.jpg,../lab01/dataset/dog/0295.jpg,dog
F:\NTSE\lab01\dataset\dog\0296.jpg,../lab01/dataset/dog/0296.jpg,dog
F:\NTSE\lab01\dataset\dog\0297.jpg,../lab01/dataset/dog/0297.jpg,dog
F:\NTSE\lab01\dataset\dog\0298.jpg,../lab01/dataset/dog/0298.jpg,dog
F:\NTSE\lab01\dataset\dog\0299.jpg,../lab01/dataset/dog/0299.jpg,dog
F:\NTSE\lab01\dataset\dog\0300.jpg,../lab01/dataset/dog/0300.jpg,dog
F:\NTSE\lab01\dataset\dog\0301.jpg,../lab01/dataset/dog/0301.jpg,dog
F:\NTSE\lab01\dataset\dog\0302.jpg,../lab01/dataset/dog/0302.jpg,dog
F:\NTSE\lab01\dataset\dog\0303.jpg,../lab01/dataset/dog/0303.jpg,dog
F:\NTSE\lab01\dataset\dog\0304.jpg,../lab01/dataset/dog/0304.jpg,dog
F:\NTSE\lab01\dataset\dog\0305.jpg,../lab01/dataset/dog/0305.jpg,dog
F:\NTSE\lab01\dataset\dog\0306.jpg,../lab01/dataset/dog/0306.jpg,dog
F:\NTSE\lab01\dataset\dog\0307.jpg,../lab01/dataset/dog/0307.jpg,dog
F:\NTSE\lab01\dataset\dog\0308.jpg,../lab01/dataset/dog/0308.jpg,dog
F:\NTSE\lab01\dataset\dog\0309.jpg,../lab01/dataset/dog/0309.jpg,dog
F:\NTSE\lab01\dataset\dog\0310.jpg,../lab01/dataset/dog/0310.jpg,dog
F:\NTSE\lab01\dataset\dog\0311.jpg,../lab01/dataset/dog/0311.jpg,dog
F:\NTSE\lab01\dataset\dog\0312.jpg,../lab01/dataset/dog/0312.jpg,dog
F:\NTSE\lab01\dataset\dog\0313.jpg,../lab01/dataset/dog/0313.jpg,dog
F:\NTSE\lab01\dataset\dog\0314.jpg,../lab01/dataset/dog/0314.jpg,dog
F:\NTSE\lab01\dataset\dog\0315.jpg,../lab01/dataset/dog/0315.jpg,dog
F:\NTSE\lab01\dataset\dog\0316.jpg,../lab01/dataset/dog/0316.jpg,dog
F:\NTSE\lab01\dataset\dog\0317.jpg,../lab01/dataset/dog/0317.jpg,dog
F:\NTSE\lab01\dataset\dog\0318.jpg,../lab01/dataset/dog/0318.jpg,dog
F:\NTSE\lab01\dataset\dog\0319.jpg,../lab01/dataset/dog/0319.jpg,dog
F:\NTSE\lab01\dataset\dog\0320.jpg,../lab01/dataset/dog/0320.jpg,dog
F:\NTSE\lab01\dataset\dog\0321.jpg,../lab01/dataset/dog/0321.jpg,dog
F:\NTSE\lab01\dataset\dog\0322.jpg,../lab01/dataset/dog/0322.jpg,dog
F:\NTSE\lab01\dataset\dog\0323.jpg,../lab01/dataset/dog/0323.jpg,dog
F:\NTSE\lab01\dataset\dog\0324.jpg,../lab01/dataset/dog/0324.jpg,dog
F:\NTSE\lab01\dataset\dog\0325.jpg,../lab01/dataset/dog/0325.jpg,dog
F:\NTSE\lab01\dataset\dog\0326.jpg,../lab01/dataset/dog/0326.jpg,dog
F:\NTSE\lab01\dataset\dog\0327.jpg,../lab01/dataset/dog/0327.jpg,dog
F:\NTSE\lab01\dataset\dog\0328.jpg,../lab01/dataset/dog/0328.jpg,dog
F:\NTSE\lab01\dataset\dog\0329.jpg,../lab01/dataset/dog/0329.jpg,dog
F:\NTSE\lab01\dataset\dog\0330.jpg,../lab01/dataset/dog/0330.jpg,dog
F:\NTSE\lab01\dataset\dog\0331.jpg,../lab01/dataset/dog/0331.jpg,dog
F:\NTSE\lab01\dataset\dog\0332.jpg,../lab01/dataset/dog/0332.jpg,dog
F:\NTSE\lab01\dataset\dog\0333.jpg,../lab01/dataset/dog/0333.jpg,dog
F:\NTSE\lab01\dataset\dog\0334.jpg,../lab01/dataset/dog/0334.jpg,dog
F:\NTSE\lab01\dataset\dog\0335.jpg,../lab01/dataset/dog/0335.jpg,dog
F:\NTSE\lab01\dataset\dog\0336.jpg,../lab01/dataset/dog/0336.jpg,dog
F:\NTSE\lab01\dataset\dog\0337.jpg,../lab01/dataset/dog/0337.jpg,dog
F:\NTSE\lab01\dataset\dog\0338.jpg,../lab01/dataset/dog/0338.jpg,dog
F:\NTSE\lab01\dataset\dog\0339.jpg,../lab01/dataset/dog/0339.jpg,dog
F:\NTSE\lab01\dataset\dog\0340.jpg,../lab01/dataset/dog/0340.jpg,dog
F:\NTSE\lab01\dataset\dog\0341.jpg,../lab01/dataset/dog/0341.jpg,dog
F:\NTSE\lab01\dataset\dog\0342.jpg,../lab01/dataset/dog/0342.jpg,dog
F:\NTSE\lab01\dataset\dog\0343.jpg,../lab01/dataset/dog/0343.jpg,dog
F:\NTSE\lab01\dataset\dog\0344.jpg,../lab01/dataset/dog/0344.jpg,dog
F:\NTSE\lab01\dataset\dog\0345.jpg,../lab01/dataset/dog/0345.jpg,dog
F:\NTSE\lab01\dataset\dog\0346.jpg,../lab01/dataset/dog/0346.jpg,dog
F:\NTSE\lab01\dataset\dog\0347.jpg,../lab01/dataset/dog/0347.jpg,dog
F:\NTSE\lab01\dataset\dog\0348.jpg,../lab01/dataset/dog/0348.jpg,dog
F:\NTSE\lab01\dataset\dog\0349.jpg,../lab01/dataset/dog/0349.jpg,dog
F:\NTSE\lab01\dataset\dog\0350.jpg,../lab01/dataset/dog/0350.jpg,dog
F:\NTSE\lab01\dataset\dog\0351.jpg,../lab01/dataset/dog/0351.jpg,dog
F:\NTSE\lab01\dataset\dog\0352.jpg,../lab01/dataset/dog/0352.jpg,dog
F:\NTSE\lab01\dataset\dog\0353.jpg,../lab01/dataset/dog/0353.jpg,dog
F:\NTSE\lab01\dataset\dog\0354.jpg,../lab01/dataset/dog/0354.jpg,dog
F:\NTSE\lab01\dataset\dog\0355.jpg,../lab01/dataset/dog/0355.jpg,dog
F:\NTSE\lab01\dataset\dog\0356.jpg,../lab01/dataset/dog/0356.jpg,dog
F:\NTSE\lab01\dataset\dog\0357.jpg,../lab01/dataset/dog/0357.jpg,dog
F:\NTSE\lab01\dataset\dog\0358.jpg,../lab01/dataset/dog/0358.jpg,dog
F:\NTSE\lab01\dataset\dog\0359.jpg,../lab01/dataset/dog/0359.jpg,dog
F:\NTSE\lab01\dataset\dog\0360.jpg,../lab01/dataset/dog/0360.jpg,dog
F:\NTSE\lab01\dataset\dog\0361.jpg,../lab01/dataset/dog/0361.jpg,dog
F:\NTSE\lab01\dataset\dog\0362.jpg,../lab01/dataset/dog/0362.jpg,dog
F:\NTSE\lab01\dataset\dog\0363.jpg,../lab01/dataset/dog/0363.jpg,dog
F:\NTSE\lab01\dataset\dog\0364.jpg,../lab01/dataset/dog/0364.jpg,dog
F:\NTSE\lab01\dataset\dog\0365.jpg,../lab01/dataset/dog/0365.jpg,dog
F:\NTSE\lab01\dataset\dog\0366.jpg,../lab01/dataset/dog/0366.jpg,dog
F:\NTSE\lab01\dataset\dog\0367.jpg,../lab01/dataset/dog/0367.jpg,dog
F:\NTSE\lab01\dataset\dog\0368.jpg,../lab01/dataset/dog/0368.jpg,dog
F:\NTSE\lab01\dataset\dog\0369.jpg,../lab01/dataset/dog/0369.jpg,dog
F:\NTSE\lab01\dataset\dog\0370.jpg,../lab01/dataset/dog/0370.jpg,dog
F:\NTSE\lab01\dataset\dog\0371.jpg,../lab01/dataset/dog/0371.jpg,dog
F:\NTSE\lab01\dataset\dog\0372.jpg,../lab01/dataset/dog/0372.jpg,dog
F:\NTSE\lab01\dataset\dog\0373.jpg,../lab01/dataset/dog/0373.jpg,dog
F:\NTSE\lab01\dataset\dog\0374.jpg,../lab01/dataset/dog/0374.jpg,dog
F:\NTSE\lab01\dataset\dog\0375.jpg,../lab01/dataset/dog/0375.jpg,dog
F:\NTSE\lab01\dataset\dog\0376.jpg,../lab01/dataset/dog/0376.jpg,dog
F:\NTSE\lab01\dataset\dog\0377.jpg,../lab01/dataset/dog/0377.jpg,dog
F:\NTSE\lab01\dataset\dog\0378.jpg,../lab01/dataset/dog/0378.jpg,dog
F:\NTSE\lab01\dataset\dog\0379.jpg,../lab01/dataset/dog/0379.jpg,dog
F:\NTSE\lab01\dataset\dog\0380.jpg,../lab01/dataset/dog/0380.jpg,dog
F:\NTSE\lab01\dataset\dog\0381.jpg,../lab01/dataset/dog/0381.jpg,dog
F:\NTSE\lab01\dataset\dog\0382.jpg,../lab01/dataset/dog/0382.jpg,dog
F:\NTSE\lab01\dataset\dog\0383.jpg,../lab01/dataset/dog/0383.jpg,dog
F:\NTSE\lab01\dataset\dog\0384.jpg,../lab01/dataset/dog/0384.jpg,dog
F:\NTSE\lab01\dataset\dog\0385.jpg,../lab01/dataset/dog/0385.jpg,dog
F:\NTSE\lab01\dataset\dog\0386.jpg,../lab01/dataset/dog/0386.jpg,dog
F:\NTSE\lab01\dataset\dog\0387.jpg,../lab01/dataset/dog/0387.jpg,dog
F:\NTSE\lab01\dataset\dog\0388.jpg,../lab01/dataset/dog/0388.jpg,dog
F:\NTSE\lab01\dataset\dog\0389.jpg,../lab01/dataset/dog/0389.jpg,dog
F:\NTSE\lab01\dataset\dog\0390.jpg,../lab01/dataset/dog/0390.jpg,dog
F:\NTSE\lab01\dataset\dog\0391.jpg,../lab01/dataset/dog/0391.jpg,dog
F:\NTSE\lab01\dataset\dog\0392.jpg,../lab01/dataset/dog/0392.jpg,dog
F:\NTSE\lab01\dataset\dog\0393.jpg,../lab01/dataset/dog/0393.jpg,dog
F:\NTSE\lab01\dataset\dog\0394.jpg,../lab01/dataset/dog/0394.jpg,dog
F:\NTSE\lab01\dataset\dog\0395.jpg,../lab01/dataset/dog/0395.jpg,dog
F:\NTSE\lab01\dataset\dog\0396.jpg,../lab01/dataset/dog/0396.jpg,dog
F:\NTSE\lab01\dataset\dog\0397.jpg,../lab01/dataset/dog/0397.jpg,dog
F:\NTSE\lab01\dataset\dog\0398.jpg,../lab01/dataset/dog/0398.jpg,dog
F:\NTSE\lab01\dataset\dog\0399.jpg,../lab01/dataset/dog/0399.jpg,dog
F:\NTSE\lab01\dataset\dog\0400.jpg,../lab01/dataset/dog/0400.jpg,dog
F:\NTSE\lab01\dataset\dog\0401.jpg,../lab01/dataset/dog/0401.jpg,dog
F:\NTSE\lab01\dataset\dog\0402.jpg,../lab01/dataset/dog/0402.jpg,dog
F:\NTSE\lab01\dataset\dog\0403.jpg,../lab01/dataset/dog/0403.jpg,dog
F:\NTSE\lab01\dataset\dog\0404.jpg,../lab01/dataset/dog/0404.jpg,dog
F:\NTSE\lab01\dataset\dog\0405.jpg,../lab01/dataset/dog/0405.jpg,dog
F:\NTSE\lab01\dataset\dog\0406.jpg,../lab01/dataset/dog/0406.jpg,dog
F:\NTSE\lab01\dataset\dog\0407.jpg,../lab01/dataset/dog/0407.jpg,dog
F:\NTSE\lab01\dataset\dog\0408.jpg,../lab01/dataset/dog/0408.jpg,dog
F:\NTSE\lab01\dataset\dog\0409.jpg,../lab01/dataset/dog/0409.jpg,dog
F:\NTSE\lab01\dataset\dog\0410.jpg,../lab01/dataset/dog/0410.jpg,dog
F:\NTSE\lab01\dataset\dog\0411.jpg,../lab01/dataset/dog/0411.jpg,dog
F:\NTSE\lab01\dataset\dog\0412.jpg,../lab01/dataset/dog/0412.jpg,dog
F:\NTSE\lab01\dataset\dog\0413.jpg,../lab01/dataset/dog/0413.jpg,dog
F:\NTSE\lab01\dataset\dog\0414.jpg,../lab01/dataset/dog/0414.jpg,dog
F:\NTSE\lab01\dataset\dog\0415.jpg,../lab01/dataset/dog/0415.jpg,dog
F:\NTSE\lab01\dataset\dog\0416.jpg,../lab01/dataset/dog/0416.jpg,dog
F:\NTSE\lab01\dataset\dog\0417.jpg,../lab01/dataset/dog/0417.jpg,dog
F:\NTSE\lab01\dataset\dog\0418.jpg,../lab01/dataset/dog/0418.jpg,dog
F:\NTSE\lab01\dataset\dog\0419.jpg,../lab01/dataset/dog/0419.jpg,dog
F:\NTSE\lab01\dataset\dog\0420.jpg,../lab01/dataset/dog/0420.jpg,dog
F:\NTSE\lab01\dataset\dog\0421.jpg,../lab01/dataset/dog/0421.jpg,dog
F:\NTSE\lab01\dataset\dog\0422.jpg,../lab01/dataset/dog/0422.jpg,dog
F:\NTSE\lab01\dataset\dog\0423.jpg,../lab01/dataset/dog/0423.jpg,dog
F:\NTSE\lab01\dataset\dog\0424.jpg,../lab01/dataset/dog/0424.jpg,dog
F:\NTSE\lab01\dataset\dog\0425.jpg,../lab01/dataset/dog/0425.jpg,dog
F:\NTSE\lab01\dataset\dog\0426.jpg,../lab01/dataset/dog/0426.jpg,dog
F:\NTSE\lab01\dataset\dog\0427.jpg,../lab01/dataset/dog/0427.jpg,dog
F:\NTSE\lab01\dataset\dog\0428.jpg,../lab01/dataset/dog/0428.jpg,dog
F:\NTSE\lab01\dataset\dog\0429.jpg,../lab01/dataset/dog/0429.jpg,dog
F:\NTSE\lab01\dataset\dog\0430.jpg,../lab01/dataset/dog/0430.jpg,dog
F:\NTSE\lab01\dataset\dog\0431.jpg,../lab01/dataset/dog/0431.jpg,dog
F:\NTSE\lab01\dataset\dog\0432.jpg,../lab01/dataset/dog/0432.jpg,dog
F:\NTSE\lab01\dataset\dog\0433.jpg,../lab01/dataset/dog/0433.jpg,dog
F:\NTSE\lab01\dataset\dog\0434.jpg,../lab01/dataset/dog/0434.jpg,dog
F:\NTSE\lab01\dataset\dog\0435.jpg,../lab01/dataset/dog/0435.jpg,dog
F:\NTSE\lab01\dataset\dog\0436.jpg,../lab01/dataset/dog/0436.jpg,dog
F:\NTSE\lab01\dataset\dog\0437.jpg,../lab01/dataset/dog/0437.jpg,dog
F:\NTSE\lab01\dataset\dog\0438.jpg,../lab01/dataset/dog/0438.jpg,dog
F:\NTSE\lab01\dataset\dog\0439.jpg,../lab01/dataset/dog/0439.jpg,dog
F:\NTSE\lab01\dataset\dog\0440.jpg,../lab01/dataset/dog/0440.jpg,dog
F:\NTSE\lab01\dataset\dog\0441.jpg,../lab01/dataset/dog/0441.jpg,dog
F:\NTSE\lab01\dataset\dog\0442.jpg,../lab01/dataset/dog/0442.jpg,dog
F:\NTSE\lab01\dataset\dog\0443.jpg,../lab01/dataset/dog/0443.jpg,dog
F:\NTSE\lab01\dataset\dog\0444.jpg,../lab01/dataset/dog/0444.jpg,dog
F:\NTSE\lab01\dataset\dog\0445.jpg,../lab01/dataset/dog/0445.jpg,dog
F:\NTSE\lab01\dataset\dog\0446.jpg,../lab01/dataset/dog/0446.jpg,dog
F:\NTSE\lab01\dataset\dog\0447.jpg,../lab01/dataset/dog/0447.jpg,dog
F:\NTSE\lab01\dataset\dog\0448.jpg,../lab01/dataset/dog/0448.jpg,dog
F:\NTSE\lab01\dataset\dog\0449.jpg,../lab01/dataset/dog/0449.jpg,dog
F:\NTSE\lab01\dataset\dog\0450.jpg,../lab01/dataset/dog/0450.jpg,dog
F:\NTSE\lab01\dataset\dog\0451.jpg,../lab01/dataset/dog/0451.jpg,dog
F:\NTSE\lab01\dataset\dog\0452.jpg,../lab01/dataset/dog/0452.jpg,dog
F:\NTSE\lab01\dataset\dog\0453.jpg,../lab01/dataset/dog/0453.jpg,dog
F:\NTSE\lab01\dataset\dog\0454.jpg,../lab01/dataset/dog/0454.jpg,dog
F:\NTSE\lab01\dataset\dog\0455.jpg,../lab01/dataset/dog/0455.jpg,dog
F:\NTSE\lab01\dataset\dog\0456.jpg,../lab01/dataset/dog/0456.jpg,dog
F:\NTSE\lab01\dataset\dog\0457.jpg,../lab01/dataset/dog/0457.jpg,dog
F:\NTSE\lab01\dataset\dog\0458.jpg,../lab01/dataset/dog/0458.jpg,dog
F:\NTSE\lab01\dataset\dog\0459.jpg,../lab01/dataset/dog/0459.jpg,dog
F:\NTSE\lab01\dataset\dog\0460.jpg,../lab01/dataset/dog/0460.jpg,dog
F:\NTSE\lab01\dataset\dog\0461.jpg,../lab01/dataset/dog/0461.jpg,dog
F:\NTSE\lab01\dataset\dog\0462.jpg,../lab01/dataset/dog/0462.jpg,dog
F:\NTSE\lab01\dataset\dog\0463.jpg,../lab01/dataset/dog/0463.jpg,dog
F:\NTSE\lab01\dataset\dog\0464.jpg,../lab01/dataset/dog/0464.jpg,dog
F:\NTSE\lab01\dataset\dog\0465.jpg,../lab01/dataset/dog/0465.jpg,dog
F:\NTSE\lab01\dataset\dog\0466.jpg,../lab01/dataset/dog/0466.jpg,dog
F:\NTSE\lab01\dataset\dog\0467.jpg,../lab01/dataset/dog/0467.jpg,dog
F:\NTSE\lab01\dataset\dog\0468.jpg,../lab01/dataset/dog/0468.jpg,dog
F:\NTSE\lab01\dataset\dog\0469.jpg,../lab01/dataset/dog/0469.jpg,dog
F:\NTSE\lab01\dataset\dog\0470.jpg,../lab01/dataset/dog/0470.jpg,dog
F:\NTSE\lab01\dataset\dog\0471.jpg,../lab01/dataset/dog/0471.jpg,dog
F:\NTSE\lab01\dataset\dog\0472.jpg,../lab01/dataset/dog/0472.jpg,dog
F:\NTSE\lab01\dataset\dog\0473.jpg,../lab01/dataset/dog/0473.jpg,dog
F:\NTSE\lab01\dataset\dog\0474.jpg,../lab01/dataset/dog/0474.jpg,dog
F:\NTSE\lab01\dataset\dog\0475.jpg,../lab01/dataset/dog/0475.jpg,dog
F:\NTSE\lab01\dataset\dog\0476.jpg,../lab01/dataset/dog/0476.jpg,dog
F:\NTSE\lab01\dataset\dog\0477.jpg,../lab01/dataset/dog/0477.jpg,dog
F:\NTSE\lab01\dataset\dog\0478.jpg,../lab01/dataset/dog/0478.jpg,dog
F:\NTSE\lab01\dataset\dog\0479.jpg,../lab01/dataset/dog/0479.jpg,dog
F:\NTSE\lab01\dataset\dog\0480.jpg,../lab01/dataset/dog/0480.jpg,dog
F:\NTSE\lab01\dataset\dog\0481.jpg,../lab01/dataset/dog/0481.jpg,dog
F:\NTSE\lab01\dataset\dog\0482.jpg,../lab01/dataset/dog/0482.jpg,dog
F:\NTSE\lab01\dataset\dog\0483.jpg,../lab01/dataset/dog/0483.jpg,dog
F:\NTSE\lab01\dataset\dog\0484.jpg,../lab01/dataset/dog/0484.jpg,dog
F:\NTSE\lab01\dataset\dog\0485.jpg,../lab01/dataset/dog/0485.jpg,dog
F:\NTSE\lab01\dataset\dog\0486.jpg,../lab01/dataset/dog/0486.jpg,dog
F:\NTSE\lab01\dataset\dog\0487.jpg,../lab01/dataset/dog/0487.jpg,dog
F:\NTSE\lab01\dataset\dog\0488.jpg,../lab01/dataset/dog/0488.jpg,dog
F:\NTSE\lab01\dataset\dog\0489.jpg,../lab01/dataset/dog/0489.jpg,dog
F:\NTSE\lab01\dataset\dog\0490.jpg,../lab01/dataset/dog/0490.jpg,dog
F:\NTSE\lab01\dataset\dog\0491.jpg,../lab01/dataset/dog/0491.jpg,dog
F:\NTSE\lab01\dataset\dog\0492.jpg,../lab01/dataset/dog/0492.jpg,dog
F:\NTSE\lab01\dataset\dog\0493.jpg,../lab01/dataset/dog/0493.jpg,dog
F:\NTSE\lab01\dataset\dog\0494.jpg,../lab01/dataset/dog/0494.jpg,dog
F:\NTSE\lab01\dataset\dog\0495.jpg,../lab01/dataset/dog/0495.jpg,dog
F:\NTSE\lab01\dataset\dog\0496.jpg,../lab01/dataset/dog/0496.jpg,dog
F:\NTSE\lab01\dataset\dog\0497.jpg,../lab01/dataset/dog/0497.jpg,dog
F:\NTSE\lab01\dataset\dog\0498.jpg,../lab01/dataset/dog/0498.jpg,dog
F:\NTSE\lab01\dataset\dog\0499.jpg,../lab01/dataset/dog/0499.jpg,dog
F:\NTSE\lab01\dataset\dog\0500.jpg,../lab01/dataset/dog/0500.jpg,dog
F:\NTSE\lab01\dataset\dog\0501.jpg,../lab01/dataset/dog/0501.jpg,dog
F:\NTSE\lab01\dataset\dog\0502.jpg,../lab01/dataset/dog/0502.jpg,dog
F:\NTSE\lab01\dataset\dog\0503.jpg,../lab01/dataset/dog/0503.jpg,dog
F:\NTSE\lab01\dataset\dog\0504.jpg,../lab01/dataset/dog/0504.jpg,dog
F:\NTSE\lab01\dataset\dog\0505.jpg,../lab01/dataset/dog/0505.jpg,dog
F:\NTSE\lab01\dataset\dog\0506.jpg,../lab01/dataset/dog/0506.jpg,dog
F:\NTSE\lab01\dataset\dog\0507.jpg,../lab01/dataset/dog/0507.jpg,dog
F:\NTSE\lab01\dataset\dog\0508.jpg,../lab01/dataset/dog/0508.jpg,dog
F:\NTSE\lab01\dataset\dog\0509.jpg,../lab01/dataset/dog/0509.jpg,dog
F:\NTSE\lab01\dataset\dog\0510.jpg,../lab01/dataset/dog/0510.jpg,dog
F:\NTSE\lab01\dataset\dog\0511.jpg,../lab01/dataset/dog/0511.jpg,dog
F:\NTSE\lab01\dataset\dog\0512.jpg,../lab01/dataset/dog/0512.jpg,dog
F:\NTSE\lab01\dataset\dog\0513.jpg,../lab01/dataset/dog/0513.jpg,dog
F:\NTSE\lab01\dataset\dog\0514.jpg,../lab01/dataset/dog/0514.jpg,dog
F:\NTSE\lab01\dataset\dog\0515.jpg,../lab01/dataset/dog/0515.jpg,dog
F:\NTSE\lab01\dataset\dog\0516.jpg,../lab01/dataset/dog/0516.jpg,dog
F:\NTSE\lab01\dataset\dog\0517.jpg,../lab01/dataset/dog/0517.jpg,dog
F:\NTSE\lab01\dataset\dog\0518.jpg,../lab01/dataset/dog/0518.jpg,dog
F:\NTSE\lab01\dataset\dog\0519.jpg,../lab01/dataset/dog/0519.jpg,dog
F:\NTSE\lab01\dataset\dog\0520.jpg,../lab01/dataset/dog/0520.jpg,dog
F:\NTSE\lab01\dataset\dog\0521.jpg,../lab01/dataset/dog/0521.jpg,dog
F:\NTSE\lab01\dataset\dog\0522.jpg,../lab01/dataset/dog/0522.jpg,dog
F:\NTSE\lab01\dataset\dog\0523.jpg,../lab01/dataset/dog/0523.jpg,dog
F:\NTSE\lab01\dataset\dog\0524.jpg,../lab01/dataset/dog/0524.jpg,dog
F:\NTSE\lab01\dataset\dog\0525.jpg,../lab01/dataset/dog/0525.jpg,dog
F:\NTSE\lab01\dataset\dog\0526.jpg,../lab01/dataset/dog/0526.jpg,dog
F:\NTSE\lab01\dataset\dog\0527.jpg,../lab01/dataset/dog/0527.jpg,dog
F:\NTSE\lab01\dataset\dog\0528.jpg,../lab01/dataset/dog/0528.jpg,dog
F:\NTSE\lab01\dataset\dog\0529.jpg,../lab01/dataset/dog/0529.jpg,dog
F:\NTSE\lab01\dataset\dog\0530.jpg,../lab01/dataset/dog/0530.jpg,dog
F:\NTSE\lab01\dataset\dog\0531.jpg,../lab01/dataset/dog/0531.jpg,dog
F:\NTSE\lab01\dataset\dog\0532.jpg,../lab01/dataset/dog/0532.jpg,dog
F:\NTSE\lab01\dataset\dog\0533.jpg,../lab01/dataset/dog/0533.jpg,dog
F:\NTSE\lab01\dataset\dog\0534.jpg,../lab01/dataset/dog/0534.jpg,dog
F:\NTSE\lab01\dataset\dog\0535.jpg,../lab01/dataset/dog/0535.jpg,dog
F:\NTSE\lab01\dataset\dog\0536.jpg,../lab01/dataset/dog/0536.jpg,dog
F:\NTSE\lab01\dataset\dog\0537.jpg,../lab01/dataset/dog/0537.jpg,dog
F:\NTSE\lab01\dataset\dog\0538.jpg,../lab01/dataset/dog/0538.jpg,dog
F:\NTSE\lab01\dataset\dog\0539.jpg,../lab01/dataset/dog/0539.jpg,dog
F:\NTSE\lab01\dataset\dog\0540.jpg,../lab01/dataset/dog/0540.jpg,dog
F:\NTSE\lab01\dataset\dog\0541.jpg,../lab01/dataset/dog/0541.jpg,dog
F:\NTSE\lab01\dataset\dog\0542.jpg,../lab01/dataset/dog/0542.jpg,dog
F:\NTSE\lab01\dataset\dog\0543.jpg,../lab01/dataset/dog/0543.jpg,dog
F:\NTSE\lab01\dataset\dog\0544.jpg,../lab01/dataset/dog/0544.jpg,dog
F:\NTSE\lab01\dataset\dog\0545.jpg,../lab01/dataset/dog/0545.jpg,dog
F:\NTSE\lab01\dataset\dog\0546.jpg,../lab01/dataset/dog/0546.jpg,dog
F:\NTSE\lab01\dataset\dog\0547.jpg,../lab01/dataset/dog/0547.jpg,dog
F:\NTSE\lab01\dataset\dog\0548.jpg,../lab01/dataset/dog/0548.jpg,dog
F:\NTSE\lab01\dataset\dog\0549.jpg,../lab01/dataset/dog/0549.jpg,dog
F:\NTSE\lab01\dataset\dog\0550.jpg,../lab01/dataset/dog/0550.jpg,dog
F:\NTSE\lab01\dataset\dog\0551.jpg,../lab01/dataset/dog/0551.jpg,dog
F:\NTSE\lab01\dataset\dog\0552.jpg,../lab01/dataset/dog/0552.jpg,dog
F:\NTSE\lab01\dataset\dog\0553.jpg,../lab01/dataset/dog/0553.jpg,dog
F:\NTSE\lab01\dataset\dog\0554.jpg,../lab01/dataset/dog/0554.jpg,dog
F:\NTSE\lab01\dataset\dog\0555.jpg,../lab01/dataset/dog/0555.jpg,dog
F:\NTSE\lab01\dataset\dog\0556.jpg,../lab01/dataset/dog/0556.jpg,dog
F:\NTSE\lab01\dataset\dog\0557.jpg,../lab01/dataset/dog/0557.jpg,dog
F:\NTSE\lab01\dataset\dog\0558.jpg,../lab01/dataset/dog/0558.jpg,dog
F:\NTSE\lab01\dataset\dog\0559.jpg,../lab01/dataset/dog/0559.jpg,dog
F:\NTSE\lab01\dataset\dog\0560.jpg,../lab01/dataset/dog/0560.jpg,dog
F:\NTSE\lab01\dataset\dog\0561.jpg,../lab01/dataset/dog/0561.jpg,dog
F:\NTSE\lab01\dataset\dog\0562.jpg,../lab01/dataset/dog/0562.jpg,dog
F:\NTSE\lab01\dataset\dog\0563.jpg,../lab01/dataset/dog/0563.jpg,dog
F:\NTSE\lab01\dataset\dog\0564.jpg,../lab01/dataset/dog/0564.jpg,dog
F:\NTSE\lab01\dataset\dog\0565.jpg,../lab01/dataset/dog/0565.jpg,dog
F:\NTSE\lab01\dataset\dog\0566.jpg,../lab01/dataset/dog/0566.jpg,dog
F:\NTSE\lab01\dataset\dog\0567.jpg,../lab01/dataset/dog/0567.jpg,dog
F:\NTSE\lab01\dataset\dog\0568.jpg,../lab01/dataset/dog/0568.jpg,dog
F:\NTSE\lab01\dataset\dog\0569.jpg,../lab01/dataset/dog/0569.jpg,dog
F:\NTSE\lab01\dataset\dog\0570.jpg,../lab01/dataset/dog/0570.jpg,dog
F:\NTSE\lab01\dataset\dog\0571.jpg,../lab01/dataset/dog/0571.jpg,dog
F:\NTSE\lab01\dataset\dog\0572.jpg,../lab01/dataset/dog/0572.jpg,dog
F:\NTSE\lab01\dataset\dog\0573.jpg,../lab01/dataset/dog/0573.jpg,dog
F:\NTSE\lab01\dataset\dog\0574.jpg,../lab01/dataset/dog/0574.jpg,dog
F:\NTSE\lab01\dataset\dog\0575.jpg,../lab01/dataset/dog/0575.jpg,dog
F:\NTSE\lab01\dataset\dog\0576.jpg,../lab01/dataset/dog/0576.jpg,dog
F:\NTSE\lab01\dataset\dog\0577.jpg,../lab01/dataset/dog/0577.jpg,dog
F:\NTSE\lab01\dataset\dog\0578.jpg,../lab01/dataset/dog/0578.jpg,dog
F:\NTSE\lab01\dataset\dog\0579.jpg,../lab01/dataset/dog/0579.jpg,dog
F:\NTSE\lab01\dataset\dog\0580.jpg,../lab01/dataset/dog/0580.jpg,dog
F:\NTSE\lab01\dataset\dog\0581.jpg,../lab01/dataset/dog/0581.jpg,dog
F:\NTSE\lab01\dataset\dog\0582.jpg,../lab01/dataset/dog/0582.jpg,dog
F:\NTSE\lab01\dataset\dog\0583.jpg,../lab01/dataset/dog/0583.jpg,dog
F:\NTSE\lab01\dataset\dog\0584.jpg,../lab01/dataset/dog/0584.jpg,dog
F:\NTSE\lab01\dataset\dog\0585.jpg,../lab01/dataset/dog/0585.jpg,dog
F:\NTSE\lab01\dataset\dog\0586.jpg,../lab01/dataset/dog/0586.jpg,dog
F:\NTSE\lab01\dataset\dog\0587.jpg,../lab01/dataset/dog/0587.jpg,dog
F:\NTSE\lab01\dataset\dog\0588.jpg,../lab01/dataset/dog/0588.jpg,dog
F:\NTSE\lab01\dataset\dog\0589.jpg,../lab01/dataset/dog/0589.jpg,dog
F:\NTSE\lab01\dataset\dog\0590.jpg,../lab01/dataset/dog/0590.jpg,dog
F:\NTSE\lab01\dataset\dog\0591.jpg,../lab01/dataset/dog/0591.jpg,dog
F:\NTSE\lab01\dataset\dog\0592.jpg,../lab01/dataset/dog/0592.jpg,dog
F:\NTSE\lab01\dataset\dog\0593.jpg,../lab01/dataset/dog/0593.jpg,dog
F:\NTSE\lab01\dataset\dog\0594.jpg,../lab01/dataset/dog/0594.jpg,dog
F:\NTSE\lab01\dataset\dog\0595.jpg,../lab01/dataset/dog/0595.jpg,dog
F:\NTSE\lab01\dataset\dog\0596.jpg,../lab01/dataset/dog/0596.jpg,dog
F:\NTSE\lab01\dataset\dog\0597.jpg,../lab01/dataset/dog/0597.jpg,dog
F:\NTSE\lab01\dataset\dog\0598.jpg,../lab01/dataset/dog/0598.jpg,dog
F:\NTSE\lab01\dataset\dog\0599.jpg,../lab01/dataset/dog/0599.jpg,dog
F:\NTSE\lab01\dataset\dog\0600.jpg,../lab01/dataset/dog/0600.jpg,dog
F:\NTSE\lab01\dataset\dog\0601.jpg,../lab01/dataset/dog/0601.jpg,dog
F:\NTSE\lab01\dataset\dog\0602.jpg,../lab01/dataset/dog/0602.jpg,dog
F:\NTSE\lab01\dataset\dog\0603.jpg,../lab01/dataset/dog/0603.jpg,dog
F:\NTSE\lab01\dataset\dog\0604.jpg,../lab01/dataset/dog/0604.jpg,dog
F:\NTSE\lab01\dataset\dog\0605.jpg,../lab01/dataset/dog/0605.jpg,dog
F:\NTSE\lab01\dataset\dog\0606.jpg,../lab01/dataset/dog/0606.jpg,dog
F:\NTSE\lab01\dataset\dog\0607.jpg,../lab01/dataset/dog/0607.jpg,dog
F:\NTSE\lab01\dataset\dog\0608.jpg,../lab01/dataset/dog/0608.jpg,dog
F:\NTSE\lab01\dataset\dog\0609.jpg,../lab01/dataset/dog/0609.jpg,dog
F:\NTSE\lab01\dataset\dog\0610.jpg,../lab01/dataset/dog/0610.jpg,dog
F:\NTSE\lab01\dataset\dog\0611.jpg,../lab01/dataset/dog/0611.jpg,dog
F:\NTSE\lab01\dataset\dog\0612.jpg,../lab01/dataset/dog/0612.jpg,dog
F:\NTSE\lab01\dataset\dog\0613.jpg,../lab01/dataset/dog/0613.jpg,dog
F:\NTSE\lab01\dataset\dog\0614.jpg,../lab01/dataset/dog/0614.jpg,dog
F:\NTSE\lab01\dataset\dog\0615.jpg,../lab01/dataset/dog/0615.jpg,dog
F:\NTSE\lab01\dataset\dog\0616.jpg,../lab01/dataset/dog/0616.jpg,dog
F:\NTSE\lab01\dataset\dog\0617.jpg,../lab01/dataset/dog/0617.jpg,dog
F:\NTSE\lab01\dataset\dog\0618.jpg,../lab01/dataset/dog/0618.jpg,dog
F:\NTSE\lab01\dataset\dog\0619.jpg,../lab01/dataset/dog/0619.jpg,dog
F:\NTSE\lab01\dataset\dog\0620.jpg,../lab01/dataset/dog/0620.jpg,dog
F:\NTSE\lab01\dataset\dog\0621.jpg,../lab01/dataset/dog/0621.jpg,dog
F:\NTSE\lab01\dataset\dog\0622.jpg,../lab01/dataset/dog/0622.jpg,dog
F:\NTSE\lab01\dataset\dog\0623.jpg,../lab01/dataset/dog/0623.jpg,dog
F:\NTSE\lab01\dataset\dog\0624.jpg,../lab01/dataset/dog/0624.jpg,dog
F:\NTSE\lab01\dataset\dog\0625.jpg,../lab01/dataset/dog/0625.jpg,dog
F:\NTSE\lab01\dataset\dog\0626.jpg,../lab01/dataset/dog/0626.jpg,dog
F:\NTSE\lab01\dataset\dog\0627.jpg,../lab01/dataset/dog/0627.jpg,dog
F:\NTSE\lab01\dataset\dog\0628.jpg,../lab01/dataset/dog/0628.jpg,dog
F:\NTSE\lab01\dataset\dog\0629.jpg,../lab01/dataset/dog/0629.jpg,dog
F:\NTSE\lab01\dataset\dog\0630.jpg,../lab01/dataset/dog/0630.jpg,dog
F:\NTSE\lab01\dataset\dog\0631.jpg,../lab01/dataset/dog/0631.jpg,dog
F:\NTSE\lab01\dataset\dog\0632.jpg,../lab01/dataset/dog/0632.jpg,dog
F:\NTSE\lab01\dataset\dog\0633.jpg,../lab01/dataset/dog/0633.jpg,dog
F:\NTSE\lab01\dataset\dog\0634.jpg,../lab01/dataset/dog/0634.jpg,dog
F:\NTSE\lab01\dataset\dog\0635.jpg,../lab01/dataset/dog/0635.jpg,dog
F:\NTSE\lab01\dataset\dog\0636.jpg,../lab01/dataset/dog/0636.jpg,dog
F:\NTSE\lab01\dataset\dog\0637.jpg,../lab01/dataset/dog/0637.jpg,dog
F:\NTSE\lab01\dataset\dog\0638.jpg,../lab01/dataset/dog/0638.jpg,dog
F:\NTSE\lab01\dataset\dog\0639.jpg,../lab01/dataset/dog/0639.jpg,dog
F:\NTSE\lab01\dataset\dog\0640.jpg,../lab01/dataset/dog/0640.jpg,dog
F:\NTSE\lab01\dataset\dog\0641.jpg,../lab01/dataset/dog/0641.jpg,dog
F:\NTSE\lab01\dataset\dog\0642.jpg,../lab01/dataset/dog/0642.jpg,dog
F:\NTSE\lab01\dataset\dog\0643.jpg,../lab01/dataset/dog/0643.jpg,dog
F:\NTSE\lab01\dataset\dog\0644.jpg,../lab01/dataset/dog/0644.jpg,dog
F:\NTSE\lab01\dataset\dog\0645.jpg,../lab01/dataset/dog/0645.jpg,dog
F:\NTSE\lab01\dataset\dog\0646.jpg,../lab01/dataset/dog/0646.jpg,dog
F:\NTSE\lab01\dataset\dog\0647.jpg,../lab01/dataset/dog/0647.jpg,dog
F:\NTSE\lab01\dataset\dog\0648.jpg,../lab01/dataset/dog/0648.jpg,dog
F:\NTSE\lab01\dataset\dog\0649.jpg,../lab01/dataset/dog/0649.jpg,dog
F:\NTSE\lab01\dataset\dog\0650.jpg,../lab01/dataset/dog/0650.jpg,dog
F:\NTSE\lab01\dataset\dog\0651.jpg,../lab01/dataset/dog/0651.jpg,dog
F:\NTSE\lab01\dataset\dog\0652.jpg,../lab01/dataset/dog/0652.jpg,dog
F:\NTSE\lab01\dataset\dog\0653.jpg,../lab01/dataset/dog/0653.jpg,dog
F:\NTSE\lab01\dataset\dog\0654.jpg,../lab01/dataset/dog/0654.jpg,dog
F:\NTSE\lab01\dataset\dog\0655.jpg,../lab01/dataset/dog/0655.jpg,dog
F:\NTSE\lab01\dataset\dog\0656.jpg,../lab01/dataset/dog/0656.jpg,dog
F:\NTSE\lab01\dataset\dog\0657.jpg,../lab01/dataset/dog/0657.jpg,dog
F:\NTSE\lab01\dataset\dog\0658.jpg,../lab01/dataset/dog/0658.jpg,dog
F:\NTSE\lab01\dataset\dog\0659.jpg,../lab01/dataset/dog/0659.jpg,dog
F:\NTSE\lab01\dataset\dog\0660.jpg,../lab01/dataset/dog/0660.jpg,dog
F:\NTSE\lab01\dataset\dog\0661.jpg,../lab01/dataset/dog/0661.jpg,dog
F:\NTSE\lab01\dataset\dog\0662.jpg,../lab01/dataset/dog/0662.jpg,dog
F:\NTSE\lab01\dataset\dog\0663.jpg,../lab01/dataset/dog/0663.jpg,dog
F:\NTSE\lab01\dataset\dog\0664.jpg,../lab01/dataset/dog/0664.jpg,dog
F:\NTSE\lab01\dataset\dog\0665.jpg,../lab01/dataset/dog/0665.jpg,dog
F:\NTSE\lab01\dataset\dog\0666.jpg,../lab01/dataset/dog/0666.jpg,dog
F:\NTSE\lab01\dataset\dog\0667.jpg,../lab01/dataset/dog/0667.jpg,dog
F:\NTSE\lab01\dataset\dog\0668.jpg,../lab01/dataset/dog/0668.jpg,dog
F:\NTSE\lab01\dataset\dog\0669.jpg,../lab01/dataset/dog/0669.jpg,dog
F:\NTSE\lab01\dataset\dog\0670.jpg,../lab01/dataset/dog/0670.jpg,dog
F:\NTSE\lab01\dataset\dog\0671.jpg,../lab01/dataset/dog/0671.jpg,dog
F:\NTSE\lab01\dataset\dog\0672.jpg,../lab01/dataset/dog/0672.jpg,dog
F:\NTSE\lab01\dataset\dog\0673.jpg,../lab01/dataset/dog/0673.jpg,dog
F:\NTSE\lab01\dataset\dog\0674.jpg,../lab01/dataset/dog/0674.jpg,dog
F:\NTSE\lab01\dataset\dog\0675.jpg,../lab01/dataset/dog/0675.jpg,dog
F:\NTSE\lab01\dataset\dog\0676.jpg,../lab01/dataset/dog/0676.jpg,dog
F:\NTSE\lab01\dataset\dog\0677.jpg,../lab01/dataset/dog/0677.jpg,dog
F:\NTSE\lab01\dataset\dog\0678.jpg,../lab01/dataset/dog/0678.jpg,dog
F:\NTSE\lab01\dataset\dog\0679.jpg,../lab01/dataset/dog/0679.jpg,dog
F:\NTSE\lab01\dataset\dog\0680.jpg,../lab01/dataset/dog/0680.jpg,dog
F:\NTSE\lab01\dataset\dog\0681.jpg,../lab01/dataset/dog/0681.jpg,dog
F:\NTSE\lab01\dataset\dog\0682.jpg,../lab01/dataset/dog/0682.jpg,dog
F:\NTSE\lab01\dataset\dog\0683.jpg,../lab01/dataset/dog/0683.jpg,dog
F:\NTSE\lab01\dataset\dog\0684.jpg,../lab01/dataset/dog/0684.jpg,dog
F:\NTSE\lab01\dataset\dog\0685.jpg,../lab01/dataset/dog/0685.jpg,dog
F:\NTSE\lab01\dataset\dog\0686.jpg,../lab01/dataset/dog/0686.jpg,dog
F:\NTSE\lab01\dataset\dog\0687.jpg,../lab01/dataset/dog/0687.jpg,dog
F:\NTSE\lab01\dataset\dog\0688.jpg,../lab01/dataset/dog/0688.jpg,dog
F:\NTSE\lab01\dataset\dog\0689.jpg,../lab01/dataset/dog/0689.jpg,dog
F:\NTSE\lab01\dataset\dog\0690.jpg,../lab01/dataset/dog/0690.jpg,dog
F:\NTSE\lab01\dataset\dog\0691.jpg,../lab01/dataset/dog/0691.jpg,dog
F:\NTSE\lab01\dataset\dog\0692.jpg,../lab01/dataset/dog/0692.jpg,dog
F:\NTSE\lab01\dataset\dog\0693.jpg,../lab01/dataset/dog/0693.jpg,dog
F:\NTSE\lab01\dataset\dog\0694.jpg,../lab01/dataset/dog/0694.jpg,dog
F:\NTSE\lab01\dataset\dog\0695.jpg,../lab01/dataset/dog/0695.jpg,dog
F:\NTSE\lab01\dataset\dog\0696.jpg,../lab01/dataset/dog/0696.jpg,dog
F:\NTSE\lab01\dataset\dog\0697.jpg,../lab01/dataset/dog/0697.jpg,dog
F:\NTSE\lab01\dataset\dog\0698.jpg,../lab01/dataset/dog/0698.jpg,dog
F:\NTSE\lab01\dataset\dog\0699.jpg,../lab01/dataset/dog/0699.jpg,dog
F:\NTSE\lab01\dataset\dog\0700.jpg,../lab01/dataset/dog/0700.jpg,dog
F:\NTSE\lab01\dataset\dog\0701.jpg,../lab01/dataset/dog/0701.jpg,dog
F:\NTSE\lab01\dataset\dog\0702.jpg,../lab01/dataset/dog/0702.jpg,dog
F:\NTSE\lab01\dataset\dog\0703.jpg,../lab01/dataset/dog/0703.jpg,dog
F:\NTSE\lab01\dataset\dog\0704.jpg,../lab01/dataset/dog/0704.jpg,dog
F:\NTSE\lab01\dataset\dog\0705.jpg,../lab01/dataset/dog/0705.jpg,dog
F:\NTSE\lab01\dataset\dog\0706.jpg,../lab01/dataset/dog/0706.jpg,dog
F:\NTSE\lab01\dataset\dog\0707.jpg,../lab01/dataset/dog/0707.jpg,dog
F:\NTSE\lab01\dataset\dog\0708.jpg,../lab01/dataset/dog/0708.jpg,dog
F:\NTSE\lab01\dataset\dog\0709.jpg,../lab01/dataset/dog/0709.jpg,dog
F:\NTSE\lab01\dataset\dog\0710.jpg,../lab01/dataset/dog/0710.jpg,dog
F:\NTSE\lab01\dataset\dog\0711.jpg,../lab01/dataset/dog/0711.jpg,dog
F:\NTSE\lab01\dataset\dog\0712.jpg,../lab01/dataset/dog/0712.jpg,dog
F:\NTSE\lab01\dataset\dog\0713.jpg,../lab01/dataset/dog/0713.jpg,dog
F:\NTSE\lab01\dataset\dog\0714.jpg,../lab01/dataset/dog/0714.jpg,dog
F:\NTSE\lab01\dataset\dog\0715.jpg,../lab01/dataset/dog/0715.jpg,dog
F:\NTSE\lab01\dataset\dog\0716.jpg,../lab01/dataset/dog/0716.jpg,dog
F:\NTSE\lab01\dataset\dog\0717.jpg,../lab01/dataset/dog/0717.jpg,dog
F:\NTSE\lab01\dataset\dog\0718.jpg,../lab01/dataset/dog/0718.jpg,dog
F:\NTSE\lab01\dataset\dog\0719.jpg,../lab01/dataset/dog/0719.jpg,dog
F:\NTSE\lab01\dataset\dog\0720.jpg,../lab01/dataset/dog/0720.jpg,dog
F:\NTSE\lab01\dataset\dog\0721.jpg,../lab01/dataset/dog/0721.jpg,dog
F:\NTSE\lab01\dataset\dog\0722.jpg,../lab01/dataset/dog/0722.jpg,dog
F:\NTSE\lab01\dataset\dog\0723.jpg,../lab01/dataset/dog/0723.jpg,dog
F:\NTSE\lab01\dataset\dog\0724.jpg,../lab01/dataset/dog/0724.jpg,dog
F:\NTSE\lab01\dataset\dog\0725.jpg,../lab01/dataset/dog/0725.jpg,dog
F:\NTSE\lab01\dataset\dog\0726.jpg,../lab01/dataset/dog/0726.jpg,dog
F:\NTSE\lab01\dataset\dog\0727.jpg,../lab01/dataset/dog/0727.jpg,dog
F:\NTSE\lab01\dataset\dog\0728.jpg,../lab01/dataset/dog/0728.jpg,dog
F:\NTSE\lab01\dataset\dog\0729.jpg,../lab01/dataset/dog/0729.jpg,dog
F:\NTSE\lab01\dataset\dog\0730.jpg,../lab01/dataset/dog/0730.jpg,dog
F:\NTSE\lab01\dataset\dog\0731.jpg,../lab01/dataset/dog/0731.jpg,dog
F:\NTSE\lab01\dataset\dog\0732.jpg,../lab01/dataset/dog/0732.jpg,dog
F:\NTSE\lab01\dataset\dog\0733.jpg,../lab01/dataset/dog/0733.jpg,dog
F:\NTSE\lab01\dataset\dog\0734.jpg,../lab01/dataset/dog/0734.jpg,dog
F:\NTSE\lab01\dataset\dog\0735.jpg,../lab01/dataset/dog/0735.jpg,dog
F:\NTSE\lab01\dataset\dog\0736.jpg,../lab01/dataset/dog/0736.jpg,dog
F:\NTSE\lab01\dataset\dog\0737.jpg,../lab01/dataset/dog/0737.jpg,dog
F:\NTSE\lab01\dataset\dog\0738.jpg,../lab01/dataset/dog/0738.jpg,dog
F:\NTSE\lab01\dataset\dog\0739.jpg,../lab01/dataset/dog/0739.jpg,dog
F:\NTSE\lab01\dataset\dog\0740.jpg,../lab01/dataset/dog/0740.jpg,dog
F:\NTSE\lab01\dataset\dog\0741.jpg,../lab01/dataset/dog/0741.jpg,dog
F:\NTSE\lab01\dataset\dog\0742.jpg,../lab01/dataset/dog/0742.jpg,dog
F:\NTSE\lab01\dataset\dog\0743.jpg,../lab01/dataset/dog/0743.jpg,dog
F:\NTSE\lab01\dataset\dog\0744.jpg,../lab01/dataset/dog/0744.jpg,dog
F:\NTSE\lab01\dataset\dog\0745.jpg,../lab01/dataset/dog/0745.jpg,dog
F:\NTSE\lab01\dataset\dog\0746.jpg,../lab01/dataset/dog/0746.jpg,dog
F:\NTSE\lab01\dataset\dog\0747.jpg,../lab01/dataset/dog/0747.jpg,dog
F:\NTSE\lab01\dataset\dog\0748.jpg,../lab01/dataset/dog/0748.jpg,dog
F:\NTSE\lab01\dataset\dog\0749.jpg,../lab01/dataset/dog/0749.jpg,dog
F:\NTSE\lab01\dataset\dog\0750.jpg,../lab01/dataset/dog/0750.jpg,dog
F:\NTSE\lab01\dataset\dog\0751.jpg,../lab01/dataset/dog/0751.jpg,dog
F:\NTSE\lab01\dataset\dog\0752.jpg,../lab01/dataset/dog/0752.jpg,dog
F:\NTSE\lab01\dataset\dog\0753.jpg,../lab01/dataset/dog/0753.jpg,dog
F:\NTSE\lab01\dataset\dog\0754.jpg,../lab01/dataset/dog/0754.jpg,dog
F:\NTSE\lab01\dataset\dog\0755.jpg,../lab01/dataset/dog/0755.jpg,dog
F:\NTSE\lab01\dataset\dog\0756.jpg,../lab01/dataset/dog/0756.jpg,dog
F:\NTSE\lab01\dataset\dog\0757.jpg,../lab01/dataset/dog/0757.jpg,dog
F:\NTSE\lab01\dataset\dog\0758.jpg,../lab01/dataset/dog/0758.jpg,dog
F:\NTSE\lab01\dataset\dog\0759.jpg,../lab01/dataset/dog/0759.jpg,dog
F:\NTSE\lab01\dataset\dog\0760.jpg,../lab01/dataset/dog/0760.jpg,dog
F:\NTSE\lab01\dataset\dog\0761.jpg,../lab01/dataset/dog/0761.jpg,dog
F:\NTSE\lab01\dataset\dog\0762.jpg,../lab01/dataset/dog/0762.jpg,dog
F:\NTSE\lab01\dataset\dog\0763.jpg,../lab01/dataset/dog/0763.jpg,dog
F:\NTSE\lab01\dataset\dog\0764.jpg,../lab01/dataset/dog/0764.jpg,dog
F:\NTSE\lab01\dataset\dog\0765.jpg,../lab01/dataset/dog/0765.jpg,dog
F:\NTSE\lab01\dataset\dog\0766.jpg,../lab01/dataset/dog/0766.jpg,dog
F:\NTSE\lab01\dataset\dog\0767.jpg,../lab01/dataset/dog/0767.jpg,dog
F:\NTSE\lab01\dataset\dog\0768.jpg,../lab01/dataset/dog/0768.jpg,dog
F:\NTSE\lab01\dataset\dog\0769.jpg,../lab01/dataset/dog/0769.jpg,dog
F:\NTSE\lab01\dataset\dog\0770.jpg,../lab01/dataset/dog/0770.jpg,dog
F:\NTSE\lab01\dataset\dog\0771.jpg,../lab01/dataset/dog/0771.jpg,dog
F:\NTSE\lab01\dataset\dog\0772.jpg,../lab01/dataset/dog/0772.jpg,dog
F:\NTSE\lab01\dataset\dog\0773.jpg,../lab01/dataset/dog/0773.jpg,dog
F:\NTSE\lab01\dataset\dog\0774.jpg,../lab01/dataset/dog/0774.jpg,dog
F:\NTSE\lab01\dataset\dog\0775.jpg,../lab01/dataset/dog/0775.jpg,dog
F:\NTSE\lab01\dataset\dog\0776.jpg,../lab01/dataset/dog/0776.jpg,dog
F:\NTSE\lab01\dataset\dog\0777.jpg,../lab01/dataset/dog/0777.jpg,dog
F:\NTSE\lab01\dataset\dog\0778.jpg,../lab01/dataset/dog/0778.jpg,dog
F:\NTSE\lab01\dataset\dog\0779.jpg,../lab01/dataset/dog/0779.jpg,dog
F:\NTSE\lab01\dataset\dog\0780.jpg,../lab01/dataset/dog/0780.jpg,dog
F:\NTSE\lab01\dataset\dog\0781.jpg,../lab01/dataset/dog/0781.jpg,dog
F:\NTSE\lab01\dataset\dog\0782.jpg,../lab01/dataset/dog/0782.jpg,dog
F:\NTSE\lab01\dataset\dog\0783.jpg,../lab01/dataset/dog/0783.jpg,dog
F:\NTSE\lab01\dataset\dog\0784.jpg,../lab01/dataset/dog/0784.jpg,dog
F:\NTSE\lab01\dataset\dog\0785.jpg,../lab01/dataset/dog/0785.jpg,dog
F:\NTSE\lab01\dataset\dog\0786.jpg,../lab01/dataset/dog/0786.jpg,dog
F:\NTSE\lab01\dataset\dog\0787.jpg,../lab01/dataset/dog/0787.jpg,dog
F:\NTSE\lab01\dataset\dog\0788.jpg,../lab01/dataset/dog/0788.jpg,dog
F:\NTSE\lab01\dataset\dog\0789.jpg,../lab01/dataset/dog/0789.jpg,dog
F:\NTSE\lab01\dataset\dog\0790.jpg,../lab01/dataset/dog/0790.jpg,dog
F:\NTSE\lab01\dataset\dog\0791.jpg,../lab01/dataset/dog/0791.jpg,dog
F:\NTSE\lab01\dataset\dog\0792.jpg,../lab01/dataset/dog/0792.jpg,dog
F:\NTSE\lab01\dataset\dog\0793.jpg,../lab01/dataset/dog/0793.jpg,dog
F:\NTSE\lab01\dataset\dog\0794.jpg,../lab01/dataset/dog/0794.jpg,dog
F:\NTSE\lab01\dataset\dog\0795.jpg,../lab01/dataset/dog/0795.jpg,dog
F:\NTSE\lab01\dataset\dog\0796.jpg,../lab01/dataset/dog/0796.jpg,dog
F:\NTSE\lab01\dataset\dog\0797.jpg,../lab01/dataset/dog/0797.jpg,dog
F:\NTSE\lab01\dataset\dog\0798.jpg,../lab01/dataset/dog/0798.jpg,dog
F:\NTSE\lab01\dataset\dog\0799.jpg,../lab01/dataset/dog/0799.jpg,dog
F:\NTSE\lab01\dataset\dog\0800.jpg,../lab01/dataset/dog/0800.jpg,dog
F:\NTSE\lab01\dataset\dog\0801.jpg,../lab01/dataset/dog/0801.jpg,dog
F:\NTSE\lab01\dataset\dog\0802.jpg,../lab01/dataset/dog/0802.jpg,dog
F:\NTSE\lab01\dataset\dog\0803.jpg,../lab01/dataset/dog/0803.jpg,dog
F:\NTSE\lab01\dataset\dog\0804.jpg,../lab01/dataset/dog/0804.jpg,dog
F:\NTSE\lab01\dataset\dog\0805.jpg,../lab01/dataset/dog/0805.jpg,dog
F:\NTSE\lab01\dataset\dog\0806.jpg,../lab01/dataset/dog/0806.jpg,dog
F:\NTSE\lab01\dataset\dog\0807.jpg,../lab01/dataset/dog/0807.jpg,dog
F:\NTSE\lab01\dataset\dog\0808.jpg,../lab01/dataset/dog/0808.jpg,dog
F:\NTSE\lab01\dataset\dog\0809.jpg,../lab01/dataset/dog/0809.jpg,dog
F:\NTSE\lab01\dataset\dog\0810.jpg,../lab01/dataset/dog/0810.jpg,dog
F:\NTSE\lab01\dataset\dog\0811.jpg,../lab01/dataset/dog/0811.jpg,dog
F:\NTSE\lab01\dataset\dog\0812.jpg,../lab01/dataset/dog/0812.jpg,dog
F:\NTSE\lab01\dataset\dog\0813.jpg,../lab01/dataset/dog/0813.jpg,dog
F:\NTSE\lab01\dataset\dog\0814.jpg,../lab01/dataset/dog/0814.jpg,dog
F:\NTSE\lab01\dataset\dog\0815.jpg,../lab01/dataset/dog/0815.jpg,dog
F:\NTSE\lab01\dataset\dog\0816.jpg,../lab01/dataset/dog/0816.jpg,dog
F:\NTSE\lab01\dataset\dog\0817.jpg,../lab01/dataset/dog/0817.jpg,dog
F:\NTSE\lab01\dataset\dog\0818.jpg,../lab01/dataset/dog/0818.jpg,dog
F:\NTSE\lab01\dataset\dog\0819.jpg,../lab01/dataset/dog/0819.jpg,dog
F:\NTSE\lab01\dataset\dog\0820.jpg,../lab01/dataset/dog/0820.jpg,dog
F:\NTSE\lab01\dataset\dog\0821.jpg,../lab01/dataset/dog/0821.jpg,dog
F:\NTSE\lab01\dataset\dog\0822.jpg,../lab01/dataset/dog/0822.jpg,dog
F:\NTSE\lab01\dataset\dog\0823.jpg,../lab01/dataset/dog/0823.jpg,dog
F:\NTSE\lab01\dataset\dog\0824.jpg,../lab01/dataset/dog/0824.jpg,dog
F:\NTSE\lab01\dataset\dog\0825.jpg,../lab01/dataset/dog/0825.jpg,dog
F:\NTSE\lab01\dataset\dog\0826.jpg,../lab01/dataset/dog/0826.jpg,dog
F:\NTSE\lab01\dataset\dog\0827.jpg,../lab01/dataset/dog/0827.jpg,dog
F:\NTSE\lab01\dataset\dog\0828.jpg,../lab01/dataset/dog/0828.jpg,dog
F:\NTSE\lab01\dataset\dog\0829.jpg,../lab01/dataset/dog/0829.jpg,dog
F:\NTSE\lab01\dataset\dog\0830.jpg,../lab01/dataset/dog/0830.jpg,dog
F:\NTSE\lab01\dataset\dog\0831.jpg,../lab01/dataset/dog/0831.jpg,dog
F:\NTSE\lab01\dataset\dog\0832.jpg,../lab01/dataset/dog/0832.jpg,dog
F:\NTSE\lab01\dataset\dog\0833.jpg,../lab01/dataset/dog/0833.jpg,dog
F:\NTSE\lab01\dataset\dog\0834.jpg,../lab01/dataset/dog/0834.jpg,dog
F:\NTSE\lab01\dataset\dog\0835.jpg,../lab01/dataset/dog/0835.jpg,dog
F:\NTSE\lab01\dataset\dog\0836.jpg,../lab01/dataset/dog/0836.jpg,dog
F:\NTSE\lab01\dataset\dog\0837.jpg,../lab01/dataset/dog/0837.jpg,dog
F:\NTSE\lab01\dataset\dog\0838.jpg,../lab01/dataset/dog/0838.jpg,dog
F:\NTSE\lab01\dataset\dog\0839.jpg,../lab01/dataset/dog/0839.jpg,dog
F:\NTSE\lab01\dataset\dog\0840.jpg,../lab01/dataset/dog/0840.jpg,dog
F:\NTSE\lab01\dataset\dog\0841.jpg,../lab01/dataset/dog/0841.jpg,dog
F:\NTSE\lab01\dataset\dog\0842.jpg,../lab01/dataset/dog/0842.jpg,dog
F:\NTSE\lab01\dataset\dog\0843.jpg,../lab01/dataset/dog/0843.jpg,dog
F:\NTSE\lab01\dataset\dog\0844.jpg,../lab01/dataset/dog/0844.jpg,dog
F:\NTSE\lab01\dataset\dog\0845.jpg,../lab01/dataset/dog/0845.jpg,dog
F:\NTSE\lab01\dataset\dog\0846.jpg,../lab01/dataset/dog/0846.jpg,dog
F:\NTSE\lab01\dataset\dog\0847.jpg,../lab01/dataset/dog/0847.jpg,dog
F:\NTSE\lab01\dataset\dog\0848.jpg,../lab01/dataset/dog/0848.jpg,dog
F:\NTSE\lab01\dataset\dog\0849.jpg,../lab01/dataset/dog/0849.jpg,dog
F:\NTSE\lab01\dataset\dog\0850.jpg,../lab01/dataset/dog/0850.jpg,dog
F:\NTSE\lab01\dataset\dog\0851.jpg,../lab01/dataset/dog/0851.jpg,dog
F:\NTSE\lab01\dataset\dog\0852.jpg,../lab01/dataset/dog/0852.jpg,dog
F:\NTSE\lab01\dataset\dog\0853.jpg,../lab01/dataset/dog/0853.jpg,dog
F:\NTSE\lab01\dataset\dog\0854.jpg,../lab01/dataset/dog/0854.jpg,dog
F:\NTSE\lab01\dataset\dog\0855.jpg,../lab01/dataset/dog/0855.jpg,dog
F:\NTSE\lab01\dataset\dog\0856.jpg,../lab01/dataset/dog/0856.jpg,dog
F:\NTSE\lab01\dataset\dog\0857.jpg,../lab01/dataset/dog/0857.jpg,dog
F:\NTSE\lab01\dataset\dog\0858.jpg,../lab01/dataset/dog/0858.jpg,dog
F:\NTSE\lab01\dataset\dog\0859.jpg,../lab01/dataset/dog/0859.jpg,dog
F:\NTSE\lab01\dataset\dog\0860.jpg,../lab01/dataset/dog/0860.jpg,dog
F:\NTSE\lab01\dataset\dog\0861.jpg,../lab01/dataset/dog/0861.jpg,dog
F:\NTSE\lab01\dataset\dog\0862.jpg,../lab01/dataset/dog/0862.jpg,dog
F:\NTSE\lab01\dataset\dog\0863.jpg,../lab01/dataset/dog/0863.jpg,dog
F:\NTSE\lab01\dataset\dog\0864.jpg,../lab01/dataset/dog/0864.jpg,dog
F:\NTSE\lab01\dataset\dog\0865.jpg,../lab01/dataset/dog/0865.jpg,dog
F:\NTSE\lab01\dataset\dog\0866.jpg,../lab01/dataset/dog/0866.jpg,dog
F:\NTSE\lab01\dataset\dog\0867.jpg,../lab01/dataset/dog/0867.jpg,dog
F:\NTSE\lab01\dataset\dog\0868.jpg,../lab01/dataset/dog/0868.jpg,dog
F:\NTSE\lab01\dataset\dog\0869.jpg,../lab01/dataset/dog/0869.jpg,dog
F:\NTSE\lab01\dataset\dog\0870.jpg,../lab01/dataset/dog/0870.jpg,dog
F:\NTSE\lab01\dataset\dog\0871.jpg,../lab01/dataset/dog/0871.jpg,dog
F:\NTSE\lab01\dataset\dog\0872.jpg,../lab01/dataset/dog/0872.jpg,dog
F:\NTSE\lab01\dataset\dog\0873.jpg,../lab01/dataset/dog/0873.jpg,dog
F:\NTSE\lab01\dataset\dog\0874.jpg,../lab01/dataset/dog/0874.jpg,dog
F:\NTSE\lab01\dataset\dog\0875.jpg,../lab01/dataset/dog/0875.jpg,dog
F:\NTSE\lab01\dataset\dog\0876.jpg,../lab01/dataset/dog/0876.jpg,dog
F:\NTSE\lab01\dataset\dog\0877.jpg,../lab01/dataset/dog/0877.jpg,dog
F:\NTSE\lab01\dataset\dog\0878.jpg,../lab01/dataset/dog/0878.jpg,dog
F:\NTSE\lab01\dataset\dog\0879.jpg,../lab01/dataset/dog/0879.jpg,dog
F:\NTSE\lab01\dataset\dog\0880.jpg,../lab01/dataset/dog/0880.jpg,dog
F:\NTSE\lab01\dataset\dog\0881.jpg,../lab01/dataset/dog/0881.jpg,dog
F:\NTSE\lab01\dataset\dog\0882.jpg,../lab01/dataset/dog/0882.jpg,dog
F:\NTSE\lab01\dataset\dog\0883.jpg,../lab01/dataset/dog/0883.jpg,dog
F:\NTSE\lab01\dataset\dog\0884.jpg,../lab01/dataset/dog/0884.jpg,dog
F:\NTSE\lab01\dataset\dog\0885.jpg,../lab01/dataset/dog/0885.jpg,dog
F:\NTSE\lab01\dataset\dog\0886.jpg,../lab01/dataset/dog/0886.jpg,dog
F:\NTSE\lab01\dataset\dog\0887.jpg,../lab01/dataset/dog/0887.jpg,dog
F:\NTSE\lab01\dataset\dog\0888.jpg,../lab01/dataset/dog/0888.jpg,dog
F:\NTSE\lab01\dataset\dog\0889.jpg,../lab01/dataset/dog/0889.jpg,dog
F:\NTSE\lab01\dataset\dog\0890.jpg,../lab01/dataset/dog/0890.jpg,dog
F:\NTSE\lab01\dataset\dog\0891.jpg,../lab01/dataset/dog/0891.jpg,dog
F:\NTSE\lab01\dataset\dog\0892.jpg,../lab01/dataset/dog/0892.jpg,dog
F:\NTSE\lab01\dataset\dog\0893.jpg,../lab01/dataset/dog/0893.jpg,dog
F:\NTSE\lab01\dataset\dog\0894.jpg,../lab01/dataset/dog/0894.jpg,dog
F:\NTSE\lab01\dataset\dog\0895.jpg,../lab01/dataset/dog/0895.jpg,dog
F:\NTSE\lab01\dataset\dog\0896.jpg,../lab01/dataset/dog/0896.jpg,dog
F:\NTSE\lab01\dataset\dog\0897.jpg,../lab01/dataset/dog/0897.jpg,dog
F:\NTSE\lab01\dataset\dog\0898.jpg,../lab01/dataset/dog/0898.jpg,dog
F:\NTSE\lab01\dataset\dog\0899.jpg,../lab01/dataset/dog/0899.jpg,dog
F:\NTSE\lab01\dataset\dog\0900.jpg,../lab01/dataset/dog/0900.jpg,dog
F:\NTSE\lab01\dataset\dog\0901.jpg,../lab01/dataset/dog/0901.jpg,dog
F:\NTSE\lab01\dataset\dog\0902.jpg,../lab01/dataset/dog/0902.jpg,dog
F:\NTSE\lab01\dataset\dog\0903.jpg,../lab01/dataset/dog/0903.jpg,dog
F:\NTSE\lab01\dataset\dog\0904.jpg,../lab01/dataset/dog/0904.jpg,dog
F:\NTSE\lab01\dataset\dog\0905.jpg,../lab01/dataset/dog/0905.jpg,dog
F:\NTSE\lab01\dataset\dog\0906.jpg,../lab01/dataset/dog/0906.jpg,dog
F:\NTSE\lab01\dataset\dog\0907.jpg,../lab01/dataset/dog/0907.jpg,dog
F:\NTSE\lab01\dataset\dog\0908.jpg,../lab01/dataset/dog/0908.jpg,dog
F:\NTSE\lab01\dataset\dog\0909.jpg,../lab01/dataset/dog/0909.jpg,dog
F:\NTSE\lab01\dataset\dog\0910.jpg,../lab01/dataset/dog/0910.jpg,dog
F:\NTSE\lab01\dataset\dog\0911.jpg,../lab01/dataset/dog/0911.jpg,dog
F:\NTSE\lab01\dataset\dog\0912.jpg,../lab01/dataset/dog/0912.jpg,dog
F:\NTSE\lab01\dataset\dog\0913.jpg,../lab01/dataset/dog/0913.jpg,dog
F:\NTSE\lab01\dataset\dog\0914.jpg,../lab01/dataset/dog/0914.jpg,dog
F:\NTSE\lab01\dataset\dog\0915.jpg,../lab01/dataset/dog/0915.jpg,dog
F:\NTSE\lab01\dataset\dog\0916.jpg,../lab01/dataset/dog/0916.jpg,dog
F:\NTSE\lab01\dataset\dog\0917.jpg,../lab01/dataset/dog/0917.jpg,dog
F:\NTSE\lab01\dataset\dog\0918.jpg,../lab01/dataset/dog/0918.jpg,dog
F:\NTSE\lab01\dataset\dog\0919.jpg,../lab01/dataset/dog/0919.jpg,dog
F:\NTSE\lab01\dataset\dog\0920.jpg,../lab01/dataset/dog/0920.jpg,dog
F:\NTSE\lab01\dataset\dog\0921.jpg,../lab01/dataset/dog/0921.jpg,dog
F:\NTSE\lab01\dataset\dog\0922.jpg,../lab01/dataset/dog/0922.jpg,dog
F:\NTSE\lab01\dataset\dog\0923.jpg,../lab01/dataset/dog/0923.jpg,dog
F:\NTSE\lab01\dataset\dog\0924.jpg,../lab01/dataset/dog/0924.jpg,dog
F:\NTSE\lab01\dataset\dog\0925.jpg,../lab01/dataset/dog/0925.jpg,dog
F:\NTSE\lab01\dataset\dog\0926.jpg,../lab01/dataset/dog/0926.jpg,dog
F:\NTSE\lab01\dataset\dog\0927.jpg,../lab01/dataset/dog/0927.jpg,dog
F:\NTSE\lab01\dataset\dog\0928.jpg,../lab01/dataset/dog/0928.jpg,dog
F:\NTSE\lab01\dataset\dog\0929.jpg,../lab01/dataset/dog/0929.jpg,dog
F:\NTSE\lab01\dataset\dog\0930.jpg,../lab01/dataset/dog/0930.jpg,dog
F:\NTSE\lab01\dataset\dog\0931.jpg,../lab01/dataset/dog/0931.jpg,dog
F:\NTSE\lab01\dataset\dog\0932.jpg,../lab01/dataset/dog/0932.jpg,dog
F:\NTSE\lab01\dataset\dog\0933.jpg,../lab01/dataset/dog/0933.jpg,dog
F:\NTSE\lab01\dataset\dog\0934.jpg,../lab01/dataset/dog/0934.jpg,dog
F:\NTSE\lab01\dataset\dog\0935.jpg,../lab01/dataset/dog/0935.jpg,dog
F:\NTSE\lab01\dataset\dog\0936.jpg,../lab01/dataset/dog/0936.jpg,dog
F:\NTSE\lab01\dataset\dog\0937.jpg,../lab01/dataset/dog/0937.jpg,dog
F:\NTSE\lab01\dataset\dog\0938.jpg,../lab01/dataset/dog/0938.jpg,dog
F:\NTSE\lab01\dataset\dog\0939.jpg,../lab01/dataset/dog/0939.jpg,dog
F:\NTSE\lab01\dataset\dog\0940.jpg,../lab01/dataset/dog/0940.jpg,dog
F:\NTSE\lab01\dataset\dog\0941.jpg,../lab01/dataset/dog/0941.jpg,dog
F:\NTSE\lab01\dataset\dog\0942.jpg,../lab01/dataset/dog/0942.jpg,dog
F:\NTSE\lab01\dataset\dog\0943.jpg,../lab01/dataset/dog/0943.jpg,dog
F:\NTSE\lab01\dataset\dog\0944.jpg,../lab01/dataset/dog/0944.jpg,dog
F:\NTSE\lab01\dataset\dog\0945.jpg,../lab01/dataset/dog/0945.jpg,dog
F:\NTSE\lab01\dataset\dog\0946.jpg,../lab01/dataset/dog/0946.jpg,dog
F:\NTSE\lab01\dataset\dog\0947.jpg,../lab01/dataset/dog/0947.jpg,dog
F:\NTSE\lab01\dataset\dog\0948.jpg,../lab01/dataset/dog/0948.jpg,dog
F:\NTSE\lab01\dataset\dog\0949.jpg,../lab01/dataset/dog/0949.jpg,dog
F:\NTSE\lab01\dataset\dog\0950.jpg,../lab01/dataset/dog/0950.jpg,dog
F:\NTSE\lab01\dataset\dog\0951.jpg,../lab01/dataset/dog/0951.jpg,dog
F:\NTSE\lab01\dataset\dog\0952.jpg,../lab01/dataset/dog/0952.jpg,dog
F:\NTSE\lab01\dataset\dog\0953.jpg,../lab01/dataset/dog/0953.jpg,dog
F:\NTSE\lab01\dataset\dog\0954.jpg,../lab01/dataset/dog/0954.jpg,dog
F:\NTSE\lab01\dataset\dog\0955.jpg,../lab01/dataset/dog/0955.jpg,dog
F:\NTSE\lab01\dataset\dog\0956.jpg,../lab01/dataset/dog/0956.jpg,dog
F:\NTSE\lab01\dataset\dog\0957.jpg,../lab01/dataset/dog/0957.jpg,dog
F:\NTSE\lab01\dataset\dog\0958.jpg,../lab01/dataset/dog/0958.jpg,dog
F:\NTSE\lab01\dataset\dog\0959.jpg,../lab01/dataset/dog/0959.jpg,dog
F:\NTSE\lab01\dataset\dog\0960.jpg,../lab01/dataset/dog/0960.jpg,dog
F:\NTSE\lab01\dataset\dog\0961.jpg,../lab01/dataset/dog/0961.jpg,dog
F:\NTSE\lab01\dataset\dog\0962.jpg,../lab01/dataset/dog/0962.jpg,dog
F:\NTSE\lab01\dataset\dog\0963.jpg,../lab01/dataset/dog/0963.jpg,dog
F:\NTSE\lab01\dataset\dog\0964.jpg,../lab01/dataset/dog/0964.jpg,dog
F:\NTSE\lab01\dataset\dog\0965.jpg,../lab01/dataset/dog/0965.jpg,dog
F:\NTSE\lab01\dataset\dog\0966.jpg,../lab01/dataset/dog/0966.jpg,dog
F:\NTSE\lab01\dataset\dog\0967.jpg,../lab01/dataset/dog/0967.jpg,dog
F:\NTSE\lab01\dataset\dog\0968.jpg,../lab01/dataset/dog/0968.jpg,dog
F:\NTSE\lab01\dataset\dog\0969.jpg,../lab01/dataset/dog/0969.jpg,dog
F:\NTSE\lab01\dataset\dog\0970.jpg,../lab01/dataset/dog/0970.jpg,dog
F:\NTSE\lab01\dataset\dog\0971.jpg,../lab01/dataset/dog/0971.jpg,dog
F:\NTSE\lab01\dataset\dog\0972.jpg,../lab01/dataset/dog/0972.jpg,dog
F:\NTSE\lab01\dataset\dog\0973.jpg,../lab01/dataset/dog/0973.jpg,dog
F:\NTSE\lab01\dataset\dog\0974.jpg,../lab01/dataset/dog/0974.jpg,dog
F:\NTSE\lab01\dataset\dog\0975.jpg,../lab01/dataset/dog/0975.jpg,dog
F:\NTSE\lab01\dataset\dog\0976.jpg,../lab01/dataset/dog/0976.jpg,dog
F:\NTSE\lab01\dataset\dog\0977.jpg,../lab01/dataset/dog/0977.jpg,dog
F:\NTSE\lab01\dataset\dog\0978.jpg,../lab01/dataset/dog/0978.jpg,dog
F:\NTSE\lab01\dataset\dog\0979.jpg,../lab01/dataset/dog/0979.jpg,dog
F:\NTSE\lab01\dataset\dog\0980.jpg,../lab01/dataset/dog/0980.jpg,dog
F:\NTSE\lab01\dataset\dog\0981.jpg,../lab01/dataset/dog/0981.jpg,dog
F:\NTSE\lab01\dataset\dog\0982.jpg,../lab01/dataset/dog/0982.jpg,dog
F:\NTSE\lab01\dataset\dog\0983.jpg,../lab01/dataset/dog/0983.jpg,dog
F:\NTSE\lab01\dataset\dog\0984.jpg,../lab01/dataset/dog/0984.jpg,dog
F:\NTSE\lab01\dataset\dog\0985.jpg,../lab01/dataset/dog/0985.jpg,dog
F:\NTSE\lab01\dataset\dog\0986.jpg,../lab01/dataset/dog/0986.jpg,dog
F:\NTSE\lab01\dataset\dog\0987.jpg,../lab01/dataset/dog/0987.jpg,dog
F:\NTSE\lab01\dataset\dog\0988.jpg,../lab01/dataset/dog/0988.jpg,dog
F:\NTSE\lab01\dataset\dog\0989.jpg,../lab01/dataset/dog/0989.jpg,dog
F:\NTSE\lab01\dataset\dog\0990.jpg,../lab01/dataset/dog/0990.jpg,dog
F:\NTSE\lab01\dataset\dog\0991.jpg,../lab01/dataset/dog/0991.jpg,dog
F:\NTSE\lab01\dataset\dog\0992.jpg,../lab01/dataset/dog/0992.jpg,dog
F:\NTSE\lab01\dataset\dog\0993.jpg,../lab01/dataset/dog/0993.jpg,dog
F:\NTSE\lab01\dataset\dog\0994.jpg,../lab01/dataset/dog/0994.jpg,dog
F:\NTSE\lab01\dataset\dog\0995.jpg,../lab01/dataset/dog/0995.jpg,dog
F:\NTSE\lab01\dataset\dog\0996.jpg,../lab01/dataset/dog/0996.jpg,dog
F:\NTSE\lab01\dataset\dog\0997.jpg,../lab01/dataset/dog/0997.jpg,dog
F:\NTSE\lab01\dataset\dog\0998.jpg,../lab01/dataset/dog/0998.jpg,dog
F:\NTSE\lab01\dataset\dog\0999.jpg,../lab01/dataset/dog/0999.jpg,dog
F:\NTSE\lab01\dataset\dog\1000.jpg,../lab01/dataset/dog/1000.jpg,dog
F:\NTSE\lab01\dataset\dog\1001.jpg,../lab01/dataset/dog/1001.jpg,dog
F:\NTSE\lab01\dataset\dog\1002.jpg,../lab01/dataset/dog/1002.jpg,dog
F:\NTSE\lab01\dataset\dog\1003.jpg,../lab01/dataset/dog/1003.jpg,dog
F:\NTSE\lab01\dataset\dog\1004.jpg,../lab01/dataset/dog/1004.jpg,dog
F:\NTSE\lab01\dataset\dog\1005.jpg,../lab01/dataset/dog/1005.jpg,dog
F:\NTSE\lab01\dataset\dog\1006.jpg,../lab01/dataset/dog/1006.jpg,dog
F:\NTSE\lab01\dataset\dog\1007.jpg,../lab01/dataset/dog/1007.jpg,dog
F:\NTSE\lab01\dataset\dog\1008.jpg,../lab01/dataset/dog/1008.jpg,dog
F:\NTSE\lab01\dataset\dog\1009.jpg,../lab01/dataset/dog/1009.jpg,dog
F:\NTSE\lab01\dataset\dog\1010.jpg,../lab01/dataset/dog/1010.jpg,dog
F:\NTSE\lab01\dataset\dog\1011.jpg,../lab01/dataset/dog/1011.jpg,dog
F:\NTSE\lab01\dataset\dog\1012.jpg,../lab01/dataset/dog/1012.jpg,dog
F:\NTSE\lab01\dataset\dog\1013.jpg,../lab01/dataset/dog/1013.jpg,dog
F:\NTSE\lab01\dataset\dog\1014.jpg,../lab01/dataset/dog/1014.jpg,dog
F:\NTSE\lab01\dataset\dog\1015.jpg,../lab01/dataset/dog/1015.jpg,dog
F:\NTSE\lab01\dataset\dog\1016.jpg,../lab01/dataset/dog/1016.jpg,dog
F:\NTSE\lab01\dataset\dog\1017.jpg,../lab01/dataset/dog/1017.jpg,dog
F:\NTSE\lab01\dataset\dog\1018.jpg,../lab01/dataset/dog/1018.jpg,dog
F:\NTSE\lab01\dataset\dog\1019.jpg,../lab01/dataset/dog/1019.jpg,dog
F:\NTSE\lab01\dataset\dog\1020.jpg,../lab01/dataset/dog/1020.jpg,dog
F:\NTSE\lab01\dataset\dog\1021.jpg,../lab01/dataset/dog/1021.jpg,dog
F:\NTSE\lab01\dataset\dog\1022.jpg,../lab01/dataset/dog/1022.jpg,dog
F:\NTSE\lab01\dataset\dog\1023.jpg,../lab01/dataset/dog/1023.jpg,dog
F:\NTSE\lab01\dataset\dog\1024.jpg,../lab01/dataset/dog/1024.jpg,dog
F:\NTSE\lab01\dataset\dog\1025.jpg,../lab01/dataset/dog/1025.jpg,dog
F:\NTSE\lab01\dataset\dog\1026.jpg,../lab01/dataset/dog/1026.jpg,dog
F:\NTSE\lab01\dataset\dog\1027.jpg,../lab01/dataset/dog/1027.jpg,dog
F:\NTSE\lab01\dataset\dog\1028.jpg,../lab01/dataset/dog/1028.jpg,dog
F:\NTSE\lab01\dataset\dog\1029.jpg,../lab01/dataset/dog/1029.jpg,dog
F:\NTSE\lab01\dataset\dog\1030.jpg,../lab01/dataset/dog/1030.jpg,dog
F:\NTSE\lab01\dataset\dog\1031.jpg,../lab01/dataset/dog/1031.jpg,dog
F:\NTSE\lab01\dataset\dog\1032.jpg,../lab01/dataset/dog/1032.jpg,dog
F:\NTSE\lab01\dataset\dog\1033.jpg,../lab01/dataset/dog/1033.jpg,dog
F:\NTSE\lab01\dataset\dog\1034.jpg,../lab01/dataset/dog/1034.jpg,dog
F:\NTSE\lab01\dataset\dog\1035.jpg,../lab01/dataset/dog/1035.jpg,dog
F:\NTSE\lab01\dataset\dog\1036.jpg,../lab01/dataset/dog/1036.jpg,dog
F:\NTSE\lab01\dataset\dog\1037.jpg,../lab01/dataset/dog/1037.jpg,dog
F:\NTSE\lab01\dataset\dog\1038.jpg,../lab01/dataset/dog/1038.jpg,dog
F:\NTSE\lab01\dataset\dog\1039.jpg,../lab01/dataset/dog/1039.jpg,dog
F:\NTSE\lab01\dataset\dog\1040.jpg,../lab01/dataset/dog/1040.jpg,dog
F:\NTSE\lab01\dataset\dog\1041.jpg,../lab01/dataset/dog/1041.jpg,dog
F:\NTSE\lab01\dataset\dog\1042.jpg,../lab01/dataset/dog/1042.jpg,dog
F:\NTSE\lab01\dataset\dog\1043.jpg,../lab01/dataset/dog/1043.jpg,dog
F:\NTSE\lab01\dataset\dog\1044.jpg,../lab01/dataset/dog/1044.jpg,dog
F:\NTSE\lab01\dataset\dog\1045.jpg,../lab01/dataset/dog/1045.jpg,dog
F:\NTSE\lab01\dataset\dog\1046.jpg,../lab01/dataset/dog/1046.jpg,dog
F:\NTSE\lab01\dataset\dog\1047.jpg,../lab01/dataset/dog/1047.jpg,dog
F:\NTSE\lab01\dataset\dog\1048.jpg,../lab01/dataset/dog/1048.jpg,dog
F:\NTSE\lab01\dataset\dog\1049.jpg,../lab01/dataset/dog/1049.jpg,dog
F:\NTSE\lab01\dataset\dog\1050.jpg,../lab01/dataset/dog/1050.jpg,dog
F:\NTSE\lab01\dataset\dog\1051.jpg,../lab01/dataset/dog/1051.jpg,dog
F:\NTSE\lab01\dataset\dog\1052.jpg,../lab01/dataset/dog/1052.jpg,dog
F:\NTSE\lab01\dataset\dog\1053.jpg,../lab01/dataset/dog/1053.jpg,dog
F:\NTSE\lab01\dataset\dog\1054.jpg,../lab01/dataset/dog/1054.jpg,dog
F:\NTSE\lab01\dataset\dog\1055.jpg,../lab01/dataset/dog/1055.jpg,dog
F:\NTSE\lab01\dataset\dog\1056.jpg,../lab01/dataset/dog/1056.jpg,dog
F:\NTSE\lab01\dataset\dog\1057.jpg,../lab01/dataset/dog/1057.jpg,dog
F:\NTSE\lab01\dataset\dog\1058.jpg,../lab01/dataset/dog/1058.jpg,dog
F:\NTSE\lab01\dataset\dog\1059.jpg,../lab01/dataset/dog/1059.jpg,dog
F:\NTSE\lab01\dataset\dog\1060.jpg,../lab01/dataset/dog/1060.jpg,dog
F:\NTSE\lab01\dataset\dog\1061.jpg,../lab01/dataset/dog/1061.jpg,dog
F:\NTSE\lab01\dataset\dog\1062.jpg,../lab01/dataset/dog/1062.jpg,dog
F:\NTSE\lab01\dataset\dog\1063.jpg,../lab01/dataset/dog/1063.jpg,dog
F:\NTSE\lab01\dataset\dog\1064.jpg,../lab01/dataset/dog/1064.jpg,dog
F:\NTSE\lab01\dataset\dog\1065.jpg,../lab01/dataset/dog/1065.jpg,dog
F:\NTSE\lab01\dataset\dog\1066.jpg,../lab01/dataset/dog/1066.jpg,dog
F:\NTSE\lab01\dataset\dog\1067.jpg,../lab01/dataset/dog/1067.jpg,dog
F:\NTSE\lab01\dataset\dog\1068.jpg,../lab01/dataset/dog/1068.jpg,dog
F:\NTSE\lab01\dataset\dog\1069.jpg,../lab01/dataset/dog/1069.jpg,dog
F:\NTSE\lab01\dataset\dog\1070.jpg,../lab01/dataset/dog/1070.jpg,dog
F:\NTSE\lab01\dataset\dog\1071.jpg,../lab01/dataset/dog/1071.jpg,dog
F:\NTSE\lab01\dataset\dog\1072.jpg,../lab01/dataset/dog/1072.jpg,dog
F:\NTSE\lab01\dataset\dog\1073.jpg,../lab01/dataset/dog/1073.jpg,dog
F:\NTSE\lab01\dataset\dog\1074.jpg,../lab01/dataset/dog/1074.jpg,dog
F:\NTSE\lab01\dataset\dog\1075.jpg,../lab01/dataset/dog/1075.jpg,dog
F:\NTSE\lab01\dataset\dog\1076.jpg,../lab01/dataset/dog/1076.jpg,dog
F:\NTSE\lab01\dataset\dog\1077.jpg,../lab01/dataset/dog/1077.jpg,dog
F:\NTSE\lab01\dataset\dog\1078.jpg,../lab01/dataset/dog/1078.jpg,dog
F:\NTSE\lab01\dataset\dog\1079.jpg,../lab01/dataset/dog/1079.jpg,dog
F:\NTSE\lab01\dataset\dog\1080.jpg,../lab01/dataset/dog/1080.jpg,dog
F:\NTSE\lab01\dataset\dog\1081.jpg,../lab01/dataset/dog/1081.jpg,dog
F:\NTSE\lab01\dataset\dog\1082.jpg,../lab01/dataset/dog/1082.jpg,dog
F:\NTSE\lab01\dataset\dog\1083.jpg,../lab01/dataset/dog/1083.jpg,dog
F:\NTSE\lab01\dataset\dog\1084.jpg,../lab01/dataset/dog/1084.jpg,dog
F:\NTSE\lab01\dataset\dog\1085.jpg,../lab01/dataset/dog/1085.jpg,dog
F:\NTSE\lab01\dataset\dog\1086.jpg,../lab01/dataset/dog/1086.jpg,dog
F:\NTSE\lab01\dataset\dog\1087.jpg,../lab01/dataset/dog/1087.jpg,dog
F:\NTSE\lab01\dataset\dog\1088.jpg,../lab01/dataset/dog/1088.jpg,dog
F:\NTSE\lab01\dataset\dog\1089.jpg,../lab01/dataset/dog/1089.jpg,dog
F:\NTSE\lab01\dataset\dog\1090.jpg,../lab01/dataset/dog/1090.jpg,dog
F:\NTSE\lab01\dataset\dog\1091.jpg,../lab01/dataset/dog/1091.jpg,dog
F:\NTSE\lab01\dataset\dog\1092.jpg,../lab01/dataset/dog/1092.jpg,dog
F:\NTSE\lab01\dataset\dog\1093.jpg,../lab01/dataset/dog/1093.jpg,dog
F:\NTSE\lab01\dataset\dog\1094.jpg,../lab01/dataset/dog/1094.jpg,dog
F:\NTSE\lab01\dataset\dog\1095.jpg,../lab01/dataset/dog/1095.jpg,dog
F:\NTSE\lab01\dataset\dog\1096.jpg,../lab01/dataset/dog/1096.jpg,dog
F:\NTSE\lab01\dataset\dog\1097.jpg,../lab01/dataset/dog/1097.jpg,dog
F:\NTSE\lab01\dataset\dog\1098.jpg,../lab01/dataset/dog/1098.jpg,dog
F:\NTSE\lab01\dataset\dog\1099.jpg,../lab01/dataset/dog/1099.jpg,dog
F:\NTSE\lab01\dataset\dog\1100.jpg,../lab01/dataset/dog/1100.jpg,dog
F:\NTSE\lab01\dataset\dog\1101.jpg,../lab01/dataset/dog/1101.jpg,dog
F:\NTSE\lab01\dataset\dog\1102.jpg,../lab01/dataset/dog/1102.jpg,dog
F:\NTSE\lab01\dataset\dog\1103.jpg,../lab01/dataset/dog/1103.jpg,dog
F:\NTSE\lab01\dataset\dog\1104.jpg,../lab01/dataset/dog/1104.jpg,dog
F:\NTSE\lab01\dataset\dog\1105.jpg,../lab01/dataset/dog/1105.jpg,dog
F:\NTSE\lab01\dataset\dog\1106.jpg,../lab01/dataset/dog/1106.jpg,dog
