absolute_path,relative_path,class_label
F:\NTSE\lab03\output\class_named_dataset\cat_1.jpg,output/class_named_dataset/cat_1.jpg,cat
F:\NTSE\lab03\output\class_named_dataset\cat_2.jpg,output/class_named_dataset/cat_2.jpg,cat
F:\NTSE\lab03\output\class_named_dataset\cat_3.jpg,output/class_named_dataset/cat_3.jpg,cat
F:\NTSE\lab03\output\class_named_dataset\cat_4.jpg,output/class_named_dataset/cat_4.jpg,cat
F:\NTSE\lab03\output\class_named_dataset\cat_5.jpg,output/class_named_dataset/cat_5.jpg,cat
F:\NTSE\lab03\output\class_named_dataset\cat_6.jpg,output/class_named_dataset/cat_6.jpg,cat
F:\NTSE\lab03\output\class_named_dataset\cat_7.jpg,output/class_named_dataset/cat_7.jpg,cat
F:\NTSE\lab03\output\class_named_dataset\cat_8.jpg,output/class_named_dataset/cat_8.jpg,cat
F:\NTSE\lab03\output\class_named_dataset\cat_9.jpg,output/class_named_dataset/cat_9.jpg,cat
F:\NTSE\lab03\output\class_named_dataset\cat_10.jpg,output/class_named_dataset/cat_10.jpg,cat
F:\NTSE\lab03\output\class_named_dataset\cat_11.jpg,output/class_named_dataset/cat_11.jpg,cat
F:\NTSE\lab03\output\class_named_dataset\cat_12.jpg,output/class_named_dataset/cat_12.jpg,cat
F:\NTSE\lab03\output\class_named_dataset\cat_13.jpg,output/class_named_dataset/cat_13.jpg,cat
F:\NTSE\lab03\output\class_named_dataset\cat_14.jpg,output/class_named_dataset/cat_14.jpg,cat
F:\NTSE\lab03\output\class_named_dataset\cat_15.jpg,output/class_named_dataset/cat_15.jpg,cat
F:\NTSE\lab03\output\class_named_dataset\cat_16.jpg,output/class_named_dataset/cat_16.jpg,cat
F:\NTSE\lab03\output\class_named_dataset\cat_17.jpg,output/class_named_dataset/cat_17.jpg,cat
F:\NTSE\lab03\output\class_named_dataset\cat_18.jpg,output/class_named_dataset/cat_18.jpg,cat
F:\NTSE\lab03\output\class_named_dataset\cat_19.jpg,output/class_named_dataset/cat_19.jpg,cat
F:\NTSE\lab03\output\class_named_dataset\cat_20.jpg,output/class_named_dataset/cat_20.jpg,cat
F:\NTSE\lab03\output\class_named_dataset\cat_21.jpg,output/class_named_dataset/cat_21.jpg,cat
F:\NTSE\lab03\output\class_named_dataset\cat_22.jpg,output/class_named_dataset/cat_22.jpg,cat
F:\NTSE\lab03\output\class_named_dataset\cat_23.jpg,output/class_named_dataset/cat_23.jpg,cat
F:\NTSE\lab03\output\class_named_dataset\cat_24.jpg,output/class_named_dataset/cat_24.jpg,cat
F:\NTSE\lab03\output\class_named_dataset\cat_25.jpg,output/class_named_dataset/cat_25.jpg,cat
F:\NTSE\lab03\output\class_named_dataset\cat_26.jpg,output/class_named_dataset/cat_26.jpg,cat
F:\NTSE\lab03\output\class_named_dataset\cat_27.jpg,output/class_named_dataset/cat_27.jpg,cat
F:\NTSE\lab03\output\class_named_dataset\cat_28.jpg,output/class_named_dataset/cat_28.jpg,cat
F:\NTSE\lab03\output\class_named_dataset\cat_29.jpg,output/class_named_dataset/cat_29.jpg,cat
F:\NTSE\lab03\output\class_named_dataset\cat_30.jpg,output/class_named_dataset/cat_30.jpg,cat
F:\NTSE\lab03\output\class_named_dataset\cat_31.jpg,output/class_named_dataset/cat_31.jpg,cat
F:\NTSE\lab03\output\class_named_dataset\cat_32.jpg,output/class_named_dataset/cat_32.jpg,cat
F:\NTSE\lab03\output\class_named_dataset\cat_33.jpg,output/class_named_dataset/cat_33.jpg,cat
F:\NTSE\lab03\output\class_named_dataset\cat_34.jpg,output/class_named_dataset/cat_34.jpg,cat
F:\NTSE\lab03\output\class_named_dataset\cat_35.jpg,output/class_named_dataset/cat_35.jpg,cat
F:\NTSE\lab03\output\class_named_dataset\cat_36.jpg,output/class_named_dataset/cat_36.jpg,cat
F:\NTSE\lab03\output\class_named_dataset\cat_37.jpg,output/class_named_dataset/cat_37.jpg,cat
F:\NTSE\lab03\output\class_named_dataset\cat_38.jpg,output/class_named_dataset/cat_38.jpg,cat
F:\NTSE\lab03\output\class_named_dataset\cat_39.jpg,output/class_named_dataset/cat_39.jpg,cat
F:\NTSE\lab03\output\class_named_dataset\cat_40.jpg,output/class_named_dataset/cat_40.jpg,cat
F:\NTSE\lab03\output\class_named_dataset\cat_41.jpg,output/class_named_dataset/cat_41.jpg,cat
F:\NTSE\lab03\output\class_named_dataset\cat_42.jpg,output/class_named_dataset/cat_42.jpg,cat
F:\NTSE\lab03\output\class_named_dataset\cat_43.jpg,output/class_named_dataset/cat_43.jpg,cat
F:\NTSE\lab03\output\class_named_dataset\cat_44.jpg,output/class_named_dataset/cat_44.jpg,cat
F:\NTSE\lab03\output\class_named_dataset\cat_45.jpg,output/class_named_dataset/cat_45.jpg,cat
F:\NTSE\lab03\output\class_named_dataset\cat_46.jpg,output/class_named_dataset/cat_46.jpg,cat
F:\NTSE\lab03\output\class_named_dataset\cat_47.jpg,output/class_named_dataset/cat_47.jpg,cat
F:\NTSE\lab03\output\class_named_dataset\cat_48.jpg,output/class_named_dataset/cat_48.jpg,cat
F:\NTSE\lab03\output\class_named_dataset\cat_49.jpg,output/class_named_dataset/cat_49.jpg,cat
F:\NTSE\lab03\output\class_named_dataset\cat_50.jpg,output/class_named_dataset/cat_50.jpg,cat
F:\NTSE\lab03\output\class_named_dataset\cat_51.jpg,output/class_named_dataset/cat_51.jpg,cat
F:\NTSE\lab03\output\class_named_dataset\cat_52.jpg,output/class_named_dataset/cat_52.jpg,cat
F:\NTSE\lab03\output\class_named_dataset\cat_53.jpg,output/class_named_dataset/cat_53.jpg,cat
F:\NTSE\lab03\output\class_named_dataset\cat_54.jpg,output/class_named_dataset/cat_54.jpg,cat
F:\NTSE\lab03\output\class_named_dataset\cat_55.jpg,output/class_named_dataset/cat_55.jpg,cat
F:\NTSE\lab03\output\class_named_dataset\cat_56.jpg,output/class_named_dataset/cat_56.jpg,cat
F:\NTSE\lab03\output\class_named_dataset\cat_57.jpg,output/class_named_dataset/cat_57.jpg,cat
F:\NTSE\lab03\output\class_named_dataset\cat_58.jpg,output/class_named_dataset/cat_58.jpg,cat
F:\NTSE\lab03\output\class_named_dataset\cat_59.jpg,output/class_named_dataset/cat_59.jpg,cat
F:\NTSE\lab03\output\class_named_dataset\cat_60.jpg,output/class_named_dataset/cat_60.jpg,cat
F:\NTSE\lab03\output\class_named_dataset\cat_61.jpg,output/class_named_dataset/cat_61.jpg,cat
F:\NTSE\lab03\output\class_named_dataset\cat_62.jpg,output/class_named_dataset/cat_62.jpg,cat
F:\NTSE\lab03\output\class_named_dataset\cat_63.jpg,output/class_named_dataset/cat_63.jpg,cat
F:\NTSE\lab03\output\class_named_dataset\cat_64.jpg,output/class_named_dataset/cat_64.jpg,cat
F:\NTSE\lab03\output\class_named_dataset\cat_65.jpg,output/class_named_dataset/cat_65.jpg,cat
F:\NTSE\lab03\output\class_named_dataset\cat_66.jpg,output/class_named_dataset/cat_66.jpg,cat
F:\NTSE\lab03\output\class_named_dataset\cat_67.jpg,output/class_named_dataset/cat_67.jpg,cat
F:\NTSE\lab03\output\class_named_dataset\cat_68.jpg,output/class_named_dataset/cat_68.jpg,cat
F:\NTSE\lab03\output\class_named_dataset\cat_69.jpg,output/class_named_dataset/cat_69.jpg,cat
F:\NTSE\lab03\output\class_named_dataset\cat_70.jpg,output/class_named_dataset/cat_70.jpg,cat
F:\NTSE\lab03\output\class_named_dataset\cat_71.jpg,output/class_named_dataset/cat_71.jpg,cat
F:\NTSE\lab03\output\class_named_dataset\cat_72.jpg,output/class_named_dataset/cat_72.jpg,cat
F:\NTSE\lab03\output\class_named_dataset\cat_73.jpg,output/class_named_dataset/cat_73.jpg,cat
F:\NTSE\lab03\output\class_named_dataset\cat_74.jpg,output/class_named_dataset/cat_74.jpg,cat
F:\NTSE\lab03\output\class_named_dataset\cat_75.jpg,output/class_named_dataset/cat_75.jpg,cat
F:\NTSE\lab03\output\class_named_dataset\cat_76.jpg,output/class_named_dataset/cat_76.jpg,cat
F:\NTSE\lab03\output\class_named_dataset\cat_77.jpg,output/class_named_dataset/cat_77.jpg,cat
F:\NTSE\lab03\output\class_named_dataset\cat_78.jpg,output/class_named_dataset/cat_78.jpg,cat
F:\NTSE\lab03\output\class_named_dataset\cat_79.jpg,output/class_named_dataset/cat_79.jpg,cat
F:\NTSE\lab03\output\class_named_dataset\cat_80.jpg,output/class_named_dataset/cat_80.jpg,cat
F:\NTSE\lab03\output\class_named_dataset\cat_81.jpg,output/class_named_dataset/cat_81.jpg,cat
F:\NTSE\lab03\output\class_named_dataset\cat_82.jpg,output/class_named_dataset/cat_82.jpg,cat
F:\NTSE\lab03\output\class_named_dataset\cat_83.jpg,output/class_named_dataset/cat_83.jpg,cat
F:\NTSE\lab03\output\class_named_dataset\cat_84.jpg,output/class_named_dataset/cat_84.jpg,cat
F:\NTSE\lab03\output\class_named_dataset\cat_85.jpg,output/class_named_dataset/cat_85.jpg,cat
F:\NTSE\lab03\output\class_named_dataset\cat_86.jpg,output/class_named_dataset/cat_86.jpg,cat
F:\NTSE\lab03\output\class_named_dataset\cat_87.jpg,output/class_named_dataset/cat_87.jpg,cat
F:\NTSE\lab03\output\class_named_dataset\cat_88.jpg,output/class_named_dataset/cat_88.jpg,cat
F:\NTSE\lab03\output\class_named_dataset\cat_89.jpg,output/class_named_dataset/cat_89.jpg,cat
F:\NTSE\lab03\output\class_named_dataset\cat_90.jpg,output/class_named_dataset/cat_90.jpg,cat
F:\NTSE\lab03\output\class_named_dataset\cat_91.jpg,output/class_named_dataset/cat_91.jpg,cat
F:\NTSE\lab03\output\class_named_dataset\cat_92.jpg,output/class_named_dataset/cat_92.jpg,cat
F:\NTSE\lab03\output\class_named_dataset\cat_93.jpg,output/class_named_dataset/cat_93.jpg,cat
F:\NTSE\lab03\output\class_named_dataset\cat_94.jpg,output/class_named_dataset/cat_94.jpg,cat
F:\NTSE\lab03\output\class_named_dataset\cat_95.jpg,output/class_named_dataset/cat_95.jpg,cat
F:\NTSE\lab03\output\class_named_dataset\cat_96.jpg,output/class_named_dataset/cat_96.jpg,cat
F:\NTSE\lab03\output\class_named_dataset\cat_97.jpg,output/class_named_dataset/cat_97.jpg,cat
F:\NTSE\lab03\output\class_named_dataset\cat_98.jpg,output/class_named_dataset/cat_98.jpg,cat
F:\NTSE\lab03\output\class_named_dataset\cat_99.jpg,output/class_named_dataset/cat_99.jpg,cat
F:\NTSE\lab03\output\class_named_dataset\cat_100.jpg,output/class_named_dataset/cat_100.jpg,cat
F:\NTSE\lab03\output\class_named_dataset\cat_101.jpg,output/class_named_dataset/cat_101.jpg,cat
F:\NTSE\lab03\output\class_named_dataset\cat_102.jpg,output/class_named_dataset/cat_102.jpg,cat
F:\NTSE\lab03\output\class_named_dataset\cat_103.jpg,output/class_named_dataset/cat_103.jpg,cat
F:\NTSE\lab03\output\class_named_dataset\cat_104.jpg,output/class_named_dataset/cat_104.jpg,cat
F:\NTSE\lab03\output\class_named_dataset\cat_105.jpg,output/class_named_dataset/cat_105.jpg,cat
F:\NTSE\lab03\output\class_named_dataset\cat_106.jpg,output/class_named_dataset/cat_106.jpg,cat
F:\NTSE\lab03\output\class_named_dataset\cat_107.jpg,output/class_named_dataset/cat_107.jpg,cat
F:\NTSE\lab03\output\class_named_dataset\cat_108.jpg,output/class_named_dataset/cat_108.jpg,cat
F:\NTSE\lab03\output\class_named_dataset\cat_109.jpg,output/class_named_dataset/cat_109.jpg,cat
F:\NTSE\lab03\output\class_named_dataset\cat_110.jpg,output/class_named_dataset/cat_110.jpg,cat
F:\NTSE\lab03\output\class_named_dataset\cat_111.jpg,output/class_named_dataset/cat_111.jpg,cat
F:\NTSE\lab03\output\class_named_dataset\cat_112.jpg,output/class_named_dataset/cat_112.jpg,cat
F:\NTSE\lab03\output\class_named_dataset\cat_113.jpg,output/class_named_dataset/cat_113.jpg,cat
F:\NTSE\lab03\output\class_named_dataset\cat_114.jpg,output/class_named_dataset/cat_114.jpg,cat
F:\NTSE\lab03\output\class_named_dataset\cat_115.jpg,output/class_named_dataset/cat_115.jpg,cat
F:\NTSE\lab03\output\class_named_dataset\cat_116.jpg,output/class_named_dataset/cat_116.jpg,cat
F:\NTSE\lab03\output\class_named_dataset\cat_117.jpg,output/class_named_dataset/cat_117.jpg,cat
F:\NTSE\lab03\output\class_named_dataset\cat_118.jpg,output/class_named_dataset/cat_118.jpg,cat
F:\NTSE\lab03\output\class_named_dataset\cat_119.jpg,output/class_named_dataset/cat_119.jpg,cat
F:\NTSE\lab03\output\class_named_dataset\cat_120.jpg,output/class_named_dataset/cat_120.jpg,cat
F:\NTSE\lab03\output\class_named_dataset\cat_121.jpg,output/class_named_dataset/cat_121.jpg,cat
F:\NTSE\lab03\output\class_named_dataset\cat_122.jpg,output/class_named_dataset/cat_122.jpg,cat
F:\NTSE\lab03\output\class_named_dataset\cat_123.jpg,output/class_named_dataset/cat_123.jpg,cat
F:\NTSE\lab03\output\class_named_dataset\cat_124.jpg,output/class_named_dataset/cat_124.jpg,cat
F:\NTSE\lab03\output\class_named_dataset\cat_125.jpg,output/class_named_dataset/cat_125.jpg,cat
F:\NTSE\lab03\output\class_named_dataset\cat_126.jpg,output/class_named_dataset/cat_126.jpg,cat
F:\NTSE\lab03\output\class_named_dataset\cat_127.jpg,output/class_named_dataset/cat_127.jpg,cat
F:\NTSE\lab03\output\class_named_dataset\cat_128.jpg,output/class_named_dataset/cat_128.jpg,cat
F:\NTSE\lab03\output\class_named_dataset\cat_129.jpg,output/class_named_dataset/cat_129.jpg,cat
F:\NTSE\lab03\output\class_named_dataset\cat_130.jpg,output/class_named_dataset/cat_130.jpg,cat
F:\NTSE\lab03\output\class_named_dataset\cat_131.jpg,output/class_named_dataset/cat_131.jpg,cat
F:\NTSE\lab03\output\class_named_dataset\cat_132.jpg,output/class_named_dataset/cat_132.jpg,cat
F:\NTSE\lab03\output\class_named_dataset\cat_133.jpg,output/class_named_dataset/cat_133.jpg,cat
F:\NTSE\lab03\output\class_named_dataset\cat_134.jpg,output/class_named_dataset/cat_134.jpg,cat
F:\NTSE\lab03\output\class_named_dataset\cat_135.jpg,output/class_named_dataset/cat_135.jpg,cat
F:\NTSE\lab03\output\class_named_dataset\cat_136.jpg,output/class_named_dataset/cat_136.jpg,cat
F:\NTSE\lab03\output\class_named_dataset\cat_137.jpg,output/class_named_dataset/cat_137.jpg,cat
F:\NTSE\lab03\output\class_named_dataset\cat_138.jpg,output/class_named_dataset/cat_138.jpg,cat
F:\NTSE\lab03\output\class_named_dataset\cat_139.jpg,output/class_named_dataset/cat_139.jpg,cat
F:\NTSE\lab03\output\class_named_dataset\cat_140.jpg,output/class_named_dataset/cat_140.jpg,cat
F:\NTSE\lab03\output\class_named_dataset\cat_141.jpg,output/class_named_dataset/cat_141.jpg,cat
F:\NTSE\lab03\output\class_named_dataset\cat_142.jpg,output/class_named_dataset/cat_142.jpg,cat
F:\NTSE\lab03\output\class_named_dataset\cat_143.jpg,output/class_named_dataset/cat_143.jpg,cat
F:\NTSE\lab03\output\class_named_dataset\cat_144.jpg,output/class_named_dataset/cat_144.jpg,cat
F:\NTSE\lab03\output\class_named_dataset\cat_145.jpg,output/class_named_dataset/cat_145.jpg,cat
F:\NTSE\lab03\output\class_named_dataset\cat_146.jpg,output/class_named_dataset/cat_146.jpg,cat
F:\NTSE\lab03\output\class_named_dataset\cat_147.jpg,output/class_named_dataset/cat_147.jpg,cat
F:\NTSE\lab03\output\class_named_dataset\cat_148.jpg,output/class_named_dataset/cat_148.jpg,cat
F:\NTSE\lab03\output\class_named_dataset\cat_149.jpg,output/class_named_dataset/cat_149.jpg,cat
F:\NTSE\lab03\output\class_named_dataset\cat_150.jpg,output/class_named_dataset/cat_150.jpg,cat
F:\NTSE\lab03\output\class_named_dataset\cat_151.jpg,output/class_named_dataset/cat_151.jpg,cat
F:\NTSE\lab03\output\class_named_dataset\cat_152.jpg,output/class_named_dataset/cat_152.jpg,cat
F:\NTSE\lab03\output\class_named_dataset\cat_153.jpg,output/class_named_dataset/cat_153.jpg,cat
F:\NTSE\lab03\output\class_named_dataset\cat_154.jpg,output/class_named_dataset/cat_154.jpg,cat
F:\NTSE\lab03\output\class_named_dataset\cat_155.jpg,output/class_named_dataset/cat_155.jpg,cat
F:\NTSE\lab03\output\class_named_dataset\cat_156.jpg,output/class_named_dataset/cat_156.jpg,cat
F:\NTSE\lab03\output\class_named_dataset\cat_157.jpg,output/class_named_dataset/cat_157.jpg,cat
F:\NTSE\lab03\output\class_named_dataset\cat_158.jpg,output/class_named_dataset/cat_158.jpg,cat
F:\NTSE\lab03\output\class_named_dataset\cat_159.jpg,output/class_named_dataset/cat_159.jpg,cat
F:\NTSE\lab03\output\class_named_dataset\cat_160.jpg,output/class_named_dataset/cat_160.jpg,cat
F:\NTSE\lab03\output\class_named_dataset\cat_161.jpg,output/class_named_dataset/cat_161.jpg,cat
F:\NTSE\lab03\output\class_named_dataset\cat_162.jpg,output/class_named_dataset/cat_162.jpg,cat
F:\NTSE\lab03\output\class_named_dataset\cat_163.jpg,output/class_named_dataset/cat_163.jpg,cat
F:\NTSE\lab03\output\class_named_dataset\cat_164.jpg,output/class_named_dataset/cat_164.jpg,cat
F:\NTSE\lab03\output\class_named_dataset\cat_165.jpg,output/class_named_dataset/cat_165.jpg,cat
F:\NTSE\lab03\output\class_named_dataset\cat_166.jpg,output/class_named_dataset/cat_166.jpg,cat
F:\NTSE\lab03\output\class_named_dataset\cat_167.jpg,output/class_named_dataset/cat_167.jpg,cat
F:\NTSE\lab03\output\class_named_dataset\cat_168.jpg,output/class_named_dataset/cat_168.jpg,cat
F:\NTSE\lab03\output\class_named_dataset\cat_169.jpg,output/class_named_dataset/cat_169.jpg,cat
F:\NTSE\lab03\output\class_named_dataset\cat_170.jpg,output/class_named_dataset/cat_170.jpg,cat
F:\NTSE\lab03\output\class_named_dataset\cat_171.jpg,output/class_named_dataset/cat_171.jpg,cat
F:\NTSE\lab03\output\class_named_dataset\cat_172.jpg,output/class_named_dataset/cat_172.jpg,cat
F:\NTSE\lab03\output\class_named_dataset\cat_173.jpg,output/class_named_dataset/cat_173.jpg,cat
F:\NTSE\lab03\output\class_named_dataset\cat_174.jpg,output/class_named_dataset/cat_174.jpg,cat
F:\NTSE\lab03\output\class_named_dataset\cat_175.jpg,output/class_named_dataset/cat_175.jpg,cat
F:\NTSE\lab03\output\class_named_dataset\cat_176.jpg,output/class_named_dataset/cat_176.jpg,cat
F:\NTSE\lab03\output\class_named_dataset\cat_177.jpg,output/class_named_dataset/cat_177.jpg,cat
F:\NTSE\lab03\output\class_named_dataset\cat_178.jpg,output/class_named_dataset/cat_178.jpg,cat
F:\NTSE\lab03\output\class_named_dataset\cat_179.jpg,output/class_named_dataset/cat_179.jpg,cat
F:\NTSE\lab03\output\class_named_dataset\cat_180.jpg,output/class_named_dataset/cat_180.jpg,cat
F:\NTSE\lab03\output\class_named_dataset\cat_181.jpg,output/class_named_dataset/cat_181.jpg,cat
F:\NTSE\lab03\output\class_named_dataset\cat_182.jpg,output/class_named_dataset/cat_182.jpg,cat
F:\NTSE\lab03\output\class_named_dataset\cat_183.jpg,output/class_named_dataset/cat_183.jpg,cat
F:\NTSE\lab03\output\class_named_dataset\cat_184.jpg,output/class_named_dataset/cat_184.jpg,cat
F:\NTSE\lab03\output\class_named_dataset\cat_185.jpg,output/class_named_dataset/cat_185.jpg,cat
F:\NTSE\lab03\output\class_named_dataset\cat_186.jpg,output/class_named_dataset/cat_186.jpg,cat
F:\NTSE\lab03\output\class_named_dataset\cat_187.jpg,output/class_named_dataset/cat_187.jpg,cat
F:\NTSE\lab03\output\class_named_dataset\cat_188.jpg,output/class_named_dataset/cat_188.jpg,cat
F:\NTSE\lab03\output\class_named_dataset\cat_189.jpg,output/class_named_dataset/cat_189.jpg,cat
F:\NTSE\lab03\output\class_named_dataset\cat_190.jpg,output/class_named_dataset/cat_190.jpg,cat
F:\NTSE\lab03\output\class_named_dataset\cat_191.jpg,output/class_named_dataset/cat_191.jpg,cat
F:\NTSE\lab03\output\class_named_dataset\cat_192.jpg,output/class_named_dataset/cat_192.jpg,cat
F:\NTSE\lab03\output\class_named_dataset\cat_193.jpg,output/class_named_dataset/cat_193.jpg,cat
F:\NTSE\lab03\output\class_named_dataset\cat_194.jpg,output/class_named_dataset/cat_194.jpg,cat
F:\NTSE\lab03\output\class_named_dataset\cat_195.jpg,output/class_named_dataset/cat_195.jpg,cat
F:\NTSE\lab03\output\class_named_dataset\cat_196.jpg,output/class_named_dataset/cat_196.jpg,cat
F:\NTSE\lab03\output\class_named_dataset\cat_197.jpg,output/class_named_dataset/cat_197.jpg,cat
F:\NTSE\lab03\output\class_named_dataset\cat_198.jpg,output/class_named_dataset/cat_198.jpg,cat
F:\NTSE\lab03\output\class_named_dataset\cat_199.jpg,output/class_named_dataset/cat_199.jpg,cat
F:\NTSE\lab03\output\class_named_dataset\cat_200.jpg,output/class_named_dataset/cat_200.jpg,cat
F:\NTSE\lab03\output\class_named_dataset\cat_201.jpg,output/class_named_dataset/cat_201.jpg,cat
F:\NTSE\lab03\output\class_named_dataset\cat_202.jpg,output/class_named_dataset/cat_202.jpg,cat
F:\NTSE\lab03\output\class_named_dataset\cat_203.jpg,output/class_named_dataset/cat_203.jpg,cat
F:\NTSE\lab03\output\class_named_dataset\cat_204.jpg,output/class_named_dataset/cat_204.jpg,cat
F:\NTSE\lab03\output\class_named_dataset\cat_205.jpg,output/class_named_dataset/cat_205.jpg,cat
F:\NTSE\lab03\output\class_named_dataset\cat_206.jpg,output/class_named_dataset/cat_206.jpg,cat
F:\NTSE\lab03\output\class_named_dataset\cat_207.jpg,output/class_named_dataset/cat_207.jpg,cat
F:\NTSE\lab03\output\class_named_dataset\cat_208.jpg,output/class_named_dataset/cat_208.jpg,cat
F:\NTSE\lab03\output\class_named_dataset\cat_209.jpg,output/class_named_dataset/cat_209.jpg,cat
F:\NTSE\lab03\output\class_named_dataset\cat_210.jpg,output/class_named_dataset/cat_210.jpg,cat
F:\NTSE\lab03\output\class_named_dataset\cat_211.jpg,output/class_named_dataset/cat_211.jpg,cat
F:\NTSE\lab03\output\class_named_dataset\cat_212.jpg,output/class_named_dataset/cat_212.jpg,cat
F:\NTSE\lab03\output\class_named_dataset\cat_213.jpg,output/class_named_dataset/cat_213.jpg,cat
F:\NTSE\lab03\output\class_named_dataset\cat_214.jpg,output/class_named_dataset/cat_214.jpg,cat
F:\NTSE\lab03\output\class_named_dataset\cat_215.jpg,output/class_named_dataset/cat_215.jpg,cat
F:\NTSE\lab03\output\class_named_dataset\cat_216.jpg,output/class_named_dataset/cat_216.jpg,cat
F:\NTSE\lab03\output\class_named_dataset\cat_217.jpg,output/class_named_dataset/cat_217.jpg,cat
F:\NTSE\lab03\output\class_named_dataset\cat_218.jpg,output/class_named_dataset/cat_218.jpg,cat
F:\NTSE\lab03\output\class_named_dataset\cat_219.jpg,output/class_named_dataset/cat_219.jpg,cat
F:\NTSE\lab03\output\class_named_dataset\cat_220.jpg,output/class_named_dataset/cat_220.jpg,cat
F:\NTSE\lab03\output\class_named_dataset\cat_221.jpg,output/class_named_dataset/cat_221.jpg,cat
F:\NTSE\lab03\output\class_named_dataset\cat_222.jpg,output/class_named_dataset/cat_222.jpg,cat
F:\NTSE\lab03\output\class_named_dataset\cat_223.jpg,output/class_named_dataset/cat_223.jpg,cat
F:\NTSE\lab03\output\class_named_dataset\cat_224.jpg,output/class_named_dataset/cat_224.jpg,cat
F:\NTSE\lab03\output\class_named_dataset\cat_225.jpg,output/class_named_dataset/cat_225.jpg,cat
F:\NTSE\lab03\output\class_named_dataset\cat_226.jpg,output/class_named_dataset/cat_226.jpg,cat
F:\NTSE\lab03\output\class_named_dataset\cat_227.jpg,output/class_named_dataset/cat_227.jpg,cat
F:\NTSE\lab03\output\class_named_dataset\cat_228.jpg,output/class_named_dataset/cat_228.jpg,cat
F:\NTSE\lab03\output\class_named_dataset\cat_229.jpg,output/class_named_dataset/cat_229.jpg,cat
F:\NTSE\lab03\output\class_named_dataset\cat_230.jpg,output/class_named_dataset/cat_230.jpg,cat
F:\NTSE\lab03\output\class_named_dataset\cat_231.jpg,output/class_named_dataset/cat_231.jpg,cat
F:\NTSE\lab03\output\class_named_dataset\cat_232.jpg,output/class_named_dataset/cat_232.jpg,cat
F:\NTSE\lab03\output\class_named_dataset\cat_233.jpg,output/class_named_dataset/cat_233.jpg,cat
F:\NTSE\lab03\output\class_named_dataset\cat_234.jpg,output/class_named_dataset/cat_234.jpg,cat
F:\NTSE\lab03\output\class_named_dataset\cat_235.jpg,output/class_named_dataset/cat_235.jpg,cat
F:\NTSE\lab03\output\class_named_dataset\cat_236.jpg,output/class_named_dataset/cat_236.jpg,cat
F:\NTSE\lab03\output\class_named_dataset\cat_237.jpg,output/class_named_dataset/cat_237.jpg,cat
F:\NTSE\lab03\output\class_named_dataset\cat_238.jpg,output/class_named_dataset/cat_238.jpg,cat
F:\NTSE\lab03\output\class_named_dataset\cat_239.jpg,output/class_named_dataset/cat_239.jpg,cat
F:\NTSE\lab03\output\class_named_dataset\cat_240.jpg,output/class_named_dataset/cat_240.jpg,cat
F:\NTSE\lab03\output\class_named_dataset\cat_241.jpg,output/class_named_dataset/cat_241.jpg,cat
F:\NTSE\lab03\output\class_named_dataset\cat_242.jpg,output/class_named_dataset/cat_242.jpg,cat
F:\NTSE\lab03\output\class_named_dataset\cat_243.jpg,output/class_named_dataset/cat_243.jpg,cat
F:\NTSE\lab03\output\class_named_dataset\cat_244.jpg,output/class_named_dataset/cat_244.jpg,cat
F:\NTSE\lab03\output\class_named_dataset\cat_245.jpg,output/class_named_dataset/cat_245.jpg,cat
F:\NTSE\lab03\output\class_named_dataset\cat_246.jpg,output/class_named_dataset/cat_246.jpg,cat
F:\NTSE\lab03\output\class_named_dataset\cat_247.jpg,output/class_named_dataset/cat_247.jpg,cat
F:\NTSE\lab03\output\class_named_dataset\cat_248.jpg,output/class_named_dataset/cat_248.jpg,cat
F:\NTSE\lab03\output\class_named_dataset\cat_249.jpg,output/class_named_dataset/cat_249.jpg,cat
F:\NTSE\lab03\output\class_named_dataset\cat_250.jpg,output/class_named_dataset/cat_250.jpg,cat
F:\NTSE\lab03\output\class_named_dataset\cat_251.jpg,output/class_named_dataset/cat_251.jpg,cat
F:\NTSE\lab03\output\class_named_dataset\cat_252.jpg,output/class_named_dataset/cat_252.jpg,cat
F:\NTSE\lab03\output\class_named_dataset\cat_253.jpg,output/class_named_dataset/cat_253.jpg,cat
F:\NTSE\lab03\output\class_named_dataset\cat_254.jpg,output/class_named_dataset/cat_254.jpg,cat
F:\NTSE\lab03\output\class_named_dataset\cat_255.jpg,output/class_named_dataset/cat_255.jpg,cat
F:\NTSE\lab03\output\class_named_dataset\cat_256.jpg,output/class_named_dataset/cat_256.jpg,cat
F:\NTSE\lab03\output\class_named_dataset\cat_257.jpg,output/class_named_dataset/cat_257.jpg,cat
F:\NTSE\lab03\output\class_named_dataset\cat_258.jpg,output/class_named_dataset/cat_258.jpg,cat
F:\NTSE\lab03\output\class_named_dataset\cat_259.jpg,output/class_named_dataset/cat_259.jpg,cat
F:\NTSE\lab03\output\class_named_dataset\cat_260.jpg,output/class_named_dataset/cat_260.jpg,cat
F:\NTSE\lab03\output\class_named_dataset\cat_261.jpg,output/class_named_dataset/cat_261.jpg,cat
F:\NTSE\lab03\output\class_named_dataset\cat_262.jpg,output/class_named_dataset/cat_262.jpg,cat
F:\NTSE\lab03\output\class_named_dataset\cat_263.jpg,output/class_named_dataset/cat_263.jpg,cat
F:\NTSE\lab03\output\class_named_dataset\cat_264.jpg,output/class_named_dataset/cat_264.jpg,cat
F:\NTSE\lab03\output\class_named_dataset\cat_265.jpg,output/class_named_dataset/cat_265.jpg,cat
F:\NTSE\lab03\output\class_named_dataset\cat_266.jpg,output/class_named_dataset/cat_266.jpg,cat
F:\NTSE\lab03\output\class_named_dataset\cat_267.jpg,output/class_named_dataset/cat_267.jpg,cat
F:\NTSE\lab03\output\class_named_dataset\cat_268.jpg,output/class_named_dataset/cat_268.jpg,cat
F:\NTSE\lab03\output\class_named_dataset\cat_269.jpg,output/class_named_dataset/cat_269.jpg,cat
F:\NTSE\lab03\output\class_named_dataset\cat_270.jpg,output/class_named_dataset/cat_270.jpg,cat
F:\NTSE\lab03\output\class_named_dataset\cat_271.jpg,output/class_named_dataset/cat_271.jpg,cat
F:\NTSE\lab03\output\class_named_dataset\cat_272.jpg,output/class_named_dataset/cat_272.jpg,cat
F:\NTSE\lab03\output\class_named_dataset\cat_273.jpg,output/class_named_dataset/cat_273.jpg,cat
F:\NTSE\lab03\output\class_named_dataset\cat_274.jpg,output/class_named_dataset/cat_274.jpg,cat
F:\NTSE\lab03\output\class_named_dataset\cat_275.jpg,output/class_named_dataset/cat_275.jpg,cat
F:\NTSE\lab03\output\class_named_dataset\cat_276.jpg,output/class_named_dataset/cat_276.jpg,cat
F:\NTSE\lab03\output\class_named_dataset\cat_277.jpg,output/class_named_dataset/cat_277.jpg,cat
F:\NTSE\lab03\output\class_named_dataset\cat_278.jpg,output/class_named_dataset/cat_278.jpg,cat
F:\NTSE\lab03\output\class_named_dataset\cat_279.jpg,output/class_named_dataset/cat_279.jpg,cat
F:\NTSE\lab03\output\class_named_dataset\cat_280.jpg,output/class_named_dataset/cat_280.jpg,cat
F:\NTSE\lab03\output\class_named_dataset\cat_281.jpg,output/class_named_dataset/cat_281.jpg,cat
F:\NTSE\lab03\output\class_named_dataset\cat_282.jpg,output/class_named_dataset/cat_282.jpg,cat
F:\NTSE\lab03\output\class_named_dataset\cat_283.jpg,output/class_named_dataset/cat_283.jpg,cat
F:\NTSE\lab03\output\class_named_dataset\cat_284.jpg,output/class_named_dataset/cat_284.jpg,cat
F:\NTSE\lab03\output\class_named_dataset\cat_285.jpg,output/class_named_dataset/cat_285.jpg,cat
F:\NTSE\lab03\output\class_named_dataset\cat_286.jpg,output/class_named_dataset/cat_286.jpg,cat
F:\NTSE\lab03\output\class_named_dataset\cat_287.jpg,output/class_named_dataset/cat_287.jpg,cat
F:\NTSE\lab03\output\class_named_dataset\cat_288.jpg,output/class_named_dataset/cat_288.jpg,cat
F:\NTSE\lab03\output\class_named_dataset\cat_289.jpg,output/class_named_dataset/cat_289.jpg,cat
F:\NTSE\lab03\output\class_named_dataset\cat_290.jpg,output/class_named_dataset/cat_290.jpg,cat
F:\NTSE\lab03\output\class_named_dataset\cat_291.jpg,output/class_named_dataset/cat_291.jpg,cat
F:\NTSE\lab03\output\class_named_dataset\cat_292.jpg,output/class_named_dataset/cat_292.jpg,cat
F:\NTSE\lab03\output\class_named_dataset\cat_293.jpg,output/class_named_dataset/cat_293.jpg,cat
F:\NTSE\lab03\output\class_named_dataset\cat_294.jpg,output/class_named_dataset/cat_294.jpg,cat
F:\NTSE\lab03\output\class_named_dataset\cat_295.jpg,output/class_named_dataset/cat_295.jpg,cat
F:\NTSE\lab03\output\class_named_dataset\cat_296.jpg,output/class_named_dataset/cat_296.jpg,cat
F:\NTSE\lab03\output\class_named_dataset\cat_297.jpg,output/class_named_dataset/cat_297.jpg,cat
F:\NTSE\lab03\output\class_named_dataset\cat_298.jpg,output/class_named_dataset/cat_298.jpg,cat
F:\NTSE\lab03\output\class_named_dataset\cat_299.jpg,output/class_named_dataset/cat_299.jpg,cat
F:\NTSE\lab03\output\class_named_dataset\cat_300.jpg,output/class_named_dataset/cat_300.jpg,cat
F:\NTSE\lab03\output\class_named_dataset\cat_301.jpg,output/class_named_dataset/cat_301.jpg,cat
F:\NTSE\lab03\output\class_named_dataset\cat_302.jpg,output/class_named_dataset/cat_302.jpg,cat
F:\NTSE\lab03\output\class_named_dataset\cat_303.jpg,output/class_named_dataset/cat_303.jpg,cat
F:\NTSE\lab03\output\class_named_dataset\cat_304.jpg,output/class_named_dataset/cat_304.jpg,cat
F:\NTSE\lab03\output\class_named_dataset\cat_305.jpg,output/class_named_dataset/cat_305.jpg,cat
F:\NTSE\lab03\output\class_named_dataset\cat_306.jpg,output/class_named_dataset/cat_306.jpg,cat
F:\NTSE\lab03\output\class_named_dataset\cat_307.jpg,output/class_named_dataset/cat_307.jpg,cat
F:\NTSE\lab03\output\class_named_dataset\cat_308.jpg,output/class_named_dataset/cat_308.jpg,cat
F:\NTSE\lab03\output\class_named_dataset\cat_309.jpg,output/class_named_dataset/cat_309.jpg,cat
F:\NTSE\lab03\output\class_named_dataset\cat_310.jpg,output/class_named_dataset/cat_310.jpg,cat
F:\NTSE\lab03\output\class_named_dataset\cat_311.jpg,output/class_named_dataset/cat_311.jpg,cat
F:\NTSE\lab03\output\class_named_dataset\cat_312.jpg,output/class_named_dataset/cat_312.jpg,cat
F:\NTSE\lab03\output\class_named_dataset\cat_313.jpg,output/class_named_dataset/cat_313.jpg,cat
F:\NTSE\lab03\output\class_named_dataset\cat_314.jpg,output/class_named_dataset/cat_314.jpg,cat
F:\NTSE\lab03\output\class_named_dataset\cat_315.jpg,output/class_named_dataset/cat_315.jpg,cat
F:\NTSE\lab03\output\class_named_dataset\cat_316.jpg,output/class_named_dataset/cat_316.jpg,cat
F:\NTSE\lab03\output\class_named_dataset\cat_317.jpg,output/class_named_dataset/cat_317.jpg,cat
F:\NTSE\lab03\output\class_named_dataset\cat_318.jpg,output/class_named_dataset/cat_318.jpg,cat
F:\NTSE\lab03\output\class_named_dataset\cat_319.jpg,output/class_named_dataset/cat_319.jpg,cat
F:\NTSE\lab03\output\class_named_dataset\cat_320.jpg,output/class_named_dataset/cat_320.jpg,cat
F:\NTSE\lab03\output\class_named_dataset\cat_321.jpg,output/class_named_dataset/cat_321.jpg,cat
F:\NTSE\lab03\output\class_named_dataset\cat_322.jpg,output/class_named_dataset/cat_322.jpg,cat
F:\NTSE\lab03\output\class_named_dataset\cat_323.jpg,output/class_named_dataset/cat_323.jpg,cat
F:\NTSE\lab03\output\class_named_dataset\cat_324.jpg,output/class_named_dataset/cat_324.jpg,cat
F:\NTSE\lab03\output\class_named_dataset\cat_325.jpg,output/class_named_dataset/cat_325.jpg,cat
F:\NTSE\lab03\output\class_named_dataset\cat_326.jpg,output/class_named_dataset/cat_326.jpg,cat
F:\NTSE\lab03\output\class_named_dataset\cat_327.jpg,output/class_named_dataset/cat_327.jpg,cat
F:\NTSE\lab03\output\class_named_dataset\cat_328.jpg,output/class_named_dataset/cat_328.jpg,cat
F:\NTSE\lab03\output\class_named_dataset\cat_329.jpg,output/class_named_dataset/cat_329.jpg,cat
F:\NTSE\lab03\output\class_named_dataset\cat_330.jpg,output/class_named_dataset/cat_330.jpg,cat
F:\NTSE\lab03\output\class_named_dataset\cat_331.jpg,output/class_named_dataset/cat_331.jpg,cat
F:\NTSE\lab03\output\class_named_dataset\cat_332.jpg,output/class_named_dataset/cat_332.jpg,cat
F:\NTSE\lab03\output\class_named_dataset\cat_333.jpg,output/class_named_dataset/cat_333.jpg,cat
F:\NTSE\lab03\output\class_named_dataset\cat_334.jpg,output/class_named_dataset/cat_334.jpg,cat
F:\NTSE\lab03\output\class_named_dataset\cat_335.jpg,output/class_named_dataset/cat_335.jpg,cat
F:\NTSE\lab03\output\class_named_dataset\cat_336.jpg,output/class_named_dataset/cat_336.jpg,cat
F:\NTSE\lab03\output\class_named_dataset\cat_337.jpg,output/class_named_dataset/cat_337.jpg,cat
F:\NTSE\lab03\output\class_named_dataset\cat_338.jpg,output/class_named_dataset/cat_338.jpg,cat
F:\NTSE\lab03\output\class_named_dataset\cat_339.jpg,output/class_named_dataset/cat_339.jpg,cat
F:\NTSE\lab03\output\class_named_dataset\cat_340.jpg,output/class_named_dataset/cat_340.jpg,cat
F:\NTSE\lab03\output\class_named_dataset\cat_341.jpg,output/class_named_dataset/cat_341.jpg,cat
F:\NTSE\lab03\output\class_named_dataset\cat_342.jpg,output/class_named_dataset/cat_342.jpg,cat
F:\NTSE\lab03\output\class_named_dataset\cat_343.jpg,output/class_named_dataset/cat_343.jpg,cat
F:\NTSE\lab03\output\class_named_dataset\cat_344.jpg,output/class_named_dataset/cat_344.jpg,cat
F:\NTSE\lab03\output\class_named_dataset\cat_345.jpg,output/class_named_dataset/cat_345.jpg,cat
F:\NTSE\lab03\output\class_named_dataset\cat_346.jpg,output/class_named_dataset/cat_346.jpg,cat
F:\NTSE\lab03\output\class_named_dataset\cat_347.jpg,output/class_named_dataset/cat_347.jpg,cat
F:\NTSE\lab03\output\class_named_dataset\cat_348.jpg,output/class_named_dataset/cat_348.jpg,cat
F:\NTSE\lab03\output\class_named_dataset\cat_349.jpg,output/class_named_dataset/cat_349.jpg,cat
F:\NTSE\lab03\output\class_named_dataset\cat_350.jpg,output/class_named_dataset/cat_350.jpg,cat
F:\NTSE\lab03\output\class_named_dataset\cat_351.jpg,output/class_named_dataset/cat_351.jpg,cat
F:\NTSE\lab03\output\class_named_dataset\cat_352.jpg,output/class_named_dataset/cat_352.jpg,cat
F:\NTSE\lab03\output\class_named_dataset\cat_353.jpg,output/class_named_dataset/cat_353.jpg,cat
F:\NTSE\lab03\output\class_named_dataset\cat_354.jpg,output/class_named_dataset/cat_354.jpg,cat
F:\NTSE\lab03\output\class_named_dataset\cat_355.jpg,output/class_named_dataset/cat_355.jpg,cat
F:\NTSE\lab03\output\class_named_dataset\cat_356.jpg,output/class_named_dataset/cat_356.jpg,cat
F:\NTSE\lab03\output\class_named_dataset\cat_357.jpg,output/class_named_dataset/cat_357.jpg,cat
F:\NTSE\lab03\output\class_named_dataset\cat_358.jpg,output/class_named_dataset/cat_358.jpg,cat
F:\NTSE\lab03\output\class_named_dataset\cat_359.jpg,output/class_named_dataset/cat_359.jpg,cat
F:\NTSE\lab03\output\class_named_dataset\cat_360.jpg,output/class_named_dataset/cat_360.jpg,cat
F:\NTSE\lab03\output\class_named_dataset\cat_361.jpg,output/class_named_dataset/cat_361.jpg,cat
F:\NTSE\lab03\output\class_named_dataset\cat_362.jpg,output/class_named_dataset/cat_362.jpg,cat
F:\NTSE\lab03\output\class_named_dataset\cat_363.jpg,output/class_named_dataset/cat_363.jpg,cat
F:\NTSE\lab03\output\class_named_dataset\cat_364.jpg,output/class_named_dataset/cat_364.jpg,cat
F:\NTSE\lab03\output\class_named_dataset\cat_365.jpg,output/class_named_dataset/cat_365.jpg,cat
F:\NTSE\lab03\output\class_named_dataset\cat_366.jpg,output/class_named_dataset/cat_366.jpg,cat
F:\NTSE\lab03\output\class_named_dataset\cat_367.jpg,output/class_named_dataset/cat_367.jpg,cat
F:\NTSE\lab03\output\class_named_dataset\cat_368.jpg,output/class_named_dataset/cat_368.jpg,cat
F:\NTSE\lab03\output\class_named_dataset\cat_369.jpg,output/class_named_dataset/cat_369.jpg,cat
F:\NTSE\lab03\output\class_named_dataset\cat_370.jpg,output/class_named_dataset/cat_370.jpg,cat
F:\NTSE\lab03\output\class_named_dataset\cat_371.jpg,output/class_named_dataset/cat_371.jpg,cat
F:\NTSE\lab03\output\class_named_dataset\cat_372.jpg,output/class_named_dataset/cat_372.jpg,cat
F:\NTSE\lab03\output\class_named_dataset\cat_373.jpg,output/class_named_dataset/cat_373.jpg,cat
F:\NTSE\lab03\output\class_named_dataset\cat_374.jpg,output/class_named_dataset/cat_374.jpg,cat
F:\NTSE\lab03\output\class_named_dataset\cat_375.jpg,output/class_named_dataset/cat_375.jpg,cat
F:\NTSE\lab03\output\class_named_dataset\cat_376.jpg,output/class_named_dataset/cat_376.jpg,cat
F:\NTSE\lab03\output\class_named_dataset\cat_377.jpg,output/class_named_dataset/cat_377.jpg,cat
F:\NTSE\lab03\output\class_named_dataset\cat_378.jpg,output/class_named_dataset/cat_378.jpg,cat
F:\NTSE\lab03\output\class_named_dataset\cat_379.jpg,output/class_named_dataset/cat_379.jpg,cat
F:\NTSE\lab03\output\class_named_dataset\cat_380.jpg,output/class_named_dataset/cat_380.jpg,cat
F:\NTSE\lab03\output\class_named_dataset\cat_381.jpg,output/class_named_dataset/cat_381.jpg,cat
F:\NTSE\lab03\output\class_named_dataset\cat_382.jpg,output/class_named_dataset/cat_382.jpg,cat
F:\NTSE\lab03\output\class_named_dataset\cat_383.jpg,output/class_named_dataset/cat_383.jpg,cat
F:\NTSE\lab03\output\class_named_dataset\cat_384.jpg,output/class_named_dataset/cat_384.jpg,cat
F:\NTSE\lab03\output\class_named_dataset\cat_385.jpg,output/class_named_dataset/cat_385.jpg,cat
F:\NTSE\lab03\output\class_named_dataset\cat_386.jpg,output/class_named_dataset/cat_386.jpg,cat
F:\NTSE\lab03\output\class_named_dataset\cat_387.jpg,output/class_named_dataset/cat_387.jpg,cat
F:\NTSE\lab03\output\class_named_dataset\cat_388.jpg,output/class_named_dataset/cat_388.jpg,cat
F:\NTSE\lab03\output\class_named_dataset\cat_389.jpg,output/class_named_dataset/cat_389.jpg,cat
F:\NTSE\lab03\output\class_named_dataset\cat_390.jpg,output/class_named_dataset/cat_390.jpg,cat
F:\NTSE\lab03\output\class_named_dataset\cat_391.jpg,output/class_named_dataset/cat_391.jpg,cat
F:\NTSE\lab03\output\class_named_dataset\cat_392.jpg,output/class_named_dataset/cat_392.jpg,cat
F:\NTSE\lab03\output\class_named_dataset\cat_393.jpg,output/class_named_dataset/cat_393.jpg,cat
F:\NTSE\lab03\output\class_named_dataset\cat_394.jpg,output/class_named_dataset/cat_394.jpg,cat
F:\NTSE\lab03\output\class_named_dataset\cat_395.jpg,output/class_named_dataset/cat_395.jpg,cat
F:\NTSE\lab03\output\class_named_dataset\cat_396.jpg,output/class_named_dataset/cat_396.jpg,cat
F:\NTSE\lab03\output\class_named_dataset\cat_397.jpg,output/class_named_dataset/cat_397.jpg,cat
F:\NTSE\lab03\output\class_named_dataset\cat_398.jpg,output/class_named_dataset/cat_398.jpg,cat
F:\NTSE\lab03\output\class_named_dataset\cat_399.jpg,output/class_named_dataset/cat_399.jpg,cat
F:\NTSE\lab03\output\class_named_dataset\cat_400.jpg,output/class_named_dataset/cat_400.jpg,cat
F:\NTSE\lab03\output\class_named_dataset\cat_401.jpg,output/class_named_dataset/cat_401.jpg,cat
F:\NTSE\lab03\output\class_named_dataset\cat_402.jpg,output/class_named_dataset/cat_402.jpg,cat
F:\NTSE\lab03\output\class_named_dataset\cat_403.jpg,output/class_named_dataset/cat_403.jpg,cat
F:\NTSE\lab03\output\class_named_dataset\cat_404.jpg,output/class_named_dataset/cat_404.jpg,cat
F:\NTSE\lab03\output\class_named_dataset\cat_405.jpg,output/class_named_dataset/cat_405.jpg,cat
F:\NTSE\lab03\output\class_named_dataset\cat_406.jpg,output/class_named_dataset/cat_406.jpg,cat
F:\NTSE\lab03\output\class_named_dataset\cat_407.jpg,output/class_named_dataset/cat_407.jpg,cat
F:\NTSE\lab03\output\class_named_dataset\cat_408.jpg,output/class_named_dataset/cat_408.jpg,cat
F:\NTSE\lab03\output\class_named_dataset\cat_409.jpg,output/class_named_dataset/cat_409.jpg,cat
F:\NTSE\lab03\output\class_named_dataset\cat_410.jpg,output/class_named_dataset/cat_410.jpg,cat
F:\NTSE\lab03\output\class_named_dataset\cat_411.jpg,output/class_named_dataset/cat_411.jpg,cat
F:\NTSE\lab03\output\class_named_dataset\cat_412.jpg,output/class_named_dataset/cat_412.jpg,cat
F:\NTSE\lab03\output\class_named_dataset\cat_413.jpg,output/class_named_dataset/cat_413.jpg,cat
F:\NTSE\lab03\output\class_named_dataset\cat_414.jpg,output/class_named_dataset/cat_414.jpg,cat
F:\NTSE\lab03\output\class_named_dataset\cat_415.jpg,output/class_named_dataset/cat_415.jpg,cat
F:\NTSE\lab03\output\class_named_dataset\cat_416.jpg,output/class_named_dataset/cat_416.jpg,cat
F:\NTSE\lab03\output\class_named_dataset\cat_417.jpg,output/class_named_dataset/cat_417.jpg,cat
F:\NTSE\lab03\output\class_named_dataset\cat_418.jpg,output/class_named_dataset/cat_418.jpg,cat
F:\NTSE\lab03\output\class_named_dataset\cat_419.jpg,output/class_named_dataset/cat_419.jpg,cat
F:\NTSE\lab03\output\class_named_dataset\cat_420.jpg,output/class_named_dataset/cat_420.jpg,cat
F:\NTSE\lab03\output\class_named_dataset\cat_421.jpg,output/class_named_dataset/cat_421.jpg,cat
F:\NTSE\lab03\output\class_named_dataset\cat_422.jpg,output/class_named_dataset/cat_422.jpg,cat
F:\NTSE\lab03\output\class_named_dataset\cat_423.jpg,output/class_named_dataset/cat_423.jpg,cat
F:\NTSE\lab03\output\class_named_dataset\cat_424.jpg,output/class_named_dataset/cat_424.jpg,cat
F:\NTSE\lab03\output\class_named_dataset\cat_425.jpg,output/class_named_dataset/cat_425.jpg,cat
F:\NTSE\lab03\output\class_named_dataset\cat_426.jpg,output/class_named_dataset/cat_426.jpg,cat
F:\NTSE\lab03\output\class_named_dataset\cat_427.jpg,output/class_named_dataset/cat_427.jpg,cat
F:\NTSE\lab03\output\class_named_dataset\cat_428.jpg,output/class_named_dataset/cat_428.jpg,cat
F:\NTSE\lab03\output\class_named_dataset\cat_429.jpg,output/class_named_dataset/cat_429.jpg,cat
F:\NTSE\lab03\output\class_named_dataset\cat_430.jpg,output/class_named_dataset/cat_430.jpg,cat
F:\NTSE\lab03\output\class_named_dataset\cat_431.jpg,output/class_named_dataset/cat_431.jpg,cat
F:\NTSE\lab03\output\class_named_dataset\cat_432.jpg,output/class_named_dataset/cat_432.jpg,cat
F:\NTSE\lab03\output\class_named_dataset\cat_433.jpg,output/class_named_dataset/cat_433.jpg,cat
F:\NTSE\lab03\output\class_named_dataset\cat_434.jpg,output/class_named_dataset/cat_434.jpg,cat
F:\NTSE\lab03\output\class_named_dataset\cat_435.jpg,output/class_named_dataset/cat_435.jpg,cat
F:\NTSE\lab03\output\class_named_dataset\cat_436.jpg,output/class_named_dataset/cat_436.jpg,cat
F:\NTSE\lab03\output\class_named_dataset\cat_437.jpg,output/class_named_dataset/cat_437.jpg,cat
F:\NTSE\lab03\output\class_named_dataset\cat_438.jpg,output/class_named_dataset/cat_438.jpg,cat
F:\NTSE\lab03\output\class_named_dataset\cat_439.jpg,output/class_named_dataset/cat_439.jpg,cat
F:\NTSE\lab03\output\class_named_dataset\cat_440.jpg,output/class_named_dataset/cat_440.jpg,cat
F:\NTSE\lab03\output\class_named_dataset\cat_441.jpg,output/class_named_dataset/cat_441.jpg,cat
F:\NTSE\lab03\output\class_named_dataset\cat_442.jpg,output/class_named_dataset/cat_442.jpg,cat
F:\NTSE\lab03\output\class_named_dataset\cat_443.jpg,output/class_named_dataset/cat_443.jpg,cat
F:\NTSE\lab03\output\class_named_dataset\cat_444.jpg,output/class_named_dataset/cat_444.jpg,cat
F:\NTSE\lab03\output\class_named_dataset\cat_445.jpg,output/class_named_dataset/cat_445.jpg,cat
F:\NTSE\lab03\output\class_named_dataset\cat_446.jpg,output/class_named_dataset/cat_446.jpg,cat
F:\NTSE\lab03\output\class_named_dataset\cat_447.jpg,output/class_named_dataset/cat_447.jpg,cat
F:\NTSE\lab03\output\class_named_dataset\cat_448.jpg,output/class_named_dataset/cat_448.jpg,cat
F:\NTSE\lab03\output\class_named_dataset\cat_449.jpg,output/class_named_dataset/cat_449.jpg,cat
F:\NTSE\lab03\output\class_named_dataset\cat_450.jpg,output/class_named_dataset/cat_450.jpg,cat
F:\NTSE\lab03\output\class_named_dataset\cat_451.jpg,output/class_named_dataset/cat_451.jpg,cat
F:\NTSE\lab03\output\class_named_dataset\cat_452.jpg,output/class_named_dataset/cat_452.jpg,cat
F:\NTSE\lab03\output\class_named_dataset\cat_453.jpg,output/class_named_dataset/cat_453.jpg,cat
F:\NTSE\lab03\output\class_named_dataset\cat_454.jpg,output/class_named_dataset/cat_454.jpg,cat
F:\NTSE\lab03\output\class_named_dataset\cat_455.jpg,output/class_named_dataset/cat_455.jpg,cat
F:\NTSE\lab03\output\class_named_dataset\cat_456.jpg,output/class_named_dataset/cat_456.jpg,cat
F:\NTSE\lab03\output\class_named_dataset\cat_457.jpg,output/class_named_dataset/cat_457.jpg,cat
F:\NTSE\lab03\output\class_named_dataset\cat_458.jpg,output/class_named_dataset/cat_458.jpg,cat
F:\NTSE\lab03\output\class_named_dataset\cat_459.jpg,output/class_named_dataset/cat_459.jpg,cat
F:\NTSE\lab03\output\class_named_dataset\cat_460.jpg,output/class_named_dataset/cat_460.jpg,cat
F:\NTSE\lab03\output\class_named_dataset\cat_461.jpg,output/class_named_dataset/cat_461.jpg,cat
F:\NTSE\lab03\output\class_named_dataset\cat_462.jpg,output/class_named_dataset/cat_462.jpg,cat
F:\NTSE\lab03\output\class_named_dataset\cat_463.jpg,output/class_named_dataset/cat_463.jpg,cat
F:\NTSE\lab03\output\class_named_dataset\cat_464.jpg,output/class_named_dataset/cat_464.jpg,cat
F:\NTSE\lab03\output\class_named_dataset\cat_465.jpg,output/class_named_dataset/cat_465.jpg,cat
F:\NTSE\lab03\output\class_named_dataset\cat_466.jpg,output/class_named_dataset/cat_466.jpg,cat
F:\NTSE\lab03\output\class_named_dataset\cat_467.jpg,output/class_named_dataset/cat_467.jpg,cat
F:\NTSE\lab03\output\class_named_dataset\cat_468.jpg,output/class_named_dataset/cat_468.jpg,cat
F:\NTSE\lab03\output\class_named_dataset\cat_469.jpg,output/class_named_dataset/cat_469.jpg,cat
F:\NTSE\lab03\output\class_named_dataset\cat_470.jpg,output/class_named_dataset/cat_470.jpg,cat
F:\NTSE\lab03\output\class_named_dataset\cat_471.jpg,output/class_named_dataset/cat_471.jpg,cat
F:\NTSE\lab03\output\class_named_dataset\cat_472.jpg,output/class_named_dataset/cat_472.jpg,cat
F:\NTSE\lab03\output\class_named_dataset\cat_473.jpg,output/class_named_dataset/cat_473.jpg,cat
F:\NTSE\lab03\output\class_named_dataset\cat_474.jpg,output/class_named_dataset/cat_474.jpg,cat
F:\NTSE\lab03\output\class_named_dataset\cat_475.jpg,output/class_named_dataset/cat_475.jpg,cat
F:\NTSE\lab03\output\class_named_dataset\cat_476.jpg,output/class_named_dataset/cat_476.jpg,cat
F:\NTSE\lab03\output\class_named_dataset\cat_477.jpg,output/class_named_dataset/cat_477.jpg,cat
F:\NTSE\lab03\output\class_named_dataset\cat_478.jpg,output/class_named_dataset/cat_478.jpg,cat
F:\NTSE\lab03\output\class_named_dataset\cat_479.jpg,output/class_named_dataset/cat_479.jpg,cat
F:\NTSE\lab03\output\class_named_dataset\cat_480.jpg,output/class_named_dataset/cat_480.jpg,cat
F:\NTSE\lab03\output\class_named_dataset\cat_481.jpg,output/class_named_dataset/cat_481.jpg,cat
F:\NTSE\lab03\output\class_named_dataset\cat_482.jpg,output/class_named_dataset/cat_482.jpg,cat
F:\NTSE\lab03\output\class_named_dataset\cat_483.jpg,output/class_named_dataset/cat_483.jpg,cat
F:\NTSE\lab03\output\class_named_dataset\cat_484.jpg,output/class_named_dataset/cat_484.jpg,cat
F:\NTSE\lab03\output\class_named_dataset\cat_485.jpg,output/class_named_dataset/cat_485.jpg,cat
F:\NTSE\lab03\output\class_named_dataset\cat_486.jpg,output/class_named_dataset/cat_486.jpg,cat
F:\NTSE\lab03\output\class_named_dataset\cat_487.jpg,output/class_named_dataset/cat_487.jpg,cat
F:\NTSE\lab03\output\class_named_dataset\cat_488.jpg,output/class_named_dataset/cat_488.jpg,cat
F:\NTSE\lab03\output\class_named_dataset\cat_489.jpg,output/class_named_dataset/cat_489.jpg,cat
F:\NTSE\lab03\output\class_named_dataset\cat_490.jpg,output/class_named_dataset/cat_490.jpg,cat
F:\NTSE\lab03\output\class_named_dataset\cat_491.jpg,output/class_named_dataset/cat_491.jpg,cat
F:\NTSE\lab03\output\class_named_dataset\cat_492.jpg,output/class_named_dataset/cat_492.jpg,cat
F:\NTSE\lab03\output\class_named_dataset\cat_493.jpg,output/class_named_dataset/cat_493.jpg,cat
F:\NTSE\lab03\output\class_named_dataset\cat_494.jpg,output/class_named_dataset/cat_494.jpg,cat
F:\NTSE\lab03\output\class_named_dataset\cat_495.jpg,output/class_named_dataset/cat_495.jpg,cat
F:\NTSE\lab03\output\class_named_dataset\cat_496.jpg,output/class_named_dataset/cat_496.jpg,cat
F:\NTSE\lab03\output\class_named_dataset\cat_497.jpg,output/class_named_dataset/cat_497.jpg,cat
F:\NTSE\lab03\output\class_named_dataset\cat_498.jpg,output/class_named_dataset/cat_498.jpg,cat
F:\NTSE\lab03\output\class_named_dataset\cat_499.jpg,output/class_named_dataset/cat_499.jpg,cat
F:\NTSE\lab03\output\class_named_dataset\cat_500.jpg,output/class_named_dataset/cat_500.jpg,cat
F:\NTSE\lab03\output\class_named_dataset\cat_501.jpg,output/class_named_dataset/cat_501.jpg,cat
F:\NTSE\lab03\output\class_named_dataset\cat_502.jpg,output/class_named_dataset/cat_502.jpg,cat
F:\NTSE\lab03\output\class_named_dataset\cat_503.jpg,output/class_named_dataset/cat_503.jpg,cat
F:\NTSE\lab03\output\class_named_dataset\cat_504.jpg,output/class_named_dataset/cat_504.jpg,cat
F:\NTSE\lab03\output\class_named_dataset\cat_505.jpg,output/class_named_dataset/cat_505.jpg,cat
F:\NTSE\lab03\output\class_named_dataset\cat_506.jpg,output/class_named_dataset/cat_506.jpg,cat
F:\NTSE\lab03\output\class_named_dataset\cat_507.jpg,output/class_named_dataset/cat_507.jpg,cat
F:\NTSE\lab03\output\class_named_dataset\cat_508.jpg,output/class_named_dataset/cat_508.jpg,cat
F:\NTSE\lab03\output\class_named_dataset\cat_509.jpg,output/class_named_dataset/cat_509.jpg,cat
F:\NTSE\lab03\output\class_named_dataset\cat_510.jpg,output/class_named_dataset/cat_510.jpg,cat
F:\NTSE\lab03\output\class_named_dataset\cat_511.jpg,output/class_named_dataset/cat_511.jpg,cat
F:\NTSE\lab03\output\class_named_dataset\cat_512.jpg,output/class_named_dataset/cat_512.jpg,cat
F:\NTSE\lab03\output\class_named_dataset\cat_513.jpg,output/class_named_dataset/cat_513.jpg,cat
F:\NTSE\lab03\output\class_named_dataset\cat_514.jpg,output/class_named_dataset/cat_514.jpg,cat
F:\NTSE\lab03\output\class_named_dataset\cat_515.jpg,output/class_named_dataset/cat_515.jpg,cat
F:\NTSE\lab03\output\class_named_dataset\cat_516.jpg,output/class_named_dataset/cat_516.jpg,cat
F:\NTSE\lab03\output\class_named_dataset\cat_517.jpg,output/class_named_dataset/cat_517.jpg,cat
F:\NTSE\lab03\output\class_named_dataset\cat_518.jpg,output/class_named_dataset/cat_518.jpg,cat
F:\NTSE\lab03\output\class_named_dataset\cat_519.jpg,output/class_named_dataset/cat_519.jpg,cat
F:\NTSE\lab03\output\class_named_dataset\cat_520.jpg,output/class_named_dataset/cat_520.jpg,cat
F:\NTSE\lab03\output\class_named_dataset\cat_521.jpg,output/class_named_dataset/cat_521.jpg,cat
F:\NTSE\lab03\output\class_named_dataset\cat_522.jpg,output/class_named_dataset/cat_522.jpg,cat
F:\NTSE\lab03\output\class_named_dataset\cat_523.jpg,output/class_named_dataset/cat_523.jpg,cat
F:\NTSE\lab03\output\class_named_dataset\cat_524.jpg,output/class_named_dataset/cat_524.jpg,cat
F:\NTSE\lab03\output\class_named_dataset\cat_525.jpg,output/class_named_dataset/cat_525.jpg,cat
F:\NTSE\lab03\output\class_named_dataset\cat_526.jpg,output/class_named_dataset/cat_526.jpg,cat
F:\NTSE\lab03\output\class_named_dataset\cat_527.jpg,output/class_named_dataset/cat_527.jpg,cat
F:\NTSE\lab03\output\class_named_dataset\cat_528.jpg,output/class_named_dataset/cat_528.jpg,cat
F:\NTSE\lab03\output\class_named_dataset\cat_529.jpg,output/class_named_dataset/cat_529.jpg,cat
F:\NTSE\lab03\output\class_named_dataset\cat_530.jpg,output/class_named_dataset/cat_530.jpg,cat
F:\NTSE\lab03\output\class_named_dataset\cat_531.jpg,output/class_named_dataset/cat_531.jpg,cat
F:\NTSE\lab03\output\class_named_dataset\cat_532.jpg,output/class_named_dataset/cat_532.jpg,cat
F:\NTSE\lab03\output\class_named_dataset\cat_533.jpg,output/class_named_dataset/cat_533.jpg,cat
F:\NTSE\lab03\output\class_named_dataset\cat_534.jpg,output/class_named_dataset/cat_534.jpg,cat
F:\NTSE\lab03\output\class_named_dataset\cat_535.jpg,output/class_named_dataset/cat_535.jpg,cat
F:\NTSE\lab03\output\class_named_dataset\cat_536.jpg,output/class_named_dataset/cat_536.jpg,cat
F:\NTSE\lab03\output\class_named_dataset\cat_537.jpg,output/class_named_dataset/cat_537.jpg,cat
F:\NTSE\lab03\output\class_named_dataset\cat_538.jpg,output/class_named_dataset/cat_538.jpg,cat
F:\NTSE\lab03\output\class_named_dataset\cat_539.jpg,output/class_named_dataset/cat_539.jpg,cat
F:\NTSE\lab03\output\class_named_dataset\cat_540.jpg,output/class_named_dataset/cat_540.jpg,cat
F:\NTSE\lab03\output\class_named_dataset\cat_541.jpg,output/class_named_dataset/cat_541.jpg,cat
F:\NTSE\lab03\output\class_named_dataset\cat_542.jpg,output/class_named_dataset/cat_542.jpg,cat
F:\NTSE\lab03\output\class_named_dataset\cat_543.jpg,output/class_named_dataset/cat_543.jpg,cat
F:\NTSE\lab03\output\class_named_dataset\cat_544.jpg,output/class_named_dataset/cat_544.jpg,cat
F:\NTSE\lab03\output\class_named_dataset\cat_545.jpg,output/class_named_dataset/cat_545.jpg,cat
F:\NTSE\lab03\output\class_named_dataset\cat_546.jpg,output/class_named_dataset/cat_546.jpg,cat
F:\NTSE\lab03\output\class_named_dataset\cat_547.jpg,output/class_named_dataset/cat_547.jpg,cat
F:\NTSE\lab03\output\class_named_dataset\cat_548.jpg,output/class_named_dataset/cat_548.jpg,cat
F:\NTSE\lab03\output\class_named_dataset\cat_549.jpg,output/class_named_dataset/cat_549.jpg,cat
F:\NTSE\lab03\output\class_named_dataset\cat_550.jpg,output/class_named_dataset/cat_550.jpg,cat
F:\NTSE\lab03\output\class_named_dataset\cat_551.jpg,output/class_named_dataset/cat_551.jpg,cat
F:\NTSE\lab03\output\class_named_dataset\cat_552.jpg,output/class_named_dataset/cat_552.jpg,cat
F:\NTSE\lab03\output\class_named_dataset\cat_553.jpg,output/class_named_dataset/cat_553.jpg,cat
F:\NTSE\lab03\output\class_named_dataset\cat_554.jpg,output/class_named_dataset/cat_554.jpg,cat
F:\NTSE\lab03\output\class_named_dataset\cat_555.jpg,output/class_named_dataset/cat_555.jpg,cat
F:\NTSE\lab03\output\class_named_dataset\cat_556.jpg,output/class_named_dataset/cat_556.jpg,cat
F:\NTSE\lab03\output\class_named_dataset\cat_557.jpg,output/class_named_dataset/cat_557.jpg,cat
F:\NTSE\lab03\output\class_named_dataset\cat_558.jpg,output/class_named_dataset/cat_558.jpg,cat
F:\NTSE\lab03\output\class_named_dataset\cat_559.jpg,output/class_named_dataset/cat_559.jpg,cat
F:\NTSE\lab03\output\class_named_dataset\cat_560.jpg,output/class_named_dataset/cat_560.jpg,cat
F:\NTSE\lab03\output\class_named_dataset\cat_561.jpg,output/class_named_dataset/cat_561.jpg,cat
F:\NTSE\lab03\output\class_named_dataset\cat_562.jpg,output/class_named_dataset/cat_562.jpg,cat
F:\NTSE\lab03\output\class_named_dataset\cat_563.jpg,output/class_named_dataset/cat_563.jpg,cat
F:\NTSE\lab03\output\class_named_dataset\cat_564.jpg,output/class_named_dataset/cat_564.jpg,cat
F:\NTSE\lab03\output\class_named_dataset\cat_565.jpg,output/class_named_dataset/cat_565.jpg,cat
F:\NTSE\lab03\output\class_named_dataset\cat_566.jpg,output/class_named_dataset/cat_566.jpg,cat
F:\NTSE\lab03\output\class_named_dataset\cat_567.jpg,output/class_named_dataset/cat_567.jpg,cat
F:\NTSE\lab03\output\class_named_dataset\cat_568.jpg,output/class_named_dataset/cat_568.jpg,cat
F:\NTSE\lab03\output\class_named_dataset\cat_569.jpg,output/class_named_dataset/cat_569.jpg,cat
F:\NTSE\lab03\output\class_named_dataset\cat_570.jpg,output/class_named_dataset/cat_570.jpg,cat
F:\NTSE\lab03\output\class_named_dataset\cat_571.jpg,output/class_named_dataset/cat_571.jpg,cat
F:\NTSE\lab03\output\class_named_dataset\cat_572.jpg,output/class_named_dataset/cat_572.jpg,cat
F:\NTSE\lab03\output\class_named_dataset\cat_573.jpg,output/class_named_dataset/cat_573.jpg,cat
F:\NTSE\lab03\output\class_named_dataset\cat_574.jpg,output/class_named_dataset/cat_574.jpg,cat
F:\NTSE\lab03\output\class_named_dataset\cat_575.jpg,output/class_named_dataset/cat_575.jpg,cat
F:\NTSE\lab03\output\class_named_dataset\cat_576.jpg,output/class_named_dataset/cat_576.jpg,cat
F:\NTSE\lab03\output\class_named_dataset\cat_577.jpg,output/class_named_dataset/cat_577.jpg,cat
F:\NTSE\lab03\output\class_named_dataset\cat_578.jpg,output/class_named_dataset/cat_578.jpg,cat
F:\NTSE\lab03\output\class_named_dataset\cat_579.jpg,output/class_named_dataset/cat_579.jpg,cat
F:\NTSE\lab03\output\class_named_dataset\cat_580.jpg,output/class_named_dataset/cat_580.jpg,cat
F:\NTSE\lab03\output\class_named_dataset\cat_581.jpg,output/class_named_dataset/cat_581.jpg,cat
F:\NTSE\lab03\output\class_named_dataset\cat_582.jpg,output/class_named_dataset/cat_582.jpg,cat
F:\NTSE\lab03\output\class_named_dataset\cat_583.jpg,output/class_named_dataset/cat_583.jpg,cat
F:\NTSE\lab03\output\class_named_dataset\cat_584.jpg,output/class_named_dataset/cat_584.jpg,cat
F:\NTSE\lab03\output\class_named_dataset\cat_585.jpg,output/class_named_dataset/cat_585.jpg,cat
F:\NTSE\lab03\output\class_named_dataset\cat_586.jpg,output/class_named_dataset/cat_586.jpg,cat
F:\NTSE\lab03\output\class_named_dataset\cat_587.jpg,output/class_named_dataset/cat_587.jpg,cat
F:\NTSE\lab03\output\class_named_dataset\cat_588.jpg,output/class_named_dataset/cat_588.jpg,cat
F:\NTSE\lab03\output\class_named_dataset\cat_589.jpg,output/class_named_dataset/cat_589.jpg,cat
F:\NTSE\lab03\output\class_named_dataset\cat_590.jpg,output/class_named_dataset/cat_590.jpg,cat
F:\NTSE\lab03\output\class_named_dataset\cat_591.jpg,output/class_named_dataset/cat_591.jpg,cat
F:\NTSE\lab03\output\class_named_dataset\cat_592.jpg,output/class_named_dataset/cat_592.jpg,cat
F:\NTSE\lab03\output\class_named_dataset\cat_593.jpg,output/class_named_dataset/cat_593.jpg,cat
F:\NTSE\lab03\output\class_named_dataset\cat_594.jpg,output/class_named_dataset/cat_594.jpg,cat
F:\NTSE\lab03\output\class_named_dataset\cat_595.jpg,output/class_named_dataset/cat_595.jpg,cat
F:\NTSE\lab03\output\class_named_dataset\cat_596.jpg,output/class_named_dataset/cat_596.jpg,cat
F:\NTSE\lab03\output\class_named_dataset\cat_597.jpg,output/class_named_dataset/cat_597.jpg,cat
F:\NTSE\lab03\output\class_named_dataset\cat_598.jpg,output/class_named_dataset/cat_598.jpg,cat
F:\NTSE\lab03\output\class_named_dataset\cat_599.jpg,output/class_named_dataset/cat_599.jpg,cat
F:\NTSE\lab03\output\class_named_dataset\cat_600.jpg,output/class_named_dataset/cat_600.jpg,cat
F:\NTSE\lab03\output\class_named_dataset\cat_601.jpg,output/class_named_dataset/cat_601.jpg,cat
F:\NTSE\lab03\output\class_named_dataset\cat_602.jpg,output/class_named_dataset/cat_602.jpg,cat
F:\NTSE\lab03\output\class_named_dataset\cat_603.jpg,output/class_named_dataset/cat_603.jpg,cat
F:\NTSE\lab03\output\class_named_dataset\cat_604.jpg,output/class_named_dataset/cat_604.jpg,cat
F:\NTSE\lab03\output\class_named_dataset\cat_605.jpg,output/class_named_dataset/cat_605.jpg,cat
F:\NTSE\lab03\output\class_named_dataset\cat_606.jpg,output/class_named_dataset/cat_606.jpg,cat
F:\NTSE\lab03\output\class_named_dataset\cat_607.jpg,output/class_named_dataset/cat_607.jpg,cat
F:\NTSE\lab03\output\class_named_dataset\cat_608.jpg,output/class_named_dataset/cat_608.jpg,cat
F:\NTSE\lab03\output\class_named_dataset\cat_609.jpg,output/class_named_dataset/cat_609.jpg,cat
F:\NTSE\lab03\output\class_named_dataset\cat_610.jpg,output/class_named_dataset/cat_610.jpg,cat
F:\NTSE\lab03\output\class_named_dataset\cat_611.jpg,output/class_named_dataset/cat_611.jpg,cat
F:\NTSE\lab03\output\class_named_dataset\cat_612.jpg,output/class_named_dataset/cat_612.jpg,cat
F:\NTSE\lab03\output\class_named_dataset\cat_613.jpg,output/class_named_dataset/cat_613.jpg,cat
F:\NTSE\lab03\output\class_named_dataset\cat_614.jpg,output/class_named_dataset/cat_614.jpg,cat
F:\NTSE\lab03\output\class_named_dataset\cat_615.jpg,output/class_named_dataset/cat_615.jpg,cat
F:\NTSE\lab03\output\class_named_dataset\cat_616.jpg,output/class_named_dataset/cat_616.jpg,cat
F:\NTSE\lab03\output\class_named_dataset\cat_617.jpg,output/class_named_dataset/cat_617.jpg,cat
F:\NTSE\lab03\output\class_named_dataset\cat_618.jpg,output/class_named_dataset/cat_618.jpg,cat
F:\NTSE\lab03\output\class_named_dataset\cat_619.jpg,output/class_named_dataset/cat_619.jpg,cat
F:\NTSE\lab03\output\class_named_dataset\cat_620.jpg,output/class_named_dataset/cat_620.jpg,cat
F:\NTSE\lab03\output\class_named_dataset\cat_621.jpg,output/class_named_dataset/cat_621.jpg,cat
F:\NTSE\lab03\output\class_named_dataset\cat_622.jpg,output/class_named_dataset/cat_622.jpg,cat
F:\NTSE\lab03\output\class_named_dataset\cat_623.jpg,output/class_named_dataset/cat_623.jpg,cat
F:\NTSE\lab03\output\class_named_dataset\cat_624.jpg,output/class_named_dataset/cat_624.jpg,cat
F:\NTSE\lab03\output\class_named_dataset\cat_625.jpg,output/class_named_dataset/cat_625.jpg,cat
F:\NTSE\lab03\output\class_named_dataset\cat_626.jpg,output/class_named_dataset/cat_626.jpg,cat
F:\NTSE\lab03\output\class_named_dataset\cat_627.jpg,output/class_named_dataset/cat_627.jpg,cat
F:\NTSE\lab03\output\class_named_dataset\cat_628.jpg,output/class_named_dataset/cat_628.jpg,cat
F:\NTSE\lab03\output\class_named_dataset\cat_629.jpg,output/class_named_dataset/cat_629.jpg,cat
F:\NTSE\lab03\output\class_named_dataset\cat_630.jpg,output/class_named_dataset/cat_630.jpg,cat
F:\NTSE\lab03\output\class_named_dataset\cat_631.jpg,output/class_named_dataset/cat_631.jpg,cat
F:\NTSE\lab03\output\class_named_dataset\cat_632.jpg,output/class_named_dataset/cat_632.jpg,cat
F:\NTSE\lab03\output\class_named_dataset\cat_633.jpg,output/class_named_dataset/cat_633.jpg,cat
F:\NTSE\lab03\output\class_named_dataset\cat_634.jpg,output/class_named_dataset/cat_634.jpg,cat
F:\NTSE\lab03\output\class_named_dataset\cat_635.jpg,output/class_named_dataset/cat_635.jpg,cat
F:\NTSE\lab03\output\class_named_dataset\cat_636.jpg,output/class_named_dataset/cat_636.jpg,cat
F:\NTSE\lab03\output\class_named_dataset\cat_637.jpg,output/class_named_dataset/cat_637.jpg,cat
F:\NTSE\lab03\output\class_named_dataset\cat_638.jpg,output/class_named_dataset/cat_638.jpg,cat
F:\NTSE\lab03\output\class_named_dataset\cat_639.jpg,output/class_named_dataset/cat_639.jpg,cat
F:\NTSE\lab03\output\class_named_dataset\cat_640.jpg,output/class_named_dataset/cat_640.jpg,cat
F:\NTSE\lab03\output\class_named_dataset\cat_641.jpg,output/class_named_dataset/cat_641.jpg,cat
F:\NTSE\lab03\output\class_named_dataset\cat_642.jpg,output/class_named_dataset/cat_642.jpg,cat
F:\NTSE\lab03\output\class_named_dataset\cat_643.jpg,output/class_named_dataset/cat_643.jpg,cat
F:\NTSE\lab03\output\class_named_dataset\cat_644.jpg,output/class_named_dataset/cat_644.jpg,cat
F:\NTSE\lab03\output\class_named_dataset\cat_645.jpg,output/class_named_dataset/cat_645.jpg,cat
F:\NTSE\lab03\output\class_named_dataset\cat_646.jpg,output/class_named_dataset/cat_646.jpg,cat
F:\NTSE\lab03\output\class_named_dataset\cat_647.jpg,output/class_named_dataset/cat_647.jpg,cat
F:\NTSE\lab03\output\class_named_dataset\cat_648.jpg,output/class_named_dataset/cat_648.jpg,cat
F:\NTSE\lab03\output\class_named_dataset\cat_649.jpg,output/class_named_dataset/cat_649.jpg,cat
F:\NTSE\lab03\output\class_named_dataset\cat_650.jpg,output/class_named_dataset/cat_650.jpg,cat
F:\NTSE\lab03\output\class_named_dataset\cat_651.jpg,output/class_named_dataset/cat_651.jpg,cat
F:\NTSE\lab03\output\class_named_dataset\cat_652.jpg,output/class_named_dataset/cat_652.jpg,cat
F:\NTSE\lab03\output\class_named_dataset\cat_653.jpg,output/class_named_dataset/cat_653.jpg,cat
F:\NTSE\lab03\output\class_named_dataset\cat_654.jpg,output/class_named_dataset/cat_654.jpg,cat
F:\NTSE\lab03\output\class_named_dataset\cat_655.jpg,output/class_named_dataset/cat_655.jpg,cat
F:\NTSE\lab03\output\class_named_dataset\cat_656.jpg,output/class_named_dataset/cat_656.jpg,cat
F:\NTSE\lab03\output\class_named_dataset\cat_657.jpg,output/class_named_dataset/cat_657.jpg,cat
F:\NTSE\lab03\output\class_named_dataset\cat_658.jpg,output/class_named_dataset/cat_658.jpg,cat
F:\NTSE\lab03\output\class_named_dataset\cat_659.jpg,output/class_named_dataset/cat_659.jpg,cat
F:\NTSE\lab03\output\class_named_dataset\cat_660.jpg,output/class_named_dataset/cat_660.jpg,cat
F:\NTSE\lab03\output\class_named_dataset\cat_661.jpg,output/class_named_dataset/cat_661.jpg,cat
F:\NTSE\lab03\output\class_named_dataset\cat_662.jpg,output/class_named_dataset/cat_662.jpg,cat
F:\NTSE\lab03\output\class_named_dataset\cat_663.jpg,output/class_named_dataset/cat_663.jpg,cat
F:\NTSE\lab03\output\class_named_dataset\cat_664.jpg,output/class_named_dataset/cat_664.jpg,cat
F:\NTSE\lab03\output\class_named_dataset\cat_665.jpg,output/class_named_dataset/cat_665.jpg,cat
F:\NTSE\lab03\output\class_named_dataset\cat_666.jpg,output/class_named_dataset/cat_666.jpg,cat
F:\NTSE\lab03\output\class_named_dataset\cat_667.jpg,output/class_named_dataset/cat_667.jpg,cat
F:\NTSE\lab03\output\class_named_dataset\cat_668.jpg,output/class_named_dataset/cat_668.jpg,cat
F:\NTSE\lab03\output\class_named_dataset\cat_669.jpg,output/class_named_dataset/cat_669.jpg,cat
F:\NTSE\lab03\output\class_named_dataset\cat_670.jpg,output/class_named_dataset/cat_670.jpg,cat
F:\NTSE\lab03\output\class_named_dataset\cat_671.jpg,output/class_named_dataset/cat_671.jpg,cat
F:\NTSE\lab03\output\class_named_dataset\cat_672.jpg,output/class_named_dataset/cat_672.jpg,cat
F:\NTSE\lab03\output\class_named_dataset\cat_673.jpg,output/class_named_dataset/cat_673.jpg,cat
F:\NTSE\lab03\output\class_named_dataset\cat_674.jpg,output/class_named_dataset/cat_674.jpg,cat
F:\NTSE\lab03\output\class_named_dataset\cat_675.jpg,output/class_named_dataset/cat_675.jpg,cat
F:\NTSE\lab03\output\class_named_dataset\cat_676.jpg,output/class_named_dataset/cat_676.jpg,cat
F:\NTSE\lab03\output\class_named_dataset\cat_677.jpg,output/class_named_dataset/cat_677.jpg,cat
F:\NTSE\lab03\output\class_named_dataset\cat_678.jpg,output/class_named_dataset/cat_678.jpg,cat
F:\NTSE\lab03\output\class_named_dataset\cat_679.jpg,output/class_named_dataset/cat_679.jpg,cat
F:\NTSE\lab03\output\class_named_dataset\cat_680.jpg,output/class_named_dataset/cat_680.jpg,cat
F:\NTSE\lab03\output\class_named_dataset\cat_681.jpg,output/class_named_dataset/cat_681.jpg,cat
F:\NTSE\lab03\output\class_named_dataset\cat_682.jpg,output/class_named_dataset/cat_682.jpg,cat
F:\NTSE\lab03\output\class_named_dataset\cat_683.jpg,output/class_named_dataset/cat_683.jpg,cat
F:\NTSE\lab03\output\class_named_dataset\cat_684.jpg,output/class_named_dataset/cat_684.jpg,cat
F:\NTSE\lab03\output\class_named_dataset\cat_685.jpg,output/class_named_dataset/cat_685.jpg,cat
F:\NTSE\lab03\output\class_named_dataset\cat_686.jpg,output/class_named_dataset/cat_686.jpg,cat
F:\NTSE\lab03\output\class_named_dataset\cat_687.jpg,output/class_named_dataset/cat_687.jpg,cat
F:\NTSE\lab03\output\class_named_dataset\cat_688.jpg,output/class_named_dataset/cat_688.jpg,cat
F:\NTSE\lab03\output\class_named_dataset\cat_689.jpg,output/class_named_dataset/cat_689.jpg,cat
F:\NTSE\lab03\output\class_named_dataset\cat_690.jpg,output/class_named_dataset/cat_690.jpg,cat
F:\NTSE\lab03\output\class_named_dataset\cat_691.jpg,output/class_named_dataset/cat_691.jpg,cat
F:\NTSE\lab03\output\class_named_dataset\cat_692.jpg,output/class_named_dataset/cat_692.jpg,cat
F:\NTSE\lab03\output\class_named_dataset\cat_693.jpg,output/class_named_dataset/cat_693.jpg,cat
F:\NTSE\lab03\output\class_named_dataset\cat_694.jpg,output/class_named_dataset/cat_694.jpg,cat
F:\NTSE\lab03\output\class_named_dataset\cat_695.jpg,output/class_named_dataset/cat_695.jpg,cat
F:\NTSE\lab03\output\class_named_dataset\cat_696.jpg,output/class_named_dataset/cat_696.jpg,cat
F:\NTSE\lab03\output\class_named_dataset\cat_697.jpg,output/class_named_dataset/cat_697.jpg,cat
F:\NTSE\lab03\output\class_named_dataset\cat_698.jpg,output/class_named_dataset/cat_698.jpg,cat
F:\NTSE\lab03\output\class_named_dataset\cat_699.jpg,output/class_named_dataset/cat_699.jpg,cat
F:\NTSE\lab03\output\class_named_dataset\cat_700.jpg,output/class_named_dataset/cat_700.jpg,cat
F:\NTSE\lab03\output\class_named_dataset\cat_701.jpg,output/class_named_dataset/cat_701.jpg,cat
F:\NTSE\lab03\output\class_named_dataset\cat_702.jpg,output/class_named_dataset/cat_702.jpg,cat
F:\NTSE\lab03\output\class_named_dataset\cat_703.jpg,output/class_named_dataset/cat_703.jpg,cat
F:\NTSE\lab03\output\class_named_dataset\cat_704.jpg,output/class_named_dataset/cat_704.jpg,cat
F:\NTSE\lab03\output\class_named_dataset\cat_705.jpg,output/class_named_dataset/cat_705.jpg,cat
F:\NTSE\lab03\output\class_named_dataset\cat_706.jpg,output/class_named_dataset/cat_706.jpg,cat
F:\NTSE\lab03\output\class_named_dataset\cat_707.jpg,output/class_named_dataset/cat_707.jpg,cat
F:\NTSE\lab03\output\class_named_dataset\cat_708.jpg,output/class_named_dataset/cat_708.jpg,cat
F:\NTSE\lab03\output\class_named_dataset\cat_709.jpg,output/class_named_dataset/cat_709.jpg,cat
F:\NTSE\lab03\output\class_named_dataset\cat_710.jpg,output/class_named_dataset/cat_710.jpg,cat
F:\NTSE\lab03\output\class_named_dataset\cat_711.jpg,output/class_named_dataset/cat_711.jpg,cat
F:\NTSE\lab03\output\class_named_dataset\cat_712.jpg,output/class_named_dataset/cat_712.jpg,cat
F:\NTSE\lab03\output\class_named_dataset\cat_713.jpg,output/class_named_dataset/cat_713.jpg,cat
F:\NTSE\lab03\output\class_named_dataset\cat_714.jpg,output/class_named_dataset/cat_714.jpg,cat
F:\NTSE\lab03\output\class_named_dataset\cat_715.jpg,output/class_named_dataset/cat_715.jpg,cat
F:\NTSE\lab03\output\class_named_dataset\cat_716.jpg,output/class_named_dataset/cat_716.jpg,cat
F:\NTSE\lab03\output\class_named_dataset\cat_717.jpg,output/class_named_dataset/cat_717.jpg,cat
F:\NTSE\lab03\output\class_named_dataset\cat_718.jpg,output/class_named_dataset/cat_718.jpg,cat
F:\NTSE\lab03\output\class_named_dataset\cat_719.jpg,output/class_named_dataset/cat_719.jpg,cat
F:\NTSE\lab03\output\class_named_dataset\cat_720.jpg,output/class_named_dataset/cat_720.jpg,cat
F:\NTSE\lab03\output\class_named_dataset\cat_721.jpg,output/class_named_dataset/cat_721.jpg,cat
F:\NTSE\lab03\output\class_named_dataset\cat_722.jpg,output/class_named_dataset/cat_722.jpg,cat
F:\NTSE\lab03\output\class_named_dataset\cat_723.jpg,output/class_named_dataset/cat_723.jpg,cat
F:\NTSE\lab03\output\class_named_dataset\cat_724.jpg,output/class_named_dataset/cat_724.jpg,cat
F:\NTSE\lab03\output\class_named_dataset\cat_725.jpg,output/class_named_dataset/cat_725.jpg,cat
F:\NTSE\lab03\output\class_named_dataset\cat_726.jpg,output/class_named_dataset/cat_726.jpg,cat
F:\NTSE\lab03\output\class_named_dataset\cat_727.jpg,output/class_named_dataset/cat_727.jpg,cat
F:\NTSE\lab03\output\class_named_dataset\cat_728.jpg,output/class_named_dataset/cat_728.jpg,cat
F:\NTSE\lab03\output\class_named_dataset\cat_729.jpg,output/class_named_dataset/cat_729.jpg,cat
F:\NTSE\lab03\output\class_named_dataset\cat_730.jpg,output/class_named_dataset/cat_730.jpg,cat
F:\NTSE\lab03\output\class_named_dataset\cat_731.jpg,output/class_named_dataset/cat_731.jpg,cat
F:\NTSE\lab03\output\class_named_dataset\cat_732.jpg,output/class_named_dataset/cat_732.jpg,cat
F:\NTSE\lab03\output\class_named_dataset\cat_733.jpg,output/class_named_dataset/cat_733.jpg,cat
F:\NTSE\lab03\output\class_named_dataset\cat_734.jpg,output/class_named_dataset/cat_734.jpg,cat
F:\NTSE\lab03\output\class_named_dataset\cat_735.jpg,output/class_named_dataset/cat_735.jpg,cat
F:\NTSE\lab03\output\class_named_dataset\cat_736.jpg,output/class_named_dataset/cat_736.jpg,cat
F:\NTSE\lab03\output\class_named_dataset\cat_737.jpg,output/class_named_dataset/cat_737.jpg,cat
F:\NTSE\lab03\output\class_named_dataset\cat_738.jpg,output/class_named_dataset/cat_738.jpg,cat
F:\NTSE\lab03\output\class_named_dataset\cat_739.jpg,output/class_named_dataset/cat_739.jpg,cat
F:\NTSE\lab03\output\class_named_dataset\cat_740.jpg,output/class_named_dataset/cat_740.jpg,cat
F:\NTSE\lab03\output\class_named_dataset\cat_741.jpg,output/class_named_dataset/cat_741.jpg,cat
F:\NTSE\lab03\output\class_named_dataset\cat_742.jpg,output/class_named_dataset/cat_742.jpg,cat
F:\NTSE\lab03\output\class_named_dataset\cat_743.jpg,output/class_named_dataset/cat_743.jpg,cat
F:\NTSE\lab03\output\class_named_dataset\cat_744.jpg,output/class_named_dataset/cat_744.jpg,cat
F:\NTSE\lab03\output\class_named_dataset\cat_745.jpg,output/class_named_dataset/cat_745.jpg,cat
F:\NTSE\lab03\output\class_named_dataset\cat_746.jpg,output/class_named_dataset/cat_746.jpg,cat
F:\NTSE\lab03\output\class_named_dataset\cat_747.jpg,output/class_named_dataset/cat_747.jpg,cat
F:\NTSE\lab03\output\class_named_dataset\cat_748.jpg,output/class_named_dataset/cat_748.jpg,cat
F:\NTSE\lab03\output\class_named_dataset\cat_749.jpg,output/class_named_dataset/cat_749.jpg,cat
F:\NTSE\lab03\output\class_named_dataset\cat_750.jpg,output/class_named_dataset/cat_750.jpg,cat
F:\NTSE\lab03\output\class_named_dataset\cat_751.jpg,output/class_named_dataset/cat_751.jpg,cat
F:\NTSE\lab03\output\class_named_dataset\cat_752.jpg,output/class_named_dataset/cat_752.jpg,cat
F:\NTSE\lab03\output\class_named_dataset\cat_753.jpg,output/class_named_dataset/cat_753.jpg,cat
F:\NTSE\lab03\output\class_named_dataset\cat_754.jpg,output/class_named_dataset/cat_754.jpg,cat
F:\NTSE\lab03\output\class_named_dataset\cat_755.jpg,output/class_named_dataset/cat_755.jpg,cat
F:\NTSE\lab03\output\class_named_dataset\cat_756.jpg,output/class_named_dataset/cat_756.jpg,cat
F:\NTSE\lab03\output\class_named_dataset\cat_757.jpg,output/class_named_dataset/cat_757.jpg,cat
F:\NTSE\lab03\output\class_named_dataset\cat_758.jpg,output/class_named_dataset/cat_758.jpg,cat
F:\NTSE\lab03\output\class_named_dataset\cat_759.jpg,output/class_named_dataset/cat_759.jpg,cat
F:\NTSE\lab03\output\class_named_dataset\cat_760.jpg,output/class_named_dataset/cat_760.jpg,cat
F:\NTSE\lab03\output\class_named_dataset\cat_761.jpg,output/class_named_dataset/cat_761.jpg,cat
F:\NTSE\lab03\output\class_named_dataset\cat_762.jpg,output/class_named_dataset/cat_762.jpg,cat
F:\NTSE\lab03\output\class_named_dataset\cat_763.jpg,output/class_named_dataset/cat_763.jpg,cat
F:\NTSE\lab03\output\class_named_dataset\cat_764.jpg,output/class_named_dataset/cat_764.jpg,cat
F:\NTSE\lab03\output\class_named_dataset\cat_765.jpg,output/class_named_dataset/cat_765.jpg,cat
F:\NTSE\lab03\output\class_named_dataset\cat_766.jpg,output/class_named_dataset/cat_766.jpg,cat
F:\NTSE\lab03\output\class_named_dataset\cat_767.jpg,output/class_named_dataset/cat_767.jpg,cat
F:\NTSE\lab03\output\class_named_dataset\cat_768.jpg,output/class_named_dataset/cat_768.jpg,cat
F:\NTSE\lab03\output\class_named_dataset\cat_769.jpg,output/class_named_dataset/cat_769.jpg,cat
F:\NTSE\lab03\output\class_named_dataset\cat_770.jpg,output/class_named_dataset/cat_770.jpg,cat
F:\NTSE\lab03\output\class_named_dataset\cat_771.jpg,output/class_named_dataset/cat_771.jpg,cat
F:\NTSE\lab03\output\class_named_dataset\cat_772.jpg,output/class_named_dataset/cat_772.jpg,cat
F:\NTSE\lab03\output\class_named_dataset\cat_773.jpg,output/class_named_dataset/cat_773.jpg,cat
F:\NTSE\lab03\output\class_named_dataset\cat_774.jpg,output/class_named_dataset/cat_774.jpg,cat
F:\NTSE\lab03\output\class_named_dataset\cat_775.jpg,output/class_named_dataset/cat_775.jpg,cat
F:\NTSE\lab03\output\class_named_dataset\cat_776.jpg,output/class_named_dataset/cat_776.jpg,cat
F:\NTSE\lab03\output\class_named_dataset\cat_777.jpg,output/class_named_dataset/cat_777.jpg,cat
F:\NTSE\lab03\output\class_named_dataset\cat_778.jpg,output/class_named_dataset/cat_778.jpg,cat
F:\NTSE\lab03\output\class_named_dataset\cat_779.jpg,output/class_named_dataset/cat_779.jpg,cat
F:\NTSE\lab03\output\class_named_dataset\cat_780.jpg,output/class_named_dataset/cat_780.jpg,cat
F:\NTSE\lab03\output\class_named_dataset\cat_781.jpg,output/class_named_dataset/cat_781.jpg,cat
F:\NTSE\lab03\output\class_named_dataset\cat_782.jpg,output/class_named_dataset/cat_782.jpg,cat
F:\NTSE\lab03\output\class_named_dataset\cat_783.jpg,output/class_named_dataset/cat_783.jpg,cat
F:\NTSE\lab03\output\class_named_dataset\cat_784.jpg,output/class_named_dataset/cat_784.jpg,cat
F:\NTSE\lab03\output\class_named_dataset\cat_785.jpg,output/class_named_dataset/cat_785.jpg,cat
F:\NTSE\lab03\output\class_named_dataset\cat_786.jpg,output/class_named_dataset/cat_786.jpg,cat
F:\NTSE\lab03\output\class_named_dataset\cat_787.jpg,output/class_named_dataset/cat_787.jpg,cat
F:\NTSE\lab03\output\class_named_dataset\cat_788.jpg,output/class_named_dataset/cat_788.jpg,cat
F:\NTSE\lab03\output\class_named_dataset\cat_789.jpg,output/class_named_dataset/cat_789.jpg,cat
F:\NTSE\lab03\output\class_named_dataset\cat_790.jpg,output/class_named_dataset/cat_790.jpg,cat
F:\NTSE\lab03\output\class_named_dataset\cat_791.jpg,output/class_named_dataset/cat_791.jpg,cat
F:\NTSE\lab03\output\class_named_dataset\cat_792.jpg,output/class_named_dataset/cat_792.jpg,cat
F:\NTSE\lab03\output\class_named_dataset\cat_793.jpg,output/class_named_dataset/cat_793.jpg,cat
F:\NTSE\lab03\output\class_named_dataset\cat_794.jpg,output/class_named_dataset/cat_794.jpg,cat
F:\NTSE\lab03\output\class_named_dataset\cat_795.jpg,output/class_named_dataset/cat_795.jpg,cat
F:\NTSE\lab03\output\class_named_dataset\cat_796.jpg,output/class_named_dataset/cat_796.jpg,cat
F:\NTSE\lab03\output\class_named_dataset\cat_797.jpg,output/class_named_dataset/cat_797.jpg,cat
F:\NTSE\lab03\output\class_named_dataset\cat_798.jpg,output/class_named_dataset/cat_798.jpg,cat
F:\NTSE\lab03\output\class_named_dataset\cat_799.jpg,output/class_named_dataset/cat_799.jpg,cat
F:\NTSE\lab03\output\class_named_dataset\cat_800.jpg,output/class_named_dataset/cat_800.jpg,cat
F:\NTSE\lab03\output\class_named_dataset\cat_801.jpg,output/class_named_dataset/cat_801.jpg,cat
F:\NTSE\lab03\output\class_named_dataset\cat_802.jpg,output/class_named_dataset/cat_802.jpg,cat
F:\NTSE\lab03\output\class_named_dataset\cat_803.jpg,output/class_named_dataset/cat_803.jpg,cat
F:\NTSE\lab03\output\class_named_dataset\cat_804.jpg,output/class_named_dataset/cat_804.jpg,cat
F:\NTSE\lab03\output\class_named_dataset\cat_805.jpg,output/class_named_dataset/cat_805.jpg,cat
F:\NTSE\lab03\output\class_named_dataset\cat_806.jpg,output/class_named_dataset/cat_806.jpg,cat
F:\NTSE\lab03\output\class_named_dataset\cat_807.jpg,output/class_named_dataset/cat_807.jpg,cat
F:\NTSE\lab03\output\class_named_dataset\cat_808.jpg,output/class_named_dataset/cat_808.jpg,cat
F:\NTSE\lab03\output\class_named_dataset\cat_809.jpg,output/class_named_dataset/cat_809.jpg,cat
F:\NTSE\lab03\output\class_named_dataset\cat_810.jpg,output/class_named_dataset/cat_810.jpg,cat
F:\NTSE\lab03\output\class_named_dataset\cat_811.jpg,output/class_named_dataset/cat_811.jpg,cat
F:\NTSE\lab03\output\class_named_dataset\cat_812.jpg,output/class_named_dataset/cat_812.jpg,cat
F:\NTSE\lab03\output\class_named_dataset\cat_813.jpg,output/class_named_dataset/cat_813.jpg,cat
F:\NTSE\lab03\output\class_named_dataset\cat_814.jpg,output/class_named_dataset/cat_814.jpg,cat
F:\NTSE\lab03\output\class_named_dataset\cat_815.jpg,output/class_named_dataset/cat_815.jpg,cat
F:\NTSE\lab03\output\class_named_dataset\cat_816.jpg,output/class_named_dataset/cat_816.jpg,cat
F:\NTSE\lab03\output\class_named_dataset\cat_817.jpg,output/class_named_dataset/cat_817.jpg,cat
F:\NTSE\lab03\output\class_named_dataset\cat_818.jpg,output/class_named_dataset/cat_818.jpg,cat
F:\NTSE\lab03\output\class_named_dataset\cat_819.jpg,output/class_named_dataset/cat_819.jpg,cat
F:\NTSE\lab03\output\class_named_dataset\cat_820.jpg,output/class_named_dataset/cat_820.jpg,cat
F:\NTSE\lab03\output\class_named_dataset\cat_821.jpg,output/class_named_dataset/cat_821.jpg,cat
F:\NTSE\lab03\output\class_named_dataset\cat_822.jpg,output/class_named_dataset/cat_822.jpg,cat
F:\NTSE\lab03\output\class_named_dataset\cat_823.jpg,output/class_named_dataset/cat_823.jpg,cat
F:\NTSE\lab03\output\class_named_dataset\cat_824.jpg,output/class_named_dataset/cat_824.jpg,cat
F:\NTSE\lab03\output\class_named_dataset\cat_825.jpg,output/class_named_dataset/cat_825.jpg,cat
F:\NTSE\lab03\output\class_named_dataset\cat_826.jpg,output/class_named_dataset/cat_826.jpg,cat
F:\NTSE\lab03\output\class_named_dataset\cat_827.jpg,output/class_named_dataset/cat_827.jpg,cat
F:\NTSE\lab03\output\class_named_dataset\cat_828.jpg,output/class_named_dataset/cat_828.jpg,cat
F:\NTSE\lab03\output\class_named_dataset\cat_829.jpg,output/class_named_dataset/cat_829.jpg,cat
F:\NTSE\lab03\output\class_named_dataset\cat_830.jpg,output/class_named_dataset/cat_830.jpg,cat
F:\NTSE\lab03\output\class_named_dataset\cat_831.jpg,output/class_named_dataset/cat_831.jpg,cat
F:\NTSE\lab03\output\class_named_dataset\cat_832.jpg,output/class_named_dataset/cat_832.jpg,cat
F:\NTSE\lab03\output\class_named_dataset\cat_833.jpg,output/class_named_dataset/cat_833.jpg,cat
F:\NTSE\lab03\output\class_named_dataset\cat_834.jpg,output/class_named_dataset/cat_834.jpg,cat
F:\NTSE\lab03\output\class_named_dataset\cat_835.jpg,output/class_named_dataset/cat_835.jpg,cat
F:\NTSE\lab03\output\class_named_dataset\cat_836.jpg,output/class_named_dataset/cat_836.jpg,cat
F:\NTSE\lab03\output\class_named_dataset\cat_837.jpg,output/class_named_dataset/cat_837.jpg,cat
F:\NTSE\lab03\output\class_named_dataset\cat_838.jpg,output/class_named_dataset/cat_838.jpg,cat
F:\NTSE\lab03\output\class_named_dataset\cat_839.jpg,output/class_named_dataset/cat_839.jpg,cat
F:\NTSE\lab03\output\class_named_dataset\cat_840.jpg,output/class_named_dataset/cat_840.jpg,cat
F:\NTSE\lab03\output\class_named_dataset\cat_841.jpg,output/class_named_dataset/cat_841.jpg,cat
F:\NTSE\lab03\output\class_named_dataset\cat_842.jpg,output/class_named_dataset/cat_842.jpg,cat
F:\NTSE\lab03\output\class_named_dataset\cat_843.jpg,output/class_named_dataset/cat_843.jpg,cat
F:\NTSE\lab03\output\class_named_dataset\cat_844.jpg,output/class_named_dataset/cat_844.jpg,cat
F:\NTSE\lab03\output\class_named_dataset\cat_845.jpg,output/class_named_dataset/cat_845.jpg,cat
F:\NTSE\lab03\output\class_named_dataset\cat_846.jpg,output/class_named_dataset/cat_846.jpg,cat
F:\NTSE\lab03\output\class_named_dataset\cat_847.jpg,output/class_named_dataset/cat_847.jpg,cat
F:\NTSE\lab03\output\class_named_dataset\cat_848.jpg,output/class_named_dataset/cat_848.jpg,cat
F:\NTSE\lab03\output\class_named_dataset\cat_849.jpg,output/class_named_dataset/cat_849.jpg,cat
F:\NTSE\lab03\output\class_named_dataset\cat_850.jpg,output/class_named_dataset/cat_850.jpg,cat
F:\NTSE\lab03\output\class_named_dataset\cat_851.jpg,output/class_named_dataset/cat_851.jpg,cat
F:\NTSE\lab03\output\class_named_dataset\cat_852.jpg,output/class_named_dataset/cat_852.jpg,cat
F:\NTSE\lab03\output\class_named_dataset\cat_853.jpg,output/class_named_dataset/cat_853.jpg,cat
F:\NTSE\lab03\output\class_named_dataset\cat_854.jpg,output/class_named_dataset/cat_854.jpg,cat
F:\NTSE\lab03\output\class_named_dataset\cat_855.jpg,output/class_named_dataset/cat_855.jpg,cat
F:\NTSE\lab03\output\class_named_dataset\cat_856.jpg,output/class_named_dataset/cat_856.jpg,cat
F:\NTSE\lab03\output\class_named_dataset\cat_857.jpg,output/class_named_dataset/cat_857.jpg,cat
F:\NTSE\lab03\output\class_named_dataset\cat_858.jpg,output/class_named_dataset/cat_858.jpg,cat
F:\NTSE\lab03\output\class_named_dataset\cat_859.jpg,output/class_named_dataset/cat_859.jpg,cat
F:\NTSE\lab03\output\class_named_dataset\cat_860.jpg,output/class_named_dataset/cat_860.jpg,cat
F:\NTSE\lab03\output\class_named_dataset\cat_861.jpg,output/class_named_dataset/cat_861.jpg,cat
F:\NTSE\lab03\output\class_named_dataset\cat_862.jpg,output/class_named_dataset/cat_862.jpg,cat
F:\NTSE\lab03\output\class_named_dataset\cat_863.jpg,output/class_named_dataset/cat_863.jpg,cat
F:\NTSE\lab03\output\class_named_dataset\cat_864.jpg,output/class_named_dataset/cat_864.jpg,cat
F:\NTSE\lab03\output\class_named_dataset\cat_865.jpg,output/class_named_dataset/cat_865.jpg,cat
F:\NTSE\lab03\output\class_named_dataset\cat_866.jpg,output/class_named_dataset/cat_866.jpg,cat
F:\NTSE\lab03\output\class_named_dataset\cat_867.jpg,output/class_named_dataset/cat_867.jpg,cat
F:\NTSE\lab03\output\class_named_dataset\cat_868.jpg,output/class_named_dataset/cat_868.jpg,cat
F:\NTSE\lab03\output\class_named_dataset\cat_869.jpg,output/class_named_dataset/cat_869.jpg,cat
F:\NTSE\lab03\output\class_named_dataset\cat_870.jpg,output/class_named_dataset/cat_870.jpg,cat
F:\NTSE\lab03\output\class_named_dataset\cat_871.jpg,output/class_named_dataset/cat_871.jpg,cat
F:\NTSE\lab03\output\class_named_dataset\cat_872.jpg,output/class_named_dataset/cat_872.jpg,cat
F:\NTSE\lab03\output\class_named_dataset\cat_873.jpg,output/class_named_dataset/cat_873.jpg,cat
F:\NTSE\lab03\output\class_named_dataset\cat_874.jpg,output/class_named_dataset/cat_874.jpg,cat
F:\NTSE\lab03\output\class_named_dataset\cat_875.jpg,output/class_named_dataset/cat_875.jpg,cat
F:\NTSE\lab03\output\class_named_dataset\cat_876.jpg,output/class_named_dataset/cat_876.jpg,cat
F:\NTSE\lab03\output\class_named_dataset\cat_877.jpg,output/class_named_dataset/cat_877.jpg,cat
F:\NTSE\lab03\output\class_named_dataset\cat_878.jpg,output/class_named_dataset/cat_878.jpg,cat
F:\NTSE\lab03\output\class_named_dataset\cat_879.jpg,output/class_named_dataset/cat_879.jpg,cat
F:\NTSE\lab03\output\class_named_dataset\cat_880.jpg,output/class_named_dataset/cat_880.jpg,cat
F:\NTSE\lab03\output\class_named_dataset\cat_881.jpg,output/class_named_dataset/cat_881.jpg,cat
F:\NTSE\lab03\output\class_named_dataset\cat_882.jpg,output/class_named_dataset/cat_882.jpg,cat
F:\NTSE\lab03\output\class_named_dataset\cat_883.jpg,output/class_named_dataset/cat_883.jpg,cat
F:\NTSE\lab03\output\class_named_dataset\cat_884.jpg,output/class_named_dataset/cat_884.jpg,cat
F:\NTSE\lab03\output\class_named_dataset\cat_885.jpg,output/class_named_dataset/cat_885.jpg,cat
F:\NTSE\lab03\output\class_named_dataset\cat_886.jpg,output/class_named_dataset/cat_886.jpg,cat
F:\NTSE\lab03\output\class_named_dataset\cat_887.jpg,output/class_named_dataset/cat_887.jpg,cat
F:\NTSE\lab03\output\class_named_dataset\cat_888.jpg,output/class_named_dataset/cat_888.jpg,cat
F:\NTSE\lab03\output\class_named_dataset\cat_889.jpg,output/class_named_dataset/cat_889.jpg,cat
F:\NTSE\lab03\output\class_named_dataset\cat_890.jpg,output/class_named_dataset/cat_890.jpg,cat
F:\NTSE\lab03\output\class_named_dataset\cat_891.jpg,output/class_named_dataset/cat_891.jpg,cat
F:\NTSE\lab03\output\class_named_dataset\cat_892.jpg,output/class_named_dataset/cat_892.jpg,cat
F:\NTSE\lab03\output\class_named_dataset\cat_893.jpg,output/class_named_dataset/cat_893.jpg,cat
F:\NTSE\lab03\output\class_named_dataset\cat_894.jpg,output/class_named_dataset/cat_894.jpg,cat
F:\NTSE\lab03\output\class_named_dataset\cat_895.jpg,output/class_named_dataset/cat_895.jpg,cat
F:\NTSE\lab03\output\class_named_dataset\cat_896.jpg,output/class_named_dataset/cat_896.jpg,cat
F:\NTSE\lab03\output\class_named_dataset\cat_897.jpg,output/class_named_dataset/cat_897.jpg,cat
F:\NTSE\lab03\output\class_named_dataset\cat_898.jpg,output/class_named_dataset/cat_898.jpg,cat
F:\NTSE\lab03\output\class_named_dataset\cat_899.jpg,output/class_named_dataset/cat_899.jpg,cat
F:\NTSE\lab03\output\class_named_dataset\cat_900.jpg,output/class_named_dataset/cat_900.jpg,cat
F:\NTSE\lab03\output\class_named_dataset\cat_901.jpg,output/class_named_dataset/cat_901.jpg,cat
F:\NTSE\lab03\output\class_named_dataset\cat_902.jpg,output/class_named_dataset/cat_902.jpg,cat
F:\NTSE\lab03\output\class_named_dataset\cat_903.jpg,output/class_named_dataset/cat_903.jpg,cat
F:\NTSE\lab03\output\class_named_dataset\cat_904.jpg,output/class_named_dataset/cat_904.jpg,cat
F:\NTSE\lab03\output\class_named_dataset\cat_905.jpg,output/class_named_dataset/cat_905.jpg,cat
F:\NTSE\lab03\output\class_named_dataset\cat_906.jpg,output/class_named_dataset/cat_906.jpg,cat
F:\NTSE\lab03\output\class_named_dataset\cat_907.jpg,output/class_named_dataset/cat_907.jpg,cat
F:\NTSE\lab03\output\class_named_dataset\cat_908.jpg,output/class_named_dataset/cat_908.jpg,cat
F:\NTSE\lab03\output\class_named_dataset\cat_909.jpg,output/class_named_dataset/cat_909.jpg,cat
F:\NTSE\lab03\output\class_named_dataset\cat_910.jpg,output/class_named_dataset/cat_910.jpg,cat
F:\NTSE\lab03\output\class_named_dataset\cat_911.jpg,output/class_named_dataset/cat_911.jpg,cat
F:\NTSE\lab03\output\class_named_dataset\cat_912.jpg,output/class_named_dataset/cat_912.jpg,cat
F:\NTSE\lab03\output\class_named_dataset\cat_913.jpg,output/class_named_dataset/cat_913.jpg,cat
F:\NTSE\lab03\output\class_named_dataset\cat_914.jpg,output/class_named_dataset/cat_914.jpg,cat
F:\NTSE\lab03\output\class_named_dataset\cat_915.jpg,output/class_named_dataset/cat_915.jpg,cat
F:\NTSE\lab03\output\class_named_dataset\cat_916.jpg,output/class_named_dataset/cat_916.jpg,cat
F:\NTSE\lab03\output\class_named_dataset\cat_917.jpg,output/class_named_dataset/cat_917.jpg,cat
F:\NTSE\lab03\output\class_named_dataset\cat_918.jpg,output/class_named_dataset/cat_918.jpg,cat
F:\NTSE\lab03\output\class_named_dataset\cat_919.jpg,output/class_named_dataset/cat_919.jpg,cat
F:\NTSE\lab03\output\class_named_dataset\cat_920.jpg,output/class_named_dataset/cat_920.jpg,cat
F:\NTSE\lab03\output\class_named_dataset\cat_921.jpg,output/class_named_dataset/cat_921.jpg,cat
F:\NTSE\lab03\output\class_named_dataset\cat_922.jpg,output/class_named_dataset/cat_922.jpg,cat
F:\NTSE\lab03\output\class_named_dataset\cat_923.jpg,output/class_named_dataset/cat_923.jpg,cat
F:\NTSE\lab03\output\class_named_dataset\cat_924.jpg,output/class_named_dataset/cat_924.jpg,cat
F:\NTSE\lab03\output\class_named_dataset\cat_925.jpg,output/class_named_dataset/cat_925.jpg,cat
F:\NTSE\lab03\output\class_named_dataset\cat_926.jpg,output/class_named_dataset/cat_926.jpg,cat
F:\NTSE\lab03\output\class_named_dataset\cat_927.jpg,output/class_named_dataset/cat_927.jpg,cat
F:\NTSE\lab03\output\class_named_dataset\cat_928.jpg,output/class_named_dataset/cat_928.jpg,cat
F:\NTSE\lab03\output\class_named_dataset\cat_929.jpg,output/class_named_dataset/cat_929.jpg,cat
F:\NTSE\lab03\output\class_named_dataset\cat_930.jpg,output/class_named_dataset/cat_930.jpg,cat
F:\NTSE\lab03\output\class_named_dataset\cat_931.jpg,output/class_named_dataset/cat_931.jpg,cat
F:\NTSE\lab03\output\class_named_dataset\cat_932.jpg,output/class_named_dataset/cat_932.jpg,cat
F:\NTSE\lab03\output\class_named_dataset\cat_933.jpg,output/class_named_dataset/cat_933.jpg,cat
F:\NTSE\lab03\output\class_named_dataset\cat_934.jpg,output/class_named_dataset/cat_934.jpg,cat
F:\NTSE\lab03\output\class_named_dataset\cat_935.jpg,output/class_named_dataset/cat_935.jpg,cat
F:\NTSE\lab03\output\class_named_dataset\cat_936.jpg,output/class_named_dataset/cat_936.jpg,cat
F:\NTSE\lab03\output\class_named_dataset\cat_937.jpg,output/class_named_dataset/cat_937.jpg,cat
F:\NTSE\lab03\output\class_named_dataset\cat_938.jpg,output/class_named_dataset/cat_938.jpg,cat
F:\NTSE\lab03\output\class_named_dataset\cat_939.jpg,output/class_named_dataset/cat_939.jpg,cat
F:\NTSE\lab03\output\class_named_dataset\cat_940.jpg,output/class_named_dataset/cat_940.jpg,cat
F:\NTSE\lab03\output\class_named_dataset\cat_941.jpg,output/class_named_dataset/cat_941.jpg,cat
F:\NTSE\lab03\output\class_named_dataset\cat_942.jpg,output/class_named_dataset/cat_942.jpg,cat
F:\NTSE\lab03\output\class_named_dataset\cat_943.jpg,output/class_named_dataset/cat_943.jpg,cat
F:\NTSE\lab03\output\class_named_dataset\cat_944.jpg,output/class_named_dataset/cat_944.jpg,cat
F:\NTSE\lab03\output\class_named_dataset\cat_945.jpg,output/class_named_dataset/cat_945.jpg,cat
F:\NTSE\lab03\output\class_named_dataset\cat_946.jpg,output/class_named_dataset/cat_946.jpg,cat
F:\NTSE\lab03\output\class_named_dataset\cat_947.jpg,output/class_named_dataset/cat_947.jpg,cat
F:\NTSE\lab03\output\class_named_dataset\cat_948.jpg,output/class_named_dataset/cat_948.jpg,cat
F:\NTSE\lab03\output\class_named_dataset\cat_949.jpg,output/class_named_dataset/cat_949.jpg,cat
F:\NTSE\lab03\output\class_named_dataset\cat_950.jpg,output/class_named_dataset/cat_950.jpg,cat
F:\NTSE\lab03\output\class_named_dataset\cat_951.jpg,output/class_named_dataset/cat_951.jpg,cat
F:\NTSE\lab03\output\class_named_dataset\cat_952.jpg,output/class_named_dataset/cat_952.jpg,cat
F:\NTSE\lab03\output\class_named_dataset\cat_953.jpg,output/class_named_dataset/cat_953.jpg,cat
F:\NTSE\lab03\output\class_named_dataset\cat_954.jpg,output/class_named_dataset/cat_954.jpg,cat
F:\NTSE\lab03\output\class_named_dataset\cat_955.jpg,output/class_named_dataset/cat_955.jpg,cat
F:\NTSE\lab03\output\class_named_dataset\cat_956.jpg,output/class_named_dataset/cat_956.jpg,cat
F:\NTSE\lab03\output\class_named_dataset\cat_957.jpg,output/class_named_dataset/cat_957.jpg,cat
F:\NTSE\lab03\output\class_named_dataset\cat_958.jpg,output/class_named_dataset/cat_958.jpg,cat
F:\NTSE\lab03\output\class_named_dataset\cat_959.jpg,output/class_named_dataset/cat_959.jpg,cat
F:\NTSE\lab03\output\class_named_dataset\cat_960.jpg,output/class_named_dataset/cat_960.jpg,cat
F:\NTSE\lab03\output\class_named_dataset\cat_961.jpg,output/class_named_dataset/cat_961.jpg,cat
F:\NTSE\lab03\output\class_named_dataset\cat_962.jpg,output/class_named_dataset/cat_962.jpg,cat
F:\NTSE\lab03\output\class_named_dataset\cat_963.jpg,output/class_named_dataset/cat_963.jpg,cat
F:\NTSE\lab03\output\class_named_dataset\cat_964.jpg,output/class_named_dataset/cat_964.jpg,cat
F:\NTSE\lab03\output\class_named_dataset\cat_965.jpg,output/class_named_dataset/cat_965.jpg,cat
F:\NTSE\lab03\output\class_named_dataset\cat_966.jpg,output/class_named_dataset/cat_966.jpg,cat
F:\NTSE\lab03\output\class_named_dataset\cat_967.jpg,output/class_named_dataset/cat_967.jpg,cat
F:\NTSE\lab03\output\class_named_dataset\cat_968.jpg,output/class_named_dataset/cat_968.jpg,cat
F:\NTSE\lab03\output\class_named_dataset\cat_969.jpg,output/class_named_dataset/cat_969.jpg,cat
F:\NTSE\lab03\output\class_named_dataset\cat_970.jpg,output/class_named_dataset/cat_970.jpg,cat
F:\NTSE\lab03\output\class_named_dataset\cat_971.jpg,output/class_named_dataset/cat_971.jpg,cat
F:\NTSE\lab03\output\class_named_dataset\cat_972.jpg,output/class_named_dataset/cat_972.jpg,cat
F:\NTSE\lab03\output\class_named_dataset\cat_973.jpg,output/class_named_dataset/cat_973.jpg,cat
F:\NTSE\lab03\output\class_named_dataset\cat_974.jpg,output/class_named_dataset/cat_974.jpg,cat
F:\NTSE\lab03\output\class_named_dataset\cat_975.jpg,output/class_named_dataset/cat_975.jpg,cat
F:\NTSE\lab03\output\class_named_dataset\cat_976.jpg,output/class_named_dataset/cat_976.jpg,cat
F:\NTSE\lab03\output\class_named_dataset\cat_977.jpg,output/class_named_dataset/cat_977.jpg,cat
F:\NTSE\lab03\output\class_named_dataset\cat_978.jpg,output/class_named_dataset/cat_978.jpg,cat
F:\NTSE\lab03\output\class_named_dataset\cat_979.jpg,output/class_named_dataset/cat_979.jpg,cat
F:\NTSE\lab03\output\class_named_dataset\cat_980.jpg,output/class_named_dataset/cat_980.jpg,cat
F:\NTSE\lab03\output\class_named_dataset\cat_981.jpg,output/class_named_dataset/cat_981.jpg,cat
F:\NTSE\lab03\output\class_named_dataset\cat_982.jpg,output/class_named_dataset/cat_982.jpg,cat
F:\NTSE\lab03\output\class_named_dataset\cat_983.jpg,output/class_named_dataset/cat_983.jpg,cat
F:\NTSE\lab03\output\class_named_dataset\cat_984.jpg,output/class_named_dataset/cat_984.jpg,cat
F:\NTSE\lab03\output\class_named_dataset\cat_985.jpg,output/class_named_dataset/cat_985.jpg,cat
F:\NTSE\lab03\output\class_named_dataset\cat_986.jpg,output/class_named_dataset/cat_986.jpg,cat
F:\NTSE\lab03\output\class_named_dataset\cat_987.jpg,output/class_named_dataset/cat_987.jpg,cat
F:\NTSE\lab03\output\class_named_dataset\cat_988.jpg,output/class_named_dataset/cat_988.jpg,cat
F:\NTSE\lab03\output\class_named_dataset\cat_989.jpg,output/class_named_dataset/cat_989.jpg,cat
F:\NTSE\lab03\output\class_named_dataset\cat_990.jpg,output/class_named_dataset/cat_990.jpg,cat
F:\NTSE\lab03\output\class_named_dataset\cat_991.jpg,output/class_named_dataset/cat_991.jpg,cat
F:\NTSE\lab03\output\class_named_dataset\cat_992.jpg,output/class_named_dataset/cat_992.jpg,cat
F:\NTSE\lab03\output\class_named_dataset\cat_993.jpg,output/class_named_dataset/cat_993.jpg,cat
F:\NTSE\lab03\output\class_named_dataset\cat_994.jpg,output/class_named_dataset/cat_994.jpg,cat
F:\NTSE\lab03\output\class_named_dataset\cat_995.jpg,output/class_named_dataset/cat_995.jpg,cat
F:\NTSE\lab03\output\class_named_dataset\cat_996.jpg,output/class_named_dataset/cat_996.jpg,cat
F:\NTSE\lab03\output\class_named_dataset\cat_997.jpg,output/class_named_dataset/cat_997.jpg,cat
F:\NTSE\lab03\output\class_named_dataset\cat_998.jpg,output/class_named_dataset/cat_998.jpg,cat
F:\NTSE\lab03\output\class_named_dataset\cat_999.jpg,output/class_named_dataset/cat_999.jpg,cat
F:\NTSE\lab03\output\class_named_dataset\cat_1000.jpg,output/class_named_dataset/cat_1000.jpg,cat
F:\NTSE\lab03\output\class_named_dataset\cat_1001.jpg,output/class_named_dataset/cat_1001.jpg,cat
F:\NTSE\lab03\output\class_named_dataset\cat_1002.jpg,output/class_named_dataset/cat_1002.jpg,cat
F:\NTSE\lab03\output\class_named_dataset\cat_1003.jpg,output/class_named_dataset/cat_1003.jpg,cat
F:\NTSE\lab03\output\class_named_dataset\cat_1004.jpg,output/class_named_dataset/cat_1004.jpg,cat
F:\NTSE\lab03\output\class_named_dataset\cat_1005.jpg,output/class_named_dataset/cat_1005.jpg,cat
F:\NTSE\lab03\output\class_named_dataset\cat_1006.jpg,output/class_named_dataset/cat_1006.jpg,cat
F:\NTSE\lab03\output\class_named_dataset\cat_1007.jpg,output/class_named_dataset/cat_1007.jpg,cat
F:\NTSE\lab03\output\class_named_dataset\cat_1008.jpg,output/class_named_dataset/cat_1008.jpg,cat
F:\NTSE\lab03\output\class_named_dataset\cat_1009.jpg,output/class_named_dataset/cat_1009.jpg,cat
F:\NTSE\lab03\output\class_named_dataset\cat_1010.jpg,output/class_named_dataset/cat_1010.jpg,cat
F:\NTSE\lab03\output\class_named_dataset\cat_1011.jpg,output/class_named_dataset/cat_1011.jpg,cat
F:\NTSE\lab03\output\class_named_dataset\cat_1012.jpg,output/class_named_dataset/cat_1012.jpg,cat
F:\NTSE\lab03\output\class_named_dataset\cat_1013.jpg,output/class_named_dataset/cat_1013.jpg,cat
F:\NTSE\lab03\output\class_named_dataset\cat_1014.jpg,output/class_named_dataset/cat_1014.jpg,cat
F:\NTSE\lab03\output\class_named_dataset\cat_1015.jpg,output/class_named_dataset/cat_1015.jpg,cat
F:\NTSE\lab03\output\class_named_dataset\cat_1016.jpg,output/class_named_dataset/cat_1016.jpg,cat
F:\NTSE\lab03\output\class_named_dataset\cat_1017.jpg,output/class_named_dataset/cat_1017.jpg,cat
F:\NTSE\lab03\output\class_named_dataset\cat_1018.jpg,output/class_named_dataset/cat_1018.jpg,cat
F:\NTSE\lab03\output\class_named_dataset\cat_1019.jpg,output/class_named_dataset/cat_1019.jpg,cat
F:\NTSE\lab03\output\class_named_dataset\cat_1020.jpg,output/class_named_dataset/cat_1020.jpg,cat
F:\NTSE\lab03\output\class_named_dataset\cat_1021.jpg,output/class_named_dataset/cat_1021.jpg,cat
F:\NTSE\lab03\output\class_named_dataset\cat_1022.jpg,output/class_named_dataset/cat_1022.jpg,cat
F:\NTSE\lab03\output\class_named_dataset\cat_1023.jpg,output/class_named_dataset/cat_1023.jpg,cat
F:\NTSE\lab03\output\class_named_dataset\cat_1024.jpg,output/class_named_dataset/cat_1024.jpg,cat
F:\NTSE\lab03\output\class_named_dataset\cat_1025.jpg,output/class_named_dataset/cat_1025.jpg,cat
F:\NTSE\lab03\output\class_named_dataset\cat_1026.jpg,output/class_named_dataset/cat_1026.jpg,cat
F:\NTSE\lab03\output\class_named_dataset\cat_1027.jpg,output/class_named_dataset/cat_1027.jpg,cat
F:\NTSE\lab03\output\class_named_dataset\cat_1028.jpg,output/class_named_dataset/cat_1028.jpg,cat
F:\NTSE\lab03\output\class_named_dataset\cat_1029.jpg,output/class_named_dataset/cat_1029.jpg,cat
F:\NTSE\lab03\output\class_named_dataset\cat_1030.jpg,output/class_named_dataset/cat_1030.jpg,cat
F:\NTSE\lab03\output\class_named_dataset\cat_1031.jpg,output/class_named_dataset/cat_1031.jpg,cat
F:\NTSE\lab03\output\class_named_dataset\cat_1032.jpg,output/class_named_dataset/cat_1032.jpg,cat
F:\NTSE\lab03\output\class_named_dataset\cat_1033.jpg,output/class_named_dataset/cat_1033.jpg,cat
F:\NTSE\lab03\output\class_named_dataset\cat_1034.jpg,output/class_named_dataset/cat_1034.jpg,cat
F:\NTSE\lab03\output\class_named_dataset\cat_1035.jpg,output/class_named_dataset/cat_1035.jpg,cat
F:\NTSE\lab03\output\class_named_dataset\cat_1036.jpg,output/class_named_dataset/cat_1036.jpg,cat
F:\NTSE\lab03\output\class_named_dataset\cat_1037.jpg,output/class_named_dataset/cat_1037.jpg,cat
F:\NTSE\lab03\output\class_named_dataset\cat_1038.jpg,output/class_named_dataset/cat_1038.jpg,cat
F:\NTSE\lab03\output\class_named_dataset\cat_1039.jpg,output/class_named_dataset/cat_1039.jpg,cat
F:\NTSE\lab03\output\class_named_dataset\cat_1040.jpg,output/class_named_dataset/cat_1040.jpg,cat
F:\NTSE\lab03\output\class_named_dataset\cat_1041.jpg,output/class_named_dataset/cat_1041.jpg,cat
F:\NTSE\lab03\output\class_named_dataset\cat_1042.jpg,output/class_named_dataset/cat_1042.jpg,cat
F:\NTSE\lab03\output\class_named_dataset\cat_1043.jpg,output/class_named_dataset/cat_1043.jpg,cat
F:\NTSE\lab03\output\class_named_dataset\cat_1044.jpg,output/class_named_dataset/cat_1044.jpg,cat
F:\NTSE\lab03\output\class_named_dataset\cat_1045.jpg,output/class_named_dataset/cat_1045.jpg,cat
F:\NTSE\lab03\output\class_named_dataset\cat_1046.jpg,output/class_named_dataset/cat_1046.jpg,cat
F:\NTSE\lab03\output\class_named_dataset\cat_1047.jpg,output/class_named_dataset/cat_1047.jpg,cat
F:\NTSE\lab03\output\class_named_dataset\cat_1048.jpg,output/class_named_dataset/cat_1048.jpg,cat
F:\NTSE\lab03\output\class_named_dataset\cat_1049.jpg,output/class_named_dataset/cat_1049.jpg,cat
F:\NTSE\lab03\output\class_named_dataset\cat_1050.jpg,output/class_named_dataset/cat_1050.jpg,cat
F:\NTSE\lab03\output\class_named_dataset\cat_1051.jpg,output/class_named_dataset/cat_1051.jpg,cat
F:\NTSE\lab03\output\class_named_dataset\cat_1052.jpg,output/class_named_dataset/cat_1052.jpg,cat
F:\NTSE\lab03\output\class_named_dataset\cat_1053.jpg,output/class_named_dataset/cat_1053.jpg,cat
F:\NTSE\lab03\output\class_named_dataset\cat_1054.jpg,output/class_named_dataset/cat_1054.jpg,cat
F:\NTSE\lab03\output\class_named_dataset\cat_1055.jpg,output/class_named_dataset/cat_1055.jpg,cat
F:\NTSE\lab03\output\class_named_dataset\cat_1056.jpg,output/class_named_dataset/cat_1056.jpg,cat
F:\NTSE\lab03\output\class_named_dataset\cat_1057.jpg,output/class_named_dataset/cat_1057.jpg,cat
F:\NTSE\lab03\output\class_named_dataset\cat_1058.jpg,output/class_named_dataset/cat_1058.jpg,cat
F:\NTSE\lab03\output\class_named_dataset\cat_1059.jpg,output/class_named_dataset/cat_1059.jpg,cat
F:\NTSE\lab03\output\class_named_dataset\cat_1060.jpg,output/class_named_dataset/cat_1060.jpg,cat
F:\NTSE\lab03\output\class_named_dataset\cat_1061.jpg,output/class_named_dataset/cat_1061.jpg,cat
F:\NTSE\lab03\output\class_named_dataset\cat_1062.jpg,output/class_named_dataset/cat_1062.jpg,cat
F:\NTSE\lab03\output\class_named_dataset\cat_1063.jpg,output/class_named_dataset/cat_1063.jpg,cat
F:\NTSE\lab03\output\class_named_dataset\cat_1064.jpg,output/class_named_dataset/cat_1064.jpg,cat
F:\NTSE\lab03\output\class_named_dataset\cat_1065.jpg,output/class_named_dataset/cat_1065.jpg,cat
F:\NTSE\lab03\output\class_named_dataset\cat_1066.jpg,output/class_named_dataset/cat_1066.jpg,cat
F:\NTSE\lab03\output\class_named_dataset\cat_1067.jpg,output/class_named_dataset/cat_1067.jpg,cat
F:\NTSE\lab03\output\class_named_dataset\cat_1068.jpg,output/class_named_dataset/cat_1068.jpg,cat
F:\NTSE\lab03\output\class_named_dataset\cat_1069.jpg,output/class_named_dataset/cat_1069.jpg,cat
F:\NTSE\lab03\output\class_named_dataset\cat_1070.jpg,output/class_named_dataset/cat_1070.jpg,cat
F:\NTSE\lab03\output\class_named_dataset\cat_1071.jpg,output/class_named_dataset/cat_1071.jpg,cat
F:\NTSE\lab03\output\class_named_dataset\cat_1072.jpg,output/class_named_dataset/cat_1072.jpg,cat
F:\NTSE\lab03\output\class_named_dataset\cat_1073.jpg,output/class_named_dataset/cat_1073.jpg,cat
F:\NTSE\lab03\output\class_named_dataset\cat_1074.jpg,output/class_named_dataset/cat_1074.jpg,cat
F:\NTSE\lab03\output\class_named_dataset\cat_1075.jpg,output/class_named_dataset/cat_1075.jpg,cat
F:\NTSE\lab03\output\class_named_dataset\cat_1076.jpg,output/class_named_dataset/cat_1076.jpg,cat
F:\NTSE\lab03\output\class_named_dataset\cat_1077.jpg,output/class_named_dataset/cat_1077.jpg,cat
F:\NTSE\lab03\output\class_named_dataset\cat_1078.jpg,output/class_named_dataset/cat_1078.jpg,cat
F:\NTSE\lab03\output\class_named_dataset\cat_1079.jpg,output/class_named_dataset/cat_1079.jpg,cat
F:\NTSE\lab03\output\class_named_dataset\cat_1080.jpg,output/class_named_dataset/cat_1080.jpg,cat
F:\NTSE\lab03\output\class_named_dataset\cat_1081.jpg,output/class_named_dataset/cat_1081.jpg,cat
F:\NTSE\lab03\output\class_named_dataset\cat_1082.jpg,output/class_named_dataset/cat_1082.jpg,cat
F:\NTSE\lab03\output\class_named_dataset\cat_1083.jpg,output/class_named_dataset/cat_1083.jpg,cat
F:\NTSE\lab03\output\class_named_dataset\cat_1084.jpg,output/class_named_dataset/cat_1084.jpg,cat
F:\NTSE\lab03\output\class_named_dataset\cat_1085.jpg,output/class_named_dataset/cat_1085.jpg,cat
F:\NTSE\lab03\output\class_named_dataset\cat_1086.jpg,output/class_named_dataset/cat_1086.jpg,cat
F:\NTSE\lab03\output\class_named_dataset\cat_1087.jpg,output/class_named_dataset/cat_1087.jpg,cat
F:\NTSE\lab03\output\class_named_dataset\cat_1088.jpg,output/class_named_dataset/cat_1088.jpg,cat
F:\NTSE\lab03\output\class_named_dataset\cat_1089.jpg,output/class_named_dataset/cat_1089.jpg,cat
F:\NTSE\lab03\output\class_named_dataset\cat_1090.jpg,output/class_named_dataset/cat_1090.jpg,cat
F:\NTSE\lab03\output\class_named_dataset\cat_1091.jpg,output/class_named_dataset/cat_1091.jpg,cat
F:\NTSE\lab03\output\class_named_dataset\cat_1092.jpg,output/class_named_dataset/cat_1092.jpg,cat
F:\NTSE\lab03\output\class_named_dataset\cat_1093.jpg,output/class_named_dataset/cat_1093.jpg,cat
F:\NTSE\lab03\output\class_named_dataset\cat_1094.jpg,output/class_named_dataset/cat_1094.jpg,cat
F:\NTSE\lab03\output\class_named_dataset\cat_1095.jpg,output/class_named_dataset/cat_1095.jpg,cat
F:\NTSE\lab03\output\class_named_dataset\cat_1096.jpg,output/class_named_dataset/cat_1096.jpg,cat
F:\NTSE\lab03\output\class_named_dataset\cat_1097.jpg,output/class_named_dataset/cat_1097.jpg,cat
F:\NTSE\lab03\output\class_named_dataset\cat_1098.jpg,output/class_named_dataset/cat_1098.jpg,cat
F:\NTSE\lab03\output\class_named_dataset\cat_1099.jpg,output/class_named_dataset/cat_1099.jpg,cat
F:\NTSE\lab03\output\class_named_dataset\cat_1100.jpg,output/class_named_dataset/cat_1100.jpg,cat
F:\NTSE\lab03\output\class_named_dataset\cat_1101.jpg,output/class_named_dataset/cat_1101.jpg,cat
F:\NTSE\lab03\output\class_named_dataset\cat_1102.jpg,output/class_named_dataset/cat_1102.jpg,cat
F:\NTSE\lab03\output\class_named_dataset\cat_1103.jpg,output/class_named_dataset/cat_1103.jpg,cat
F:\NTSE\lab03\output\class_named_dataset\cat_1104.jpg,output/class_named_dataset/cat_1104.jpg,cat
F:\NTSE\lab03\output\class_named_dataset\cat_1105.jpg,output/class_named_dataset/cat_1105.jpg,cat
F:\NTSE\lab03\output\class_named_dataset\cat_1106.jpg,output/class_named_dataset/cat_1106.jpg,cat
F:\NTSE\lab03\output\class_named_dataset\cat_1107.jpg,output/class_named_dataset/cat_1107.jpg,cat
F:\NTSE\lab03\output\class_named_dataset\cat_1108.jpg,output/class_named_dataset/cat_1108.jpg,cat
F:\NTSE\lab03\output\class_named_dataset\cat_1109.jpg,output/class_named_dataset/cat_1109.jpg,cat
F:\NTSE\lab03\output\class_named_dataset\cat_1110.jpg,output/class_named_dataset/cat_1110.jpg,cat
F:\NTSE\lab03\output\class_named_dataset\cat_1111.jpg,output/class_named_dataset/cat_1111.jpg,cat
F:\NTSE\lab03\output\class_named_dataset\cat_1112.jpg,output/class_named_dataset/cat_1112.jpg,cat
F:\NTSE\lab03\output\class_named_dataset\cat_1113.jpg,output/class_named_dataset/cat_1113.jpg,cat
F:\NTSE\lab03\output\class_named_dataset\cat_1114.jpg,output/class_named_dataset/cat_1114.jpg,cat
F:\NTSE\lab03\output\class_named_dataset\cat_1115.jpg,output/class_named_dataset/cat_1115.jpg,cat
F:\NTSE\lab03\output\class_named_dataset\cat_1116.jpg,output/class_named_dataset/cat_1116.jpg,cat
F:\NTSE\lab03\output\class_named_dataset\cat_1117.jpg,output/class_named_dataset/cat_1117.jpg,cat
F:\NTSE\lab03\output\class_named_dataset\cat_1118.jpg,output/class_named_dataset/cat_1118.jpg,cat
F:\NTSE\lab03\output\class_named_dataset\cat_1119.jpg,output/class_named_dataset/cat_1119.jpg,cat
F:\NTSE\lab03\output\class_named_dataset\cat_1120.jpg,output/class_named_dataset/cat_1120.jpg,cat
F:\NTSE\lab03\output\class_named_dataset\cat_1121.jpg,output/class_named_dataset/cat_1121.jpg,cat
F:\NTSE\lab03\output\class_named_dataset\cat_1122.jpg,output/class_named_dataset/cat_1122.jpg,cat
F:\NTSE\lab03\output\class_named_dataset\cat_1123.jpg,output/class_named_dataset/cat_1123.jpg,cat
F:\NTSE\lab03\output\class_named_dataset\cat_1124.jpg,output/class_named_dataset/cat_1124.jpg,cat
F:\NTSE\lab03\output\class_named_dataset\cat_1125.jpg,output/class_named_dataset/cat_1125.jpg,cat
F:\NTSE\lab03\output\class_named_dataset\cat_1126.jpg,output/class_named_dataset/cat_1126.jpg,cat
F:\NTSE\lab03\output\class_named_dataset\cat_1127.jpg,output/class_named_dataset/cat_1127.jpg,cat
F:\NTSE\lab03\output\class_named_dataset\cat_1128.jpg,output/class_named_dataset/cat_1128.jpg,cat
F:\NTSE\lab03\output\class_named_dataset\cat_1129.jpg,output/class_named_dataset/cat_1129.jpg,cat
F:\NTSE\lab03\output\class_named_dataset\cat_1130.jpg,output/class_named_dataset/cat_1130.jpg,cat
F:\NTSE\lab03\output\class_named_dataset\cat_1131.jpg,output/class_named_dataset/cat_1131.jpg,cat
F:\NTSE\lab03\output\class_named_dataset\cat_1132.jpg,output/class_named_dataset/cat_1132.jpg,cat
F:\NTSE\lab03\output\class_named_dataset\cat_1133.jpg,output/class_named_dataset/cat_1133.jpg,cat
F:\NTSE\lab03\output\class_named_dataset\cat_1134.jpg,output/class_named_dataset/cat_1134.jpg,cat
F:\NTSE\lab03\output\class_named_dataset\cat_1135.jpg,output/class_named_dataset/cat_1135.jpg,cat
F:\NTSE\lab03\output\class_named_dataset\cat_1136.jpg,output/class_named_dataset/cat_1136.jpg,cat
F:\NTSE\lab03\output\class_named_dataset\cat_1137.jpg,output/class_named_dataset/cat_1137.jpg,cat
F:\NTSE\lab03\output\class_named_dataset\cat_1138.jpg,output/class_named_dataset/cat_1138.jpg,cat
F:\NTSE\lab03\output\class_named_dataset\cat_1139.jpg,output/class_named_dataset/cat_1139.jpg,cat
F:\NTSE\lab03\output\class_named_dataset\cat_1140.jpg,output/class_named_dataset/cat_1140.jpg,cat
F:\NTSE\lab03\output\class_named_dataset\cat_1141.jpg,output/class_named_dataset/cat_1141.jpg,cat
F:\NTSE\lab03\output\class_named_dataset\cat_1142.jpg,output/class_named_dataset/cat_1142.jpg,cat
F:\NTSE\lab03\output\class_named_dataset\cat_1143.jpg,output/class_named_dataset/cat_1143.jpg,cat
F:\NTSE\lab03\output\class_named_dataset\cat_1144.jpg,output/class_named_dataset/cat_1144.jpg,cat
F:\NTSE\lab03\output\class_named_dataset\cat_1145.jpg,output/class_named_dataset/cat_1145.jpg,cat
F:\NTSE\lab03\output\class_named_dataset\cat_1146.jpg,output/class_named_dataset/cat_1146.jpg,cat
F:\NTSE\lab03\output\class_named_dataset\cat_1147.jpg,output/class_named_dataset/cat_1147.jpg,cat
F:\NTSE\lab03\output\class_named_dataset\cat_1148.jpg,output/class_named_dataset/cat_1148.jpg,cat
F:\NTSE\lab03\output\class_named_dataset\cat_1149.jpg,output/class_named_dataset/cat_1149.jpg,cat
F:\NTSE\lab03\output\class_named_dataset\cat_1150.jpg,output/class_named_dataset/cat_1150.jpg,cat
F:\NTSE\lab03\output\class_named_dataset\cat_1151.jpg,output/class_named_dataset/cat_1151.jpg,cat
F:\NTSE\lab03\output\class_named_dataset\cat_1152.jpg,output/class_named_dataset/cat_1152.jpg,cat
F:\NTSE\lab03\output\class_named_dataset\cat_1153.jpg,output/class_named_dataset/cat_1153.jpg,cat
F:\NTSE\lab03\output\class_named_dataset\cat_1154.jpg,output/class_named_dataset/cat_1154.jpg,cat
F:\NTSE\lab03\output\class_named_dataset\cat_1155.jpg,output/class_named_dataset/cat_1155.jpg,cat
F:\NTSE\lab03\output\class_named_dataset\cat_1156.jpg,output/class_named_dataset/cat_1156.jpg,cat
F:\NTSE\lab03\output\class_named_dataset\cat_1157.jpg,output/class_named_dataset/cat_1157.jpg,cat
F:\NTSE\lab03\output\class_named_dataset\cat_1158.jpg,output/class_named_dataset/cat_1158.jpg,cat
F:\NTSE\lab03\output\class_named_dataset\cat_1159.jpg,output/class_named_dataset/cat_1159.jpg,cat
F:\NTSE\lab03\output\class_named_dataset\cat_1160.jpg,output/class_named_dataset/cat_1160.jpg,cat
F:\NTSE\lab03\output\class_named_dataset\cat_1161.jpg,output/class_named_dataset/cat_1161.jpg,cat
F:\NTSE\lab03\output\class_named_dataset\cat_1162.jpg,output/class_named_dataset/cat_1162.jpg,cat
F:\NTSE\lab03\output\class_named_dataset\cat_1163.jpg,output/class_named_dataset/cat_1163.jpg,cat
F:\NTSE\lab03\output\class_named_dataset\cat_1164.jpg,output/class_named_dataset/cat_1164.jpg,cat
F:\NTSE\lab03\output\class_named_dataset\cat_1165.jpg,output/class_named_dataset/cat_1165.jpg,cat
F:\NTSE\lab03\output\class_named_dataset\cat_1166.jpg,output/class_named_dataset/cat_1166.jpg,cat
F:\NTSE\lab03\output\class_named_dataset\cat_1167.jpg,output/class_named_dataset/cat_1167.jpg,cat
F:\NTSE\lab03\output\class_named_dataset\cat_1168.jpg,output/class_named_dataset/cat_1168.jpg,cat
F:\NTSE\lab03\output\class_named_dataset\cat_1169.jpg,output/class_named_dataset/cat_1169.jpg,cat
F:\NTSE\lab03\output\class_named_dataset\cat_1170.jpg,output/class_named_dataset/cat_1170.jpg,cat
F:\NTSE\lab03\output\class_named_dataset\cat_1171.jpg,output/class_named_dataset/cat_1171.jpg,cat
F:\NTSE\lab03\output\class_named_dataset\cat_1172.jpg,output/class_named_dataset/cat_1172.jpg,cat
F:\NTSE\lab03\output\class_named_dataset\cat_1173.jpg,output/class_named_dataset/cat_1173.jpg,cat
F:\NTSE\lab03\output\class_named_dataset\cat_1174.jpg,output/class_named_dataset/cat_1174.jpg,cat
F:\NTSE\lab03\output\class_named_dataset\cat_1175.jpg,output/class_named_dataset/cat_1175.jpg,cat
F:\NTSE\lab03\output\class_named_dataset\cat_1176.jpg,output/class_named_dataset/cat_1176.jpg,cat
F:\NTSE\lab03\output\class_named_dataset\cat_1177.jpg,output/class_named_dataset/cat_1177.jpg,cat
F:\NTSE\lab03\output\class_named_dataset\cat_1178.jpg,output/class_named_dataset/cat_1178.jpg,cat
F:\NTSE\lab03\output\class_named_dataset\cat_1179.jpg,output/class_named_dataset/cat_1179.jpg,cat
F:\NTSE\lab03\output\class_named_dataset\cat_1180.jpg,output/class_named_dataset/cat_1180.jpg,cat
F:\NTSE\lab03\output\class_named_dataset\cat_1181.jpg,output/class_named_dataset/cat_1181.jpg,cat
F:\NTSE\lab03\output\class_named_dataset\cat_1182.jpg,output/class_named_dataset/cat_1182.jpg,cat
F:\NTSE\lab03\output\class_named_dataset\cat_1183.jpg,output/class_named_dataset/cat_1183.jpg,cat
F:\NTSE\lab03\output\class_named_dataset\cat_1184.jpg,output/class_named_dataset/cat_1184.jpg,cat
F:\NTSE\lab03\output\class_named_dataset\cat_1185.jpg,output/class_named_dataset/cat_1185.jpg,cat
F:\NTSE\lab03\output\class_named_dataset\cat_1186.jpg,output/class_named_dataset/cat_1186.jpg,cat
F:\NTSE\lab03\output\class_named_dataset\cat_1187.jpg,output/class_named_dataset/cat_1187.jpg,cat
F:\NTSE\lab03\output\class_named_dataset\cat_1188.jpg,output/class_named_dataset/cat_1188.jpg,cat
F:\NTSE\lab03\output\class_named_dataset\cat_1189.jpg,output/class_named_dataset/cat_1189.jpg,cat
F:\NTSE\lab03\output\class_named_dataset\cat_1190.jpg,output/class_named_dataset/cat_1190.jpg,cat
F:\NTSE\lab03\output\class_named_dataset\cat_1191.jpg,output/class_named_dataset/cat_1191.jpg,cat
F:\NTSE\lab03\output\class_named_dataset\cat_1192.jpg,output/class_named_dataset/cat_1192.jpg,cat
F:\NTSE\lab03\output\class_named_dataset\cat_1193.jpg,output/class_named_dataset/cat_1193.jpg,cat
F:\NTSE\lab03\output\class_named_dataset\cat_1194.jpg,output/class_named_dataset/cat_1194.jpg,cat
F:\NTSE\lab03\output\class_named_dataset\cat_1195.jpg,output/class_named_dataset/cat_1195.jpg,cat
F:\NTSE\lab03\output\class_named_dataset\cat_1196.jpg,output/class_named_dataset/cat_1196.jpg,cat
F:\NTSE\lab03\output\class_named_dataset\cat_1197.jpg,output/class_named_dataset/cat_1197.jpg,cat
F:\NTSE\lab03\output\class_named_dataset\cat_1198.jpg,output/class_named_dataset/cat_1198.jpg,cat
F:\NTSE\lab03\output\class_named_dataset\cat_1199.jpg,output/class_named_dataset/cat_1199.jpg,cat
F:\NTSE\lab03\output\class_named_dataset\cat_1200.jpg,output/class_named_dataset/cat_1200.jpg,cat
F:\NTSE\lab03\output\class_named_dataset\dog_1.jpg,output/class_named_dataset/dog_1.jpg,dog
F:\NTSE\lab03\output\class_named_dataset\dog_2.jpg,output/class_named_dataset/dog_2.jpg,dog
F:\NTSE\lab03\output\class_named_dataset\dog_3.jpg,output/class_named_dataset/dog_3.jpg,dog
F:\NTSE\lab03\output\class_named_dataset\dog_4.jpg,output/class_named_dataset/dog_4.jpg,dog
F:\NTSE\lab03\output\class_named_dataset\dog_5.jpg,output/class_named_dataset/dog_5.jpg,dog
F:\NTSE\lab03\output\class_named_dataset\dog_6.jpg,output/class_named_dataset/dog_6.jpg,dog
F:\NTSE\lab03\output\class_named_dataset\dog_7.jpg,output/class_named_dataset/dog_7.jpg,dog
F:\NTSE\lab03\output\class_named_dataset\dog_8.jpg,output/class_named_dataset/dog_8.jpg,dog
F:\NTSE\lab03\output\class_named_dataset\dog_9.jpg,output/class_named_dataset/dog_9.jpg,dog
F:\NTSE\lab03\output\class_named_dataset\dog_10.jpg,output/class_named_dataset/dog_10.jpg,dog
F:\NTSE\lab03\output\class_named_dataset\dog_11.jpg,output/class_named_dataset/dog_11.jpg,dog
F:\NTSE\lab03\output\class_named_dataset\dog_12.jpg,output/class_named_dataset/dog_12.jpg,dog
F:\NTSE\lab03\output\class_named_dataset\dog_13.jpg,output/class_named_dataset/dog_13.jpg,dog
F:\NTSE\lab03\output\class_named_dataset\dog_14.jpg,output/class_named_dataset/dog_14.jpg,dog
F:\NTSE\lab03\output\class_named_dataset\dog_15.jpg,output/class_named_dataset/dog_15.jpg,dog
F:\NTSE\lab03\output\class_named_dataset\dog_16.jpg,output/class_named_dataset/dog_16.jpg,dog
F:\NTSE\lab03\output\class_named_dataset\dog_17.jpg,output/class_named_dataset/dog_17.jpg,dog
F:\NTSE\lab03\output\class_named_dataset\dog_18.jpg,output/class_named_dataset/dog_18.jpg,dog
F:\NTSE\lab03\output\class_named_dataset\dog_19.jpg,output/class_named_dataset/dog_19.jpg,dog
F:\NTSE\lab03\output\class_named_dataset\dog_20.jpg,output/class_named_dataset/dog_20.jpg,dog
F:\NTSE\lab03\output\class_named_dataset\dog_21.jpg,output/class_named_dataset/dog_21.jpg,dog
F:\NTSE\lab03\output\class_named_dataset\dog_22.jpg,output/class_named_dataset/dog_22.jpg,dog
F:\NTSE\lab03\output\class_named_dataset\dog_23.jpg,output/class_named_dataset/dog_23.jpg,dog
F:\NTSE\lab03\output\class_named_dataset\dog_24.jpg,output/class_named_dataset/dog_24.jpg,dog
F:\NTSE\lab03\output\class_named_dataset\dog_25.jpg,output/class_named_dataset/dog_25.jpg,dog
F:\NTSE\lab03\output\class_named_dataset\dog_26.jpg,output/class_named_dataset/dog_26.jpg,dog
F:\NTSE\lab03\output\class_named_dataset\dog_27.jpg,output/class_named_dataset/dog_27.jpg,dog
F:\NTSE\lab03\output\class_named_dataset\dog_28.jpg,output/class_named_dataset/dog_28.jpg,dog
F:\NTSE\lab03\output\class_named_dataset\dog_29.jpg,output/class_named_dataset/dog_29.jpg,dog
F:\NTSE\lab03\output\class_named_dataset\dog_30.jpg,output/class_named_dataset/dog_30.jpg,dog
F:\NTSE\lab03\output\class_named_dataset\dog_31.jpg,output/class_named_dataset/dog_31.jpg,dog
F:\NTSE\lab03\output\class_named_dataset\dog_32.jpg,output/class_named_dataset/dog_32.jpg,dog
F:\NTSE\lab03\output\class_named_dataset\dog_33.jpg,output/class_named_dataset/dog_33.jpg,dog
F:\NTSE\lab03\output\class_named_dataset\dog_34.jpg,output/class_named_dataset/dog_34.jpg,dog
F:\NTSE\lab03\output\class_named_dataset\dog_35.jpg,output/class_named_dataset/dog_35.jpg,dog
F:\NTSE\lab03\output\class_named_dataset\dog_36.jpg,output/class_named_dataset/dog_36.jpg,dog
F:\NTSE\lab03\output\class_named_dataset\dog_37.jpg,output/class_named_dataset/dog_37.jpg,dog
F:\NTSE\lab03\output\class_named_dataset\dog_38.jpg,output/class_named_dataset/dog_38.jpg,dog
F:\NTSE\lab03\output\class_named_dataset\dog_39.jpg,output/class_named_dataset/dog_39.jpg,dog
F:\NTSE\lab03\output\class_named_dataset\dog_40.jpg,output/class_named_dataset/dog_40.jpg,dog
F:\NTSE\lab03\output\class_named_dataset\dog_41.jpg,output/class_named_dataset/dog_41.jpg,dog
F:\NTSE\lab03\output\class_named_dataset\dog_42.jpg,output/class_named_dataset/dog_42.jpg,dog
F:\NTSE\lab03\output\class_named_dataset\dog_43.jpg,output/class_named_dataset/dog_43.jpg,dog
F:\NTSE\lab03\output\class_named_dataset\dog_44.jpg,output/class_named_dataset/dog_44.jpg,dog
F:\NTSE\lab03\output\class_named_dataset\dog_45.jpg,output/class_named_dataset/dog_45.jpg,dog
F:\NTSE\lab03\output\class_named_dataset\dog_46.jpg,output/class_named_dataset/dog_46.jpg,dog
F:\NTSE\lab03\output\class_named_dataset\dog_47.jpg,output/class_named_dataset/dog_47.jpg,dog
F:\NTSE\lab03\output\class_named_dataset\dog_48.jpg,output/class_named_dataset/dog_48.jpg,dog
F:\NTSE\lab03\output\class_named_dataset\dog_49.jpg,output/class_named_dataset/dog_49.jpg,dog
F:\NTSE\lab03\output\class_named_dataset\dog_50.jpg,output/class_named_dataset/dog_50.jpg,dog
F:\NTSE\lab03\output\class_named_dataset\dog_51.jpg,output/class_named_dataset/dog_51.jpg,dog
F:\NTSE\lab03\output\class_named_dataset\dog_52.jpg,output/class_named_dataset/dog_52.jpg,dog
F:\NTSE\lab03\output\class_named_dataset\dog_53.jpg,output/class_named_dataset/dog_53.jpg,dog
F:\NTSE\lab03\output\class_named_dataset\dog_54.jpg,output/class_named_dataset/dog_54.jpg,dog
F:\NTSE\lab03\output\class_named_dataset\dog_55.jpg,output/class_named_dataset/dog_55.jpg,dog
F:\NTSE\lab03\output\class_named_dataset\dog_56.jpg,output/class_named_dataset/dog_56.jpg,dog
F:\NTSE\lab03\output\class_named_dataset\dog_57.jpg,output/class_named_dataset/dog_57.jpg,dog
F:\NTSE\lab03\output\class_named_dataset\dog_58.jpg,output/class_named_dataset/dog_58.jpg,dog
F:\NTSE\lab03\output\class_named_dataset\dog_59.jpg,output/class_named_dataset/dog_59.jpg,dog
F:\NTSE\lab03\output\class_named_dataset\dog_60.jpg,output/class_named_dataset/dog_60.jpg,dog
F:\NTSE\lab03\output\class_named_dataset\dog_61.jpg,output/class_named_dataset/dog_61.jpg,dog
F:\NTSE\lab03\output\class_named_dataset\dog_62.jpg,output/class_named_dataset/dog_62.jpg,dog
F:\NTSE\lab03\output\class_named_dataset\dog_63.jpg,output/class_named_dataset/dog_63.jpg,dog
F:\NTSE\lab03\output\class_named_dataset\dog_64.jpg,output/class_named_dataset/dog_64.jpg,dog
F:\NTSE\lab03\output\class_named_dataset\dog_65.jpg,output/class_named_dataset/dog_65.jpg,dog
F:\NTSE\lab03\output\class_named_dataset\dog_66.jpg,output/class_named_dataset/dog_66.jpg,dog
F:\NTSE\lab03\output\class_named_dataset\dog_67.jpg,output/class_named_dataset/dog_67.jpg,dog
F:\NTSE\lab03\output\class_named_dataset\dog_68.jpg,output/class_named_dataset/dog_68.jpg,dog
F:\NTSE\lab03\output\class_named_dataset\dog_69.jpg,output/class_named_dataset/dog_69.jpg,dog
F:\NTSE\lab03\output\class_named_dataset\dog_70.jpg,output/class_named_dataset/dog_70.jpg,dog
F:\NTSE\lab03\output\class_named_dataset\dog_71.jpg,output/class_named_dataset/dog_71.jpg,dog
F:\NTSE\lab03\output\class_named_dataset\dog_72.jpg,output/class_named_dataset/dog_72.jpg,dog
F:\NTSE\lab03\output\class_named_dataset\dog_73.jpg,output/class_named_dataset/dog_73.jpg,dog
F:\NTSE\lab03\output\class_named_dataset\dog_74.jpg,output/class_named_dataset/dog_74.jpg,dog
F:\NTSE\lab03\output\class_named_dataset\dog_75.jpg,output/class_named_dataset/dog_75.jpg,dog
F:\NTSE\lab03\output\class_named_dataset\dog_76.jpg,output/class_named_dataset/dog_76.jpg,dog
F:\NTSE\lab03\output\class_named_dataset\dog_77.jpg,output/class_named_dataset/dog_77.jpg,dog
F:\NTSE\lab03\output\class_named_dataset\dog_78.jpg,output/class_named_dataset/dog_78.jpg,dog
F:\NTSE\lab03\output\class_named_dataset\dog_79.jpg,output/class_named_dataset/dog_79.jpg,dog
F:\NTSE\lab03\output\class_named_dataset\dog_80.jpg,output/class_named_dataset/dog_80.jpg,dog
F:\NTSE\lab03\output\class_named_dataset\dog_81.jpg,output/class_named_dataset/dog_81.jpg,dog
F:\NTSE\lab03\output\class_named_dataset\dog_82.jpg,output/class_named_dataset/dog_82.jpg,dog
F:\NTSE\lab03\output\class_named_dataset\dog_83.jpg,output/class_named_dataset/dog_83.jpg,dog
F:\NTSE\lab03\output\class_named_dataset\dog_84.jpg,output/class_named_dataset/dog_84.jpg,dog
F:\NTSE\lab03\output\class_named_dataset\dog_85.jpg,output/class_named_dataset/dog_85.jpg,dog
F:\NTSE\lab03\output\class_named_dataset\dog_86.jpg,output/class_named_dataset/dog_86.jpg,dog
F:\NTSE\lab03\output\class_named_dataset\dog_87.jpg,output/class_named_dataset/dog_87.jpg,dog
F:\NTSE\lab03\output\class_named_dataset\dog_88.jpg,output/class_named_dataset/dog_88.jpg,dog
F:\NTSE\lab03\output\class_named_dataset\dog_89.jpg,output/class_named_dataset/dog_89.jpg,dog
F:\NTSE\lab03\output\class_named_dataset\dog_90.jpg,output/class_named_dataset/dog_90.jpg,dog
F:\NTSE\lab03\output\class_named_dataset\dog_91.jpg,output/class_named_dataset/dog_91.jpg,dog
F:\NTSE\lab03\output\class_named_dataset\dog_92.jpg,output/class_named_dataset/dog_92.jpg,dog
F:\NTSE\lab03\output\class_named_dataset\dog_93.jpg,output/class_named_dataset/dog_93.jpg,dog
F:\NTSE\lab03\output\class_named_dataset\dog_94.jpg,output/class_named_dataset/dog_94.jpg,dog
F:\NTSE\lab03\output\class_named_dataset\dog_95.jpg,output/class_named_dataset/dog_95.jpg,dog
F:\NTSE\lab03\output\class_named_dataset\dog_96.jpg,output/class_named_dataset/dog_96.jpg,dog
F:\NTSE\lab03\output\class_named_dataset\dog_97.jpg,output/class_named_dataset/dog_97.jpg,dog
F:\NTSE\lab03\output\class_named_dataset\dog_98.jpg,output/class_named_dataset/dog_98.jpg,dog
F:\NTSE\lab03\output\class_named_dataset\dog_99.jpg,output/class_named_dataset/dog_99.jpg,dog
F:\NTSE\lab03\output\class_named_dataset\dog_100.jpg,output/class_named_dataset/dog_100.jpg,dog
F:\NTSE\lab03\output\class_named_dataset\dog_101.jpg,output/class_named_dataset/dog_101.jpg,dog
F:\NTSE\lab03\output\class_named_dataset\dog_102.jpg,output/class_named_dataset/dog_102.jpg,dog
F:\NTSE\lab03\output\class_named_dataset\dog_103.jpg,output/class_named_dataset/dog_103.jpg,dog
F:\NTSE\lab03\output\class_named_dataset\dog_104.jpg,output/class_named_dataset/dog_104.jpg,dog
F:\NTSE\lab03\output\class_named_dataset\dog_105.jpg,output/class_named_dataset/dog_105.jpg,dog
F:\NTSE\lab03\output\class_named_dataset\dog_106.jpg,output/class_named_dataset/dog_106.jpg,dog
F:\NTSE\lab03\output\class_named_dataset\dog_107.jpg,output/class_named_dataset/dog_107.jpg,dog
F:\NTSE\lab03\output\class_named_dataset\dog_108.jpg,output/class_named_dataset/dog_108.jpg,dog
F:\NTSE\lab03\output\class_named_dataset\dog_109.jpg,output/class_named_dataset/dog_109.jpg,dog
F:\NTSE\lab03\output\class_named_dataset\dog_110.jpg,output/class_named_dataset/dog_110.jpg,dog
F:\NTSE\lab03\output\class_named_dataset\dog_111.jpg,output/class_named_dataset/dog_111.jpg,dog
F:\NTSE\lab03\output\class_named_dataset\dog_112.jpg,output/class_named_dataset/dog_112.jpg,dog
F:\NTSE\lab03\output\class_named_dataset\dog_113.jpg,output/class_named_dataset/dog_113.jpg,dog
F:\NTSE\lab03\output\class_named_dataset\dog_114.jpg,output/class_named_dataset/dog_114.jpg,dog
F:\NTSE\lab03\output\class_named_dataset\dog_115.jpg,output/class_named_dataset/dog_115.jpg,dog
F:\NTSE\lab03\output\class_named_dataset\dog_116.jpg,output/class_named_dataset/dog_116.jpg,dog
F:\NTSE\lab03\output\class_named_dataset\dog_117.jpg,output/class_named_dataset/dog_117.jpg,dog
F:\NTSE\lab03\output\class_named_dataset\dog_118.jpg,output/class_named_dataset/dog_118.jpg,dog
F:\NTSE\lab03\output\class_named_dataset\dog_119.jpg,output/class_named_dataset/dog_119.jpg,dog
F:\NTSE\lab03\output\class_named_dataset\dog_120.jpg,output/class_named_dataset/dog_120.jpg,dog
F:\NTSE\lab03\output\class_named_dataset\dog_121.jpg,output/class_named_dataset/dog_121.jpg,dog
F:\NTSE\lab03\output\class_named_dataset\dog_122.jpg,output/class_named_dataset/dog_122.jpg,dog
F:\NTSE\lab03\output\class_named_dataset\dog_123.jpg,output/class_named_dataset/dog_123.jpg,dog
F:\NTSE\lab03\output\class_named_dataset\dog_124.jpg,output/class_named_dataset/dog_124.jpg,dog
F:\NTSE\lab03\output\class_named_dataset\dog_125.jpg,output/class_named_dataset/dog_125.jpg,dog
F:\NTSE\lab03\output\class_named_dataset\dog_126.jpg,output/class_named_dataset/dog_126.jpg,dog
F:\NTSE\lab03\output\class_named_dataset\dog_127.jpg,output/class_named_dataset/dog_127.jpg,dog
F:\NTSE\lab03\output\class_named_dataset\dog_128.jpg,output/class_named_dataset/dog_128.jpg,dog
F:\NTSE\lab03\output\class_named_dataset\dog_129.jpg,output/class_named_dataset/dog_129.jpg,dog
F:\NTSE\lab03\output\class_named_dataset\dog_130.jpg,output/class_named_dataset/dog_130.jpg,dog
F:\NTSE\lab03\output\class_named_dataset\dog_131.jpg,output/class_named_dataset/dog_131.jpg,dog
F:\NTSE\lab03\output\class_named_dataset\dog_132.jpg,output/class_named_dataset/dog_132.jpg,dog
F:\NTSE\lab03\output\class_named_dataset\dog_133.jpg,output/class_named_dataset/dog_133.jpg,dog
F:\NTSE\lab03\output\class_named_dataset\dog_134.jpg,output/class_named_dataset/dog_134.jpg,dog
F:\NTSE\lab03\output\class_named_dataset\dog_135.jpg,output/class_named_dataset/dog_135.jpg,dog
F:\NTSE\lab03\output\class_named_dataset\dog_136.jpg,output/class_named_dataset/dog_136.jpg,dog
F:\NTSE\lab03\output\class_named_dataset\dog_137.jpg,output/class_named_dataset/dog_137.jpg,dog
F:\NTSE\lab03\output\class_named_dataset\dog_138.jpg,output/class_named_dataset/dog_138.jpg,dog
F:\NTSE\lab03\output\class_named_dataset\dog_139.jpg,output/class_named_dataset/dog_139.jpg,dog
F:\NTSE\lab03\output\class_named_dataset\dog_140.jpg,output/class_named_dataset/dog_140.jpg,dog
F:\NTSE\lab03\output\class_named_dataset\dog_141.jpg,output/class_named_dataset/dog_141.jpg,dog
F:\NTSE\lab03\output\class_named_dataset\dog_142.jpg,output/class_named_dataset/dog_142.jpg,dog
F:\NTSE\lab03\output\class_named_dataset\dog_143.jpg,output/class_named_dataset/dog_143.jpg,dog
F:\NTSE\lab03\output\class_named_dataset\dog_144.jpg,output/class_named_dataset/dog_144.jpg,dog
F:\NTSE\lab03\output\class_named_dataset\dog_145.jpg,output/class_named_dataset/dog_145.jpg,dog
F:\NTSE\lab03\output\class_named_dataset\dog_146.jpg,output/class_named_dataset/dog_146.jpg,dog
F:\NTSE\lab03\output\class_named_dataset\dog_147.jpg,output/class_named_dataset/dog_147.jpg,dog
F:\NTSE\lab03\output\class_named_dataset\dog_148.jpg,output/class_named_dataset/dog_148.jpg,dog
F:\NTSE\lab03\output\class_named_dataset\dog_149.jpg,output/class_named_dataset/dog_149.jpg,dog
F:\NTSE\lab03\output\class_named_dataset\dog_150.jpg,output/class_named_dataset/dog_150.jpg,dog
F:\NTSE\lab03\output\class_named_dataset\dog_151.jpg,output/class_named_dataset/dog_151.jpg,dog
F:\NTSE\lab03\output\class_named_dataset\dog_152.jpg,output/class_named_dataset/dog_152.jpg,dog
F:\NTSE\lab03\output\class_named_dataset\dog_153.jpg,output/class_named_dataset/dog_153.jpg,dog
F:\NTSE\lab03\output\class_named_dataset\dog_154.jpg,output/class_named_dataset/dog_154.jpg,dog
F:\NTSE\lab03\output\class_named_dataset\dog_155.jpg,output/class_named_dataset/dog_155.jpg,dog
F:\NTSE\lab03\output\class_named_dataset\dog_156.jpg,output/class_named_dataset/dog_156.jpg,dog
F:\NTSE\lab03\output\class_named_dataset\dog_157.jpg,output/class_named_dataset/dog_157.jpg,dog
F:\NTSE\lab03\output\class_named_dataset\dog_158.jpg,output/class_named_dataset/dog_158.jpg,dog
F:\NTSE\lab03\output\class_named_dataset\dog_159.jpg,output/class_named_dataset/dog_159.jpg,dog
F:\NTSE\lab03\output\class_named_dataset\dog_160.jpg,output/class_named_dataset/dog_160.jpg,dog
F:\NTSE\lab03\output\class_named_dataset\dog_161.jpg,output/class_named_dataset/dog_161.jpg,dog
F:\NTSE\lab03\output\class_named_dataset\dog_162.jpg,output/class_named_dataset/dog_162.jpg,dog
F:\NTSE\lab03\output\class_named_dataset\dog_163.jpg,output/class_named_dataset/dog_163.jpg,dog
F:\NTSE\lab03\output\class_named_dataset\dog_164.jpg,output/class_named_dataset/dog_164.jpg,dog
F:\NTSE\lab03\output\class_named_dataset\dog_165.jpg,output/class_named_dataset/dog_165.jpg,dog
F:\NTSE\lab03\output\class_named_dataset\dog_166.jpg,output/class_named_dataset/dog_166.jpg,dog
F:\NTSE\lab03\output\class_named_dataset\dog_167.jpg,output/class_named_dataset/dog_167.jpg,dog
F:\NTSE\lab03\output\class_named_dataset\dog_168.jpg,output/class_named_dataset/dog_168.jpg,dog
F:\NTSE\lab03\output\class_named_dataset\dog_169.jpg,output/class_named_dataset/dog_169.jpg,dog
F:\NTSE\lab03\output\class_named_dataset\dog_170.jpg,output/class_named_dataset/dog_170.jpg,dog
F:\NTSE\lab03\output\class_named_dataset\dog_171.jpg,output/class_named_dataset/dog_171.jpg,dog
F:\NTSE\lab03\output\class_named_dataset\dog_172.jpg,output/class_named_dataset/dog_172.jpg,dog
F:\NTSE\lab03\output\class_named_dataset\dog_173.jpg,output/class_named_dataset/dog_173.jpg,dog
F:\NTSE\lab03\output\class_named_dataset\dog_174.jpg,output/class_named_dataset/dog_174.jpg,dog
F:\NTSE\lab03\output\class_named_dataset\dog_175.jpg,output/class_named_dataset/dog_175.jpg,dog
F:\NTSE\lab03\output\class_named_dataset\dog_176.jpg,output/class_named_dataset/dog_176.jpg,dog
F:\NTSE\lab03\output\class_named_dataset\dog_177.jpg,output/class_named_dataset/dog_177.jpg,dog
F:\NTSE\lab03\output\class_named_dataset\dog_178.jpg,output/class_named_dataset/dog_178.jpg,dog
F:\NTSE\lab03\output\class_named_dataset\dog_179.jpg,output/class_named_dataset/dog_179.jpg,dog
F:\NTSE\lab03\output\class_named_dataset\dog_180.jpg,output/class_named_dataset/dog_180.jpg,dog
F:\NTSE\lab03\output\class_named_dataset\dog_181.jpg,output/class_named_dataset/dog_181.jpg,dog
F:\NTSE\lab03\output\class_named_dataset\dog_182.jpg,output/class_named_dataset/dog_182.jpg,dog
F:\NTSE\lab03\output\class_named_dataset\dog_183.jpg,output/class_named_dataset/dog_183.jpg,dog
F:\NTSE\lab03\output\class_named_dataset\dog_184.jpg,output/class_named_dataset/dog_184.jpg,dog
F:\NTSE\lab03\output\class_named_dataset\dog_185.jpg,output/class_named_dataset/dog_185.jpg,dog
F:\NTSE\lab03\output\class_named_dataset\dog_186.jpg,output/class_named_dataset/dog_186.jpg,dog
F:\NTSE\lab03\output\class_named_dataset\dog_187.jpg,output/class_named_dataset/dog_187.jpg,dog
F:\NTSE\lab03\output\class_named_dataset\dog_188.jpg,output/class_named_dataset/dog_188.jpg,dog
F:\NTSE\lab03\output\class_named_dataset\dog_189.jpg,output/class_named_dataset/dog_189.jpg,dog
F:\NTSE\lab03\output\class_named_dataset\dog_190.jpg,output/class_named_dataset/dog_190.jpg,dog
F:\NTSE\lab03\output\class_named_dataset\dog_191.jpg,output/class_named_dataset/dog_191.jpg,dog
F:\NTSE\lab03\output\class_named_dataset\dog_192.jpg,output/class_named_dataset/dog_192.jpg,dog
F:\NTSE\lab03\output\class_named_dataset\dog_193.jpg,output/class_named_dataset/dog_193.jpg,dog
F:\NTSE\lab03\output\class_named_dataset\dog_194.jpg,output/class_named_dataset/dog_194.jpg,dog
F:\NTSE\lab03\output\class_named_dataset\dog_195.jpg,output/class_named_dataset/dog_195.jpg,dog
F:\NTSE\lab03\output\class_named_dataset\dog_196.jpg,output/class_named_dataset/dog_196.jpg,dog
F:\NTSE\lab03\output\class_named_dataset\dog_197.jpg,output/class_named_dataset/dog_197.jpg,dog
F:\NTSE\lab03\output\class_named_dataset\dog_198.jpg,output/class_named_dataset/dog_198.jpg,dog
F:\NTSE\lab03\output\class_named_dataset\dog_199.jpg,output/class_named_dataset/dog_199.jpg,dog
F:\NTSE\lab03\output\class_named_dataset\dog_200.jpg,output/class_named_dataset/dog_200.jpg,dog
F:\NTSE\lab03\output\class_named_dataset\dog_201.jpg,output/class_named_dataset/dog_201.jpg,dog
F:\NTSE\lab03\output\class_named_dataset\dog_202.jpg,output/class_named_dataset/dog_202.jpg,dog
F:\NTSE\lab03\output\class_named_dataset\dog_203.jpg,output/class_named_dataset/dog_203.jpg,dog
F:\NTSE\lab03\output\class_named_dataset\dog_204.jpg,output/class_named_dataset/dog_204.jpg,dog
F:\NTSE\lab03\output\class_named_dataset\dog_205.jpg,output/class_named_dataset/dog_205.jpg,dog
F:\NTSE\lab03\output\class_named_dataset\dog_206.jpg,output/class_named_dataset/dog_206.jpg,dog
F:\NTSE\lab03\output\class_named_dataset\dog_207.jpg,output/class_named_dataset/dog_207.jpg,dog
F:\NTSE\lab03\output\class_named_dataset\dog_208.jpg,output/class_named_dataset/dog_208.jpg,dog
F:\NTSE\lab03\output\class_named_dataset\dog_209.jpg,output/class_named_dataset/dog_209.jpg,dog
F:\NTSE\lab03\output\class_named_dataset\dog_210.jpg,output/class_named_dataset/dog_210.jpg,dog
F:\NTSE\lab03\output\class_named_dataset\dog_211.jpg,output/class_named_dataset/dog_211.jpg,dog
F:\NTSE\lab03\output\class_named_dataset\dog_212.jpg,output/class_named_dataset/dog_212.jpg,dog
F:\NTSE\lab03\output\class_named_dataset\dog_213.jpg,output/class_named_dataset/dog_213.jpg,dog
F:\NTSE\lab03\output\class_named_dataset\dog_214.jpg,output/class_named_dataset/dog_214.jpg,dog
F:\NTSE\lab03\output\class_named_dataset\dog_215.jpg,output/class_named_dataset/dog_215.jpg,dog
F:\NTSE\lab03\output\class_named_dataset\dog_216.jpg,output/class_named_dataset/dog_216.jpg,dog
F:\NTSE\lab03\output\class_named_dataset\dog_217.jpg,output/class_named_dataset/dog_217.jpg,dog
F:\NTSE\lab03\output\class_named_dataset\dog_218.jpg,output/class_named_dataset/dog_218.jpg,dog
F:\NTSE\lab03\output\class_named_dataset\dog_219.jpg,output/class_named_dataset/dog_219.jpg,dog
F:\NTSE\lab03\output\class_named_dataset\dog_220.jpg,output/class_named_dataset/dog_220.jpg,dog
F:\NTSE\lab03\output\class_named_dataset\dog_221.jpg,output/class_named_dataset/dog_221.jpg,dog
F:\NTSE\lab03\output\class_named_dataset\dog_222.jpg,output/class_named_dataset/dog_222.jpg,dog
F:\NTSE\lab03\output\class_named_dataset\dog_223.jpg,output/class_named_dataset/dog_223.jpg,dog
F:\NTSE\lab03\output\class_named_dataset\dog_224.jpg,output/class_named_dataset/dog_224.jpg,dog
F:\NTSE\lab03\output\class_named_dataset\dog_225.jpg,output/class_named_dataset/dog_225.jpg,dog
F:\NTSE\lab03\output\class_named_dataset\dog_226.jpg,output/class_named_dataset/dog_226.jpg,dog
F:\NTSE\lab03\output\class_named_dataset\dog_227.jpg,output/class_named_dataset/dog_227.jpg,dog
F:\NTSE\lab03\output\class_named_dataset\dog_228.jpg,output/class_named_dataset/dog_228.jpg,dog
F:\NTSE\lab03\output\class_named_dataset\dog_229.jpg,output/class_named_dataset/dog_229.jpg,dog
F:\NTSE\lab03\output\class_named_dataset\dog_230.jpg,output/class_named_dataset/dog_230.jpg,dog
F:\NTSE\lab03\output\class_named_dataset\dog_231.jpg,output/class_named_dataset/dog_231.jpg,dog
F:\NTSE\lab03\output\class_named_dataset\dog_232.jpg,output/class_named_dataset/dog_232.jpg,dog
F:\NTSE\lab03\output\class_named_dataset\dog_233.jpg,output/class_named_dataset/dog_233.jpg,dog
F:\NTSE\lab03\output\class_named_dataset\dog_234.jpg,output/class_named_dataset/dog_234.jpg,dog
F:\NTSE\lab03\output\class_named_dataset\dog_235.jpg,output/class_named_dataset/dog_235.jpg,dog
F:\NTSE\lab03\output\class_named_dataset\dog_236.jpg,output/class_named_dataset/dog_236.jpg,dog
F:\NTSE\lab03\output\class_named_dataset\dog_237.jpg,output/class_named_dataset/dog_237.jpg,dog
F:\NTSE\lab03\output\class_named_dataset\dog_238.jpg,output/class_named_dataset/dog_238.jpg,dog
F:\NTSE\lab03\output\class_named_dataset\dog_239.jpg,output/class_named_dataset/dog_239.jpg,dog
F:\NTSE\lab03\output\class_named_dataset\dog_240.jpg,output/class_named_dataset/dog_240.jpg,dog
F:\NTSE\lab03\output\class_named_dataset\dog_241.jpg,output/class_named_dataset/dog_241.jpg,dog
F:\NTSE\lab03\output\class_named_dataset\dog_242.jpg,output/class_named_dataset/dog_242.jpg,dog
F:\NTSE\lab03\output\class_named_dataset\dog_243.jpg,output/class_named_dataset/dog_243.jpg,dog
F:\NTSE\lab03\output\class_named_dataset\dog_244.jpg,output/class_named_dataset/dog_244.jpg,dog
F:\NTSE\lab03\output\class_named_dataset\dog_245.jpg,output/class_named_dataset/dog_245.jpg,dog
F:\NTSE\lab03\output\class_named_dataset\dog_246.jpg,output/class_named_dataset/dog_246.jpg,dog
F:\NTSE\lab03\output\class_named_dataset\dog_247.jpg,output/class_named_dataset/dog_247.jpg,dog
F:\NTSE\lab03\output\class_named_dataset\dog_248.jpg,output/class_named_dataset/dog_248.jpg,dog
F:\NTSE\lab03\output\class_named_dataset\dog_249.jpg,output/class_named_dataset/dog_249.jpg,dog
F:\NTSE\lab03\output\class_named_dataset\dog_250.jpg,output/class_named_dataset/dog_250.jpg,dog
F:\NTSE\lab03\output\class_named_dataset\dog_251.jpg,output/class_named_dataset/dog_251.jpg,dog
F:\NTSE\lab03\output\class_named_dataset\dog_252.jpg,output/class_named_dataset/dog_252.jpg,dog
F:\NTSE\lab03\output\class_named_dataset\dog_253.jpg,output/class_named_dataset/dog_253.jpg,dog
F:\NTSE\lab03\output\class_named_dataset\dog_254.jpg,output/class_named_dataset/dog_254.jpg,dog
F:\NTSE\lab03\output\class_named_dataset\dog_255.jpg,output/class_named_dataset/dog_255.jpg,dog
F:\NTSE\lab03\output\class_named_dataset\dog_256.jpg,output/class_named_dataset/dog_256.jpg,dog
F:\NTSE\lab03\output\class_named_dataset\dog_257.jpg,output/class_named_dataset/dog_257.jpg,dog
F:\NTSE\lab03\output\class_named_dataset\dog_258.jpg,output/class_named_dataset/dog_258.jpg,dog
F:\NTSE\lab03\output\class_named_dataset\dog_259.jpg,output/class_named_dataset/dog_259.jpg,dog
F:\NTSE\lab03\output\class_named_dataset\dog_260.jpg,output/class_named_dataset/dog_260.jpg,dog
F:\NTSE\lab03\output\class_named_dataset\dog_261.jpg,output/class_named_dataset/dog_261.jpg,dog
F:\NTSE\lab03\output\class_named_dataset\dog_262.jpg,output/class_named_dataset/dog_262.jpg,dog
F:\NTSE\lab03\output\class_named_dataset\dog_263.jpg,output/class_named_dataset/dog_263.jpg,dog
F:\NTSE\lab03\output\class_named_dataset\dog_264.jpg,output/class_named_dataset/dog_264.jpg,dog
F:\NTSE\lab03\output\class_named_dataset\dog_265.jpg,output/class_named_dataset/dog_265.jpg,dog
F:\NTSE\lab03\output\class_named_dataset\dog_266.jpg,output/class_named_dataset/dog_266.jpg,dog
F:\NTSE\lab03\output\class_named_dataset\dog_267.jpg,output/class_named_dataset/dog_267.jpg,dog
F:\NTSE\lab03\output\class_named_dataset\dog_268.jpg,output/class_named_dataset/dog_268.jpg,dog
F:\NTSE\lab03\output\class_named_dataset\dog_269.jpg,output/class_named_dataset/dog_269.jpg,dog
F:\NTSE\lab03\output\class_named_dataset\dog_270.jpg,output/class_named_dataset/dog_270.jpg,dog
F:\NTSE\lab03\output\class_named_dataset\dog_271.jpg,output/class_named_dataset/dog_271.jpg,dog
F:\NTSE\lab03\output\class_named_dataset\dog_272.jpg,output/class_named_dataset/dog_272.jpg,dog
F:\NTSE\lab03\output\class_named_dataset\dog_273.jpg,output/class_named_dataset/dog_273.jpg,dog
F:\NTSE\lab03\output\class_named_dataset\dog_274.jpg,output/class_named_dataset/dog_274.jpg,dog
F:\NTSE\lab03\output\class_named_dataset\dog_275.jpg,output/class_named_dataset/dog_275.jpg,dog
F:\NTSE\lab03\output\class_named_dataset\dog_276.jpg,output/class_named_dataset/dog_276.jpg,dog
F:\NTSE\lab03\output\class_named_dataset\dog_277.jpg,output/class_named_dataset/dog_277.jpg,dog
F:\NTSE\lab03\output\class_named_dataset\dog_278.jpg,output/class_named_dataset/dog_278.jpg,dog
F:\NTSE\lab03\output\class_named_dataset\dog_279.jpg,output/class_named_dataset/dog_279.jpg,dog
F:\NTSE\lab03\output\class_named_dataset\dog_280.jpg,output/class_named_dataset/dog_280.jpg,dog
F:\NTSE\lab03\output\class_named_dataset\dog_281.jpg,output/class_named_dataset/dog_281.jpg,dog
F:\NTSE\lab03\output\class_named_dataset\dog_282.jpg,output/class_named_dataset/dog_282.jpg,dog
F:\NTSE\lab03\output\class_named_dataset\dog_283.jpg,output/class_named_dataset/dog_283.jpg,dog
F:\NTSE\lab03\output\class_named_dataset\dog_284.jpg,output/class_named_dataset/dog_284.jpg,dog
F:\NTSE\lab03\output\class_named_dataset\dog_285.jpg,output/class_named_dataset/dog_285.jpg,dog
F:\NTSE\lab03\output\class_named_dataset\dog_286.jpg,output/class_named_dataset/dog_286.jpg,dog
F:\NTSE\lab03\output\class_named_dataset\dog_287.jpg,output/class_named_dataset/dog_287.jpg,dog
F:\NTSE\lab03\output\class_named_dataset\dog_288.jpg,output/class_named_dataset/dog_288.jpg,dog
F:\NTSE\lab03\output\class_named_dataset\dog_289.jpg,output/class_named_dataset/dog_289.jpg,dog
F:\NTSE\lab03\output\class_named_dataset\dog_290.jpg,output/class_named_dataset/dog_290.jpg,dog
F:\NTSE\lab03\output\class_named_dataset\dog_291.jpg,output/class_named_dataset/dog_291.jpg,dog
F:\NTSE\lab03\output\class_named_dataset\dog_292.jpg,output/class_named_dataset/dog_292.jpg,dog
F:\NTSE\lab03\output\class_named_dataset\dog_293.jpg,output/class_named_dataset/dog_293.jpg,dog
F:\NTSE\lab03\output\class_named_dataset\dog_294.jpg,output/class_named_dataset/dog_294.jpg,dog
F:\NTSE\lab03\output\class_named_dataset\dog_295.jpg,output/class_named_dataset/dog_295.jpg,dog
F:\NTSE\lab03\output\class_named_dataset\dog_296.jpg,output/class_named_dataset/dog_296.jpg,dog
F:\NTSE\lab03\output\class_named_dataset\dog_297.jpg,output/class_named_dataset/dog_297.jpg,dog
F:\NTSE\lab03\output\class_named_dataset\dog_298.jpg,output/class_named_dataset/dog_298.jpg,dog
F:\NTSE\lab03\output\class_named_dataset\dog_299.jpg,output/class_named_dataset/dog_299.jpg,dog
F:\NTSE\lab03\output\class_named_dataset\dog_300.jpg,output/class_named_dataset/dog_300.jpg,dog
F:\NTSE\lab03\output\class_named_dataset\dog_301.jpg,output/class_named_dataset/dog_301.jpg,dog
F:\NTSE\lab03\output\class_named_dataset\dog_302.jpg,output/class_named_dataset/dog_302.jpg,dog
F:\NTSE\lab03\output\class_named_dataset\dog_303.jpg,output/class_named_dataset/dog_303.jpg,dog
F:\NTSE\lab03\output\class_named_dataset\dog_304.jpg,output/class_named_dataset/dog_304.jpg,dog
F:\NTSE\lab03\output\class_named_dataset\dog_305.jpg,output/class_named_dataset/dog_305.jpg,dog
F:\NTSE\lab03\output\class_named_dataset\dog_306.jpg,output/class_named_dataset/dog_306.jpg,dog
F:\NTSE\lab03\output\class_named_dataset\dog_307.jpg,output/class_named_dataset/dog_307.jpg,dog
F:\NTSE\lab03\output\class_named_dataset\dog_308.jpg,output/class_named_dataset/dog_308.jpg,dog
F:\NTSE\lab03\output\class_named_dataset\dog_309.jpg,output/class_named_dataset/dog_309.jpg,dog
F:\NTSE\lab03\output\class_named_dataset\dog_310.jpg,output/class_named_dataset/dog_310.jpg,dog
F:\NTSE\lab03\output\class_named_dataset\dog_311.jpg,output/class_named_dataset/dog_311.jpg,dog
F:\NTSE\lab03\output\class_named_dataset\dog_312.jpg,output/class_named_dataset/dog_312.jpg,dog
F:\NTSE\lab03\output\class_named_dataset\dog_313.jpg,output/class_named_dataset/dog_313.jpg,dog
F:\NTSE\lab03\output\class_named_dataset\dog_314.jpg,output/class_named_dataset/dog_314.jpg,dog
F:\NTSE\lab03\output\class_named_dataset\dog_315.jpg,output/class_named_dataset/dog_315.jpg,dog
F:\NTSE\lab03\output\class_named_dataset\dog_316.jpg,output/class_named_dataset/dog_316.jpg,dog
F:\NTSE\lab03\output\class_named_dataset\dog_317.jpg,output/class_named_dataset/dog_317.jpg,dog
F:\NTSE\lab03\output\class_named_dataset\dog_318.jpg,output/class_named_dataset/dog_318.jpg,dog
F:\NTSE\lab03\output\class_named_dataset\dog_319.jpg,output/class_named_dataset/dog_319.jpg,dog
F:\NTSE\lab03\output\class_named_dataset\dog_320.jpg,output/class_named_dataset/dog_320.jpg,dog
F:\NTSE\lab03\output\class_named_dataset\dog_321.jpg,output/class_named_dataset/dog_321.jpg,dog
F:\NTSE\lab03\output\class_named_dataset\dog_322.jpg,output/class_named_dataset/dog_322.jpg,dog
F:\NTSE\lab03\output\class_named_dataset\dog_323.jpg,output/class_named_dataset/dog_323.jpg,dog
F:\NTSE\lab03\output\class_named_dataset\dog_324.jpg,output/class_named_dataset/dog_324.jpg,dog
F:\NTSE\lab03\output\class_named_dataset\dog_325.jpg,output/class_named_dataset/dog_325.jpg,dog
F:\NTSE\lab03\output\class_named_dataset\dog_326.jpg,output/class_named_dataset/dog_326.jpg,dog
F:\NTSE\lab03\output\class_named_dataset\dog_327.jpg,output/class_named_dataset/dog_327.jpg,dog
F:\NTSE\lab03\output\class_named_dataset\dog_328.jpg,output/class_named_dataset/dog_328.jpg,dog
F:\NTSE\lab03\output\class_named_dataset\dog_329.jpg,output/class_named_dataset/dog_329.jpg,dog
F:\NTSE\lab03\output\class_named_dataset\dog_330.jpg,output/class_named_dataset/dog_330.jpg,dog
F:\NTSE\lab03\output\class_named_dataset\dog_331.jpg,output/class_named_dataset/dog_331.jpg,dog
F:\NTSE\lab03\output\class_named_dataset\dog_332.jpg,output/class_named_dataset/dog_332.jpg,dog
F:\NTSE\lab03\output\class_named_dataset\dog_333.jpg,output/class_named_dataset/dog_333.jpg,dog
F:\NTSE\lab03\output\class_named_dataset\dog_334.jpg,output/class_named_dataset/dog_334.jpg,dog
F:\NTSE\lab03\output\class_named_dataset\dog_335.jpg,output/class_named_dataset/dog_335.jpg,dog
F:\NTSE\lab03\output\class_named_dataset\dog_336.jpg,output/class_named_dataset/dog_336.jpg,dog
F:\NTSE\lab03\output\class_named_dataset\dog_337.jpg,output/class_named_dataset/dog_337.jpg,dog
F:\NTSE\lab03\output\class_named_dataset\dog_338.jpg,output/class_named_dataset/dog_338.jpg,dog
F:\NTSE\lab03\output\class_named_dataset\dog_339.jpg,output/class_named_dataset/dog_339.jpg,dog
F:\NTSE\lab03\output\class_named_dataset\dog_340.jpg,output/class_named_dataset/dog_340.jpg,dog
F:\NTSE\lab03\output\class_named_dataset\dog_341.jpg,output/class_named_dataset/dog_341.jpg,dog
F:\NTSE\lab03\output\class_named_dataset\dog_342.jpg,output/class_named_dataset/dog_342.jpg,dog
F:\NTSE\lab03\output\class_named_dataset\dog_343.jpg,output/class_named_dataset/dog_343.jpg,dog
F:\NTSE\lab03\output\class_named_dataset\dog_344.jpg,output/class_named_dataset/dog_344.jpg,dog
F:\NTSE\lab03\output\class_named_dataset\dog_345.jpg,output/class_named_dataset/dog_345.jpg,dog
F:\NTSE\lab03\output\class_named_dataset\dog_346.jpg,output/class_named_dataset/dog_346.jpg,dog
F:\NTSE\lab03\output\class_named_dataset\dog_347.jpg,output/class_named_dataset/dog_347.jpg,dog
F:\NTSE\lab03\output\class_named_dataset\dog_348.jpg,output/class_named_dataset/dog_348.jpg,dog
F:\NTSE\lab03\output\class_named_dataset\dog_349.jpg,output/class_named_dataset/dog_349.jpg,dog
F:\NTSE\lab03\output\class_named_dataset\dog_350.jpg,output/class_named_dataset/dog_350.jpg,dog
F:\NTSE\lab03\output\class_named_dataset\dog_351.jpg,output/class_named_dataset/dog_351.jpg,dog
F:\NTSE\lab03\output\class_named_dataset\dog_352.jpg,output/class_named_dataset/dog_352.jpg,dog
F:\NTSE\lab03\output\class_named_dataset\dog_353.jpg,output/class_named_dataset/dog_353.jpg,dog
F:\NTSE\lab03\output\class_named_dataset\dog_354.jpg,output/class_named_dataset/dog_354.jpg,dog
F:\NTSE\lab03\output\class_named_dataset\dog_355.jpg,output/class_named_dataset/dog_355.jpg,dog
F:\NTSE\lab03\output\class_named_dataset\dog_356.jpg,output/class_named_dataset/dog_356.jpg,dog
F:\NTSE\lab03\output\class_named_dataset\dog_357.jpg,output/class_named_dataset/dog_357.jpg,dog
F:\NTSE\lab03\output\class_named_dataset\dog_358.jpg,output/class_named_dataset/dog_358.jpg,dog
F:\NTSE\lab03\output\class_named_dataset\dog_359.jpg,output/class_named_dataset/dog_359.jpg,dog
F:\NTSE\lab03\output\class_named_dataset\dog_360.jpg,output/class_named_dataset/dog_360.jpg,dog
F:\NTSE\lab03\output\class_named_dataset\dog_361.jpg,output/class_named_dataset/dog_361.jpg,dog
F:\NTSE\lab03\output\class_named_dataset\dog_362.jpg,output/class_named_dataset/dog_362.jpg,dog
F:\NTSE\lab03\output\class_named_dataset\dog_363.jpg,output/class_named_dataset/dog_363.jpg,dog
F:\NTSE\lab03\output\class_named_dataset\dog_364.jpg,output/class_named_dataset/dog_364.jpg,dog
F:\NTSE\lab03\output\class_named_dataset\dog_365.jpg,output/class_named_dataset/dog_365.jpg,dog
F:\NTSE\lab03\output\class_named_dataset\dog_366.jpg,output/class_named_dataset/dog_366.jpg,dog
F:\NTSE\lab03\output\class_named_dataset\dog_367.jpg,output/class_named_dataset/dog_367.jpg,dog
F:\NTSE\lab03\output\class_named_dataset\dog_368.jpg,output/class_named_dataset/dog_368.jpg,dog
F:\NTSE\lab03\output\class_named_dataset\dog_369.jpg,output/class_named_dataset/dog_369.jpg,dog
F:\NTSE\lab03\output\class_named_dataset\dog_370.jpg,output/class_named_dataset/dog_370.jpg,dog
F:\NTSE\lab03\output\class_named_dataset\dog_371.jpg,output/class_named_dataset/dog_371.jpg,dog
F:\NTSE\lab03\output\class_named_dataset\dog_372.jpg,output/class_named_dataset/dog_372.jpg,dog
F:\NTSE\lab03\output\class_named_dataset\dog_373.jpg,output/class_named_dataset/dog_373.jpg,dog
F:\NTSE\lab03\output\class_named_dataset\dog_374.jpg,output/class_named_dataset/dog_374.jpg,dog
F:\NTSE\lab03\output\class_named_dataset\dog_375.jpg,output/class_named_dataset/dog_375.jpg,dog
F:\NTSE\lab03\output\class_named_dataset\dog_376.jpg,output/class_named_dataset/dog_376.jpg,dog
F:\NTSE\lab03\output\class_named_dataset\dog_377.jpg,output/class_named_dataset/dog_377.jpg,dog
F:\NTSE\lab03\output\class_named_dataset\dog_378.jpg,output/class_named_dataset/dog_378.jpg,dog
F:\NTSE\lab03\output\class_named_dataset\dog_379.jpg,output/class_named_dataset/dog_379.jpg,dog
F:\NTSE\lab03\output\class_named_dataset\dog_380.jpg,output/class_named_dataset/dog_380.jpg,dog
F:\NTSE\lab03\output\class_named_dataset\dog_381.jpg,output/class_named_dataset/dog_381.jpg,dog
F:\NTSE\lab03\output\class_named_dataset\dog_382.jpg,output/class_named_dataset/dog_382.jpg,dog
F:\NTSE\lab03\output\class_named_dataset\dog_383.jpg,output/class_named_dataset/dog_383.jpg,dog
F:\NTSE\lab03\output\class_named_dataset\dog_384.jpg,output/class_named_dataset/dog_384.jpg,dog
F:\NTSE\lab03\output\class_named_dataset\dog_385.jpg,output/class_named_dataset/dog_385.jpg,dog
F:\NTSE\lab03\output\class_named_dataset\dog_386.jpg,output/class_named_dataset/dog_386.jpg,dog
F:\NTSE\lab03\output\class_named_dataset\dog_387.jpg,output/class_named_dataset/dog_387.jpg,dog
F:\NTSE\lab03\output\class_named_dataset\dog_388.jpg,output/class_named_dataset/dog_388.jpg,dog
F:\NTSE\lab03\output\class_named_dataset\dog_389.jpg,output/class_named_dataset/dog_389.jpg,dog
F:\NTSE\lab03\output\class_named_dataset\dog_390.jpg,output/class_named_dataset/dog_390.jpg,dog
F:\NTSE\lab03\output\class_named_dataset\dog_391.jpg,output/class_named_dataset/dog_391.jpg,dog
F:\NTSE\lab03\output\class_named_dataset\dog_392.jpg,output/class_named_dataset/dog_392.jpg,dog
F:\NTSE\lab03\output\class_named_dataset\dog_393.jpg,output/class_named_dataset/dog_393.jpg,dog
F:\NTSE\lab03\output\class_named_dataset\dog_394.jpg,output/class_named_dataset/dog_394.jpg,dog
F:\NTSE\lab03\output\class_named_dataset\dog_395.jpg,output/class_named_dataset/dog_395.jpg,dog
F:\NTSE\lab03\output\class_named_dataset\dog_396.jpg,output/class_named_dataset/dog_396.jpg,dog
F:\NTSE\lab03\output\class_named_dataset\dog_397.jpg,output/class_named_dataset/dog_397.jpg,dog
F:\NTSE\lab03\output\class_named_dataset\dog_398.jpg,output/class_named_dataset/dog_398.jpg,dog
F:\NTSE\lab03\output\class_named_dataset\dog_399.jpg,output/class_named_dataset/dog_399.jpg,dog
F:\NTSE\lab03\output\class_named_dataset\dog_400.jpg,output/class_named_dataset/dog_400.jpg,dog
F:\NTSE\lab03\output\class_named_dataset\dog_401.jpg,output/class_named_dataset/dog_401.jpg,dog
F:\NTSE\lab03\output\class_named_dataset\dog_402.jpg,output/class_named_dataset/dog_402.jpg,dog
F:\NTSE\lab03\output\class_named_dataset\dog_403.jpg,output/class_named_dataset/dog_403.jpg,dog
F:\NTSE\lab03\output\class_named_dataset\dog_404.jpg,output/class_named_dataset/dog_404.jpg,dog
F:\NTSE\lab03\output\class_named_dataset\dog_405.jpg,output/class_named_dataset/dog_405.jpg,dog
F:\NTSE\lab03\output\class_named_dataset\dog_406.jpg,output/class_named_dataset/dog_406.jpg,dog
F:\NTSE\lab03\output\class_named_dataset\dog_407.jpg,output/class_named_dataset/dog_407.jpg,dog
F:\NTSE\lab03\output\class_named_dataset\dog_408.jpg,output/class_named_dataset/dog_408.jpg,dog
F:\NTSE\lab03\output\class_named_dataset\dog_409.jpg,output/class_named_dataset/dog_409.jpg,dog
F:\NTSE\lab03\output\class_named_dataset\dog_410.jpg,output/class_named_dataset/dog_410.jpg,dog
F:\NTSE\lab03\output\class_named_dataset\dog_411.jpg,output/class_named_dataset/dog_411.jpg,dog
F:\NTSE\lab03\output\class_named_dataset\dog_412.jpg,output/class_named_dataset/dog_412.jpg,dog
F:\NTSE\lab03\output\class_named_dataset\dog_413.jpg,output/class_named_dataset/dog_413.jpg,dog
F:\NTSE\lab03\output\class_named_dataset\dog_414.jpg,output/class_named_dataset/dog_414.jpg,dog
F:\NTSE\lab03\output\class_named_dataset\dog_415.jpg,output/class_named_dataset/dog_415.jpg,dog
F:\NTSE\lab03\output\class_named_dataset\dog_416.jpg,output/class_named_dataset/dog_416.jpg,dog
F:\NTSE\lab03\output\class_named_dataset\dog_417.jpg,output/class_named_dataset/dog_417.jpg,dog
F:\NTSE\lab03\output\class_named_dataset\dog_418.jpg,output/class_named_dataset/dog_418.jpg,dog
F:\NTSE\lab03\output\class_named_dataset\dog_419.jpg,output/class_named_dataset/dog_419.jpg,dog
F:\NTSE\lab03\output\class_named_dataset\dog_420.jpg,output/class_named_dataset/dog_420.jpg,dog
F:\NTSE\lab03\output\class_named_dataset\dog_421.jpg,output/class_named_dataset/dog_421.jpg,dog
F:\NTSE\lab03\output\class_named_dataset\dog_422.jpg,output/class_named_dataset/dog_422.jpg,dog
F:\NTSE\lab03\output\class_named_dataset\dog_423.jpg,output/class_named_dataset/dog_423.jpg,dog
F:\NTSE\lab03\output\class_named_dataset\dog_424.jpg,output/class_named_dataset/dog_424.jpg,dog
F:\NTSE\lab03\output\class_named_dataset\dog_425.jpg,output/class_named_dataset/dog_425.jpg,dog
F:\NTSE\lab03\output\class_named_dataset\dog_426.jpg,output/class_named_dataset/dog_426.jpg,dog
F:\NTSE\lab03\output\class_named_dataset\dog_427.jpg,output/class_named_dataset/dog_427.jpg,dog
F:\NTSE\lab03\output\class_named_dataset\dog_428.jpg,output/class_named_dataset/dog_428.jpg,dog
F:\NTSE\lab03\output\class_named_dataset\dog_429.jpg,output/class_named_dataset/dog_429.jpg,dog
F:\NTSE\lab03\output\class_named_dataset\dog_430.jpg,output/class_named_dataset/dog_430.jpg,dog
F:\NTSE\lab03\output\class_named_dataset\dog_431.jpg,output/class_named_dataset/dog_431.jpg,dog
F:\NTSE\lab03\output\class_named_dataset\dog_432.jpg,output/class_named_dataset/dog_432.jpg,dog
F:\NTSE\lab03\output\class_named_dataset\dog_433.jpg,output/class_named_dataset/dog_433.jpg,dog
F:\NTSE\lab03\output\class_named_dataset\dog_434.jpg,output/class_named_dataset/dog_434.jpg,dog
F:\NTSE\lab03\output\class_named_dataset\dog_435.jpg,output/class_named_dataset/dog_435.jpg,dog
F:\NTSE\lab03\output\class_named_dataset\dog_436.jpg,output/class_named_dataset/dog_436.jpg,dog
F:\NTSE\lab03\output\class_named_dataset\dog_437.jpg,output/class_named_dataset/dog_437.jpg,dog
F:\NTSE\lab03\output\class_named_dataset\dog_438.jpg,output/class_named_dataset/dog_438.jpg,dog
F:\NTSE\lab03\output\class_named_dataset\dog_439.jpg,output/class_named_dataset/dog_439.jpg,dog
F:\NTSE\lab03\output\class_named_dataset\dog_440.jpg,output/class_named_dataset/dog_440.jpg,dog
F:\NTSE\lab03\output\class_named_dataset\dog_441.jpg,output/class_named_dataset/dog_441.jpg,dog
F:\NTSE\lab03\output\class_named_dataset\dog_442.jpg,output/class_named_dataset/dog_442.jpg,dog
F:\NTSE\lab03\output\class_named_dataset\dog_443.jpg,output/class_named_dataset/dog_443.jpg,dog
F:\NTSE\lab03\output\class_named_dataset\dog_444.jpg,output/class_named_dataset/dog_444.jpg,dog
F:\NTSE\lab03\output\class_named_dataset\dog_445.jpg,output/class_named_dataset/dog_445.jpg,dog
F:\NTSE\lab03\output\class_named_dataset\dog_446.jpg,output/class_named_dataset/dog_446.jpg,dog
F:\NTSE\lab03\output\class_named_dataset\dog_447.jpg,output/class_named_dataset/dog_447.jpg,dog
F:\NTSE\lab03\output\class_named_dataset\dog_448.jpg,output/class_named_dataset/dog_448.jpg,dog
F:\NTSE\lab03\output\class_named_dataset\dog_449.jpg,output/class_named_dataset/dog_449.jpg,dog
F:\NTSE\lab03\output\class_named_dataset\dog_450.jpg,output/class_named_dataset/dog_450.jpg,dog
F:\NTSE\lab03\output\class_named_dataset\dog_451.jpg,output/class_named_dataset/dog_451.jpg,dog
F:\NTSE\lab03\output\class_named_dataset\dog_452.jpg,output/class_named_dataset/dog_452.jpg,dog
F:\NTSE\lab03\output\class_named_dataset\dog_453.jpg,output/class_named_dataset/dog_453.jpg,dog
F:\NTSE\lab03\output\class_named_dataset\dog_454.jpg,output/class_named_dataset/dog_454.jpg,dog
F:\NTSE\lab03\output\class_named_dataset\dog_455.jpg,output/class_named_dataset/dog_455.jpg,dog
F:\NTSE\lab03\output\class_named_dataset\dog_456.jpg,output/class_named_dataset/dog_456.jpg,dog
F:\NTSE\lab03\output\class_named_dataset\dog_457.jpg,output/class_named_dataset/dog_457.jpg,dog
F:\NTSE\lab03\output\class_named_dataset\dog_458.jpg,output/class_named_dataset/dog_458.jpg,dog
F:\NTSE\lab03\output\class_named_dataset\dog_459.jpg,output/class_named_dataset/dog_459.jpg,dog
F:\NTSE\lab03\output\class_named_dataset\dog_460.jpg,output/class_named_dataset/dog_460.jpg,dog
F:\NTSE\lab03\output\class_named_dataset\dog_461.jpg,output/class_named_dataset/dog_461.jpg,dog
F:\NTSE\lab03\output\class_named_dataset\dog_462.jpg,output/class_named_dataset/dog_462.jpg,dog
F:\NTSE\lab03\output\class_named_dataset\dog_463.jpg,output/class_named_dataset/dog_463.jpg,dog
F:\NTSE\lab03\output\class_named_dataset\dog_464.jpg,output/class_named_dataset/dog_464.jpg,dog
F:\NTSE\lab03\output\class_named_dataset\dog_465.jpg,output/class_named_dataset/dog_465.jpg,dog
F:\NTSE\lab03\output\class_named_dataset\dog_466.jpg,output/class_named_dataset/dog_466.jpg,dog
F:\NTSE\lab03\output\class_named_dataset\dog_467.jpg,output/class_named_dataset/dog_467.jpg,dog
F:\NTSE\lab03\output\class_named_dataset\dog_468.jpg,output/class_named_dataset/dog_468.jpg,dog
F:\NTSE\lab03\output\class_named_dataset\dog_469.jpg,output/class_named_dataset/dog_469.jpg,dog
F:\NTSE\lab03\output\class_named_dataset\dog_470.jpg,output/class_named_dataset/dog_470.jpg,dog
F:\NTSE\lab03\output\class_named_dataset\dog_471.jpg,output/class_named_dataset/dog_471.jpg,dog
F:\NTSE\lab03\output\class_named_dataset\dog_472.jpg,output/class_named_dataset/dog_472.jpg,dog
F:\NTSE\lab03\output\class_named_dataset\dog_473.jpg,output/class_named_dataset/dog_473.jpg,dog
F:\NTSE\lab03\output\class_named_dataset\dog_474.jpg,output/class_named_dataset/dog_474.jpg,dog
F:\NTSE\lab03\output\class_named_dataset\dog_475.jpg,output/class_named_dataset/dog_475.jpg,dog
F:\NTSE\lab03\output\class_named_dataset\dog_476.jpg,output/class_named_dataset/dog_476.jpg,dog
F:\NTSE\lab03\output\class_named_dataset\dog_477.jpg,output/class_named_dataset/dog_477.jpg,dog
F:\NTSE\lab03\output\class_named_dataset\dog_478.jpg,output/class_named_dataset/dog_478.jpg,dog
F:\NTSE\lab03\output\class_named_dataset\dog_479.jpg,output/class_named_dataset/dog_479.jpg,dog
F:\NTSE\lab03\output\class_named_dataset\dog_480.jpg,output/class_named_dataset/dog_480.jpg,dog
F:\NTSE\lab03\output\class_named_dataset\dog_481.jpg,output/class_named_dataset/dog_481.jpg,dog
F:\NTSE\lab03\output\class_named_dataset\dog_482.jpg,output/class_named_dataset/dog_482.jpg,dog
F:\NTSE\lab03\output\class_named_dataset\dog_483.jpg,output/class_named_dataset/dog_483.jpg,dog
F:\NTSE\lab03\output\class_named_dataset\dog_484.jpg,output/class_named_dataset/dog_484.jpg,dog
F:\NTSE\lab03\output\class_named_dataset\dog_485.jpg,output/class_named_dataset/dog_485.jpg,dog
F:\NTSE\lab03\output\class_named_dataset\dog_486.jpg,output/class_named_dataset/dog_486.jpg,dog
F:\NTSE\lab03\output\class_named_dataset\dog_487.jpg,output/class_named_dataset/dog_487.jpg,dog
F:\NTSE\lab03\output\class_named_dataset\dog_488.jpg,output/class_named_dataset/dog_488.jpg,dog
F:\NTSE\lab03\output\class_named_dataset\dog_489.jpg,output/class_named_dataset/dog_489.jpg,dog
F:\NTSE\lab03\output\class_named_dataset\dog_490.jpg,output/class_named_dataset/dog_490.jpg,dog
F:\NTSE\lab03\output\class_named_dataset\dog_491.jpg,output/class_named_dataset/dog_491.jpg,dog
F:\NTSE\lab03\output\class_named_dataset\dog_492.jpg,output/class_named_dataset/dog_492.jpg,dog
F:\NTSE\lab03\output\class_named_dataset\dog_493.jpg,output/class_named_dataset/dog_493.jpg,dog
F:\NTSE\lab03\output\class_named_dataset\dog_494.jpg,output/class_named_dataset/dog_494.jpg,dog
F:\NTSE\lab03\output\class_named_dataset\dog_495.jpg,output/class_named_dataset/dog_495.jpg,dog
F:\NTSE\lab03\output\class_named_dataset\dog_496.jpg,output/class_named_dataset/dog_496.jpg,dog
F:\NTSE\lab03\output\class_named_dataset\dog_497.jpg,output/class_named_dataset/dog_497.jpg,dog
F:\NTSE\lab03\output\class_named_dataset\dog_498.jpg,output/class_named_dataset/dog_498.jpg,dog
F:\NTSE\lab03\output\class_named_dataset\dog_499.jpg,output/class_named_dataset/dog_499.jpg,dog
F:\NTSE\lab03\output\class_named_dataset\dog_500.jpg,output/class_named_dataset/dog_500.jpg,dog
F:\NTSE\lab03\output\class_named_dataset\dog_501.jpg,output/class_named_dataset/dog_501.jpg,dog
F:\NTSE\lab03\output\class_named_dataset\dog_502.jpg,output/class_named_dataset/dog_502.jpg,dog
F:\NTSE\lab03\output\class_named_dataset\dog_503.jpg,output/class_named_dataset/dog_503.jpg,dog
F:\NTSE\lab03\output\class_named_dataset\dog_504.jpg,output/class_named_dataset/dog_504.jpg,dog
F:\NTSE\lab03\output\class_named_dataset\dog_505.jpg,output/class_named_dataset/dog_505.jpg,dog
F:\NTSE\lab03\output\class_named_dataset\dog_506.jpg,output/class_named_dataset/dog_506.jpg,dog
F:\NTSE\lab03\output\class_named_dataset\dog_507.jpg,output/class_named_dataset/dog_507.jpg,dog
F:\NTSE\lab03\output\class_named_dataset\dog_508.jpg,output/class_named_dataset/dog_508.jpg,dog
F:\NTSE\lab03\output\class_named_dataset\dog_509.jpg,output/class_named_dataset/dog_509.jpg,dog
F:\NTSE\lab03\output\class_named_dataset\dog_510.jpg,output/class_named_dataset/dog_510.jpg,dog
F:\NTSE\lab03\output\class_named_dataset\dog_511.jpg,output/class_named_dataset/dog_511.jpg,dog
F:\NTSE\lab03\output\class_named_dataset\dog_512.jpg,output/class_named_dataset/dog_512.jpg,dog
F:\NTSE\lab03\output\class_named_dataset\dog_513.jpg,output/class_named_dataset/dog_513.jpg,dog
F:\NTSE\lab03\output\class_named_dataset\dog_514.jpg,output/class_named_dataset/dog_514.jpg,dog
F:\NTSE\lab03\output\class_named_dataset\dog_515.jpg,output/class_named_dataset/dog_515.jpg,dog
F:\NTSE\lab03\output\class_named_dataset\dog_516.jpg,output/class_named_dataset/dog_516.jpg,dog
F:\NTSE\lab03\output\class_named_dataset\dog_517.jpg,output/class_named_dataset/dog_517.jpg,dog
F:\NTSE\lab03\output\class_named_dataset\dog_518.jpg,output/class_named_dataset/dog_518.jpg,dog
F:\NTSE\lab03\output\class_named_dataset\dog_519.jpg,output/class_named_dataset/dog_519.jpg,dog
F:\NTSE\lab03\output\class_named_dataset\dog_520.jpg,output/class_named_dataset/dog_520.jpg,dog
F:\NTSE\lab03\output\class_named_dataset\dog_521.jpg,output/class_named_dataset/dog_521.jpg,dog
F:\NTSE\lab03\output\class_named_dataset\dog_522.jpg,output/class_named_dataset/dog_522.jpg,dog
F:\NTSE\lab03\output\class_named_dataset\dog_523.jpg,output/class_named_dataset/dog_523.jpg,dog
F:\NTSE\lab03\output\class_named_dataset\dog_524.jpg,output/class_named_dataset/dog_524.jpg,dog
F:\NTSE\lab03\output\class_named_dataset\dog_525.jpg,output/class_named_dataset/dog_525.jpg,dog
F:\NTSE\lab03\output\class_named_dataset\dog_526.jpg,output/class_named_dataset/dog_526.jpg,dog
F:\NTSE\lab03\output\class_named_dataset\dog_527.jpg,output/class_named_dataset/dog_527.jpg,dog
F:\NTSE\lab03\output\class_named_dataset\dog_528.jpg,output/class_named_dataset/dog_528.jpg,dog
F:\NTSE\lab03\output\class_named_dataset\dog_529.jpg,output/class_named_dataset/dog_529.jpg,dog
F:\NTSE\lab03\output\class_named_dataset\dog_530.jpg,output/class_named_dataset/dog_530.jpg,dog
F:\NTSE\lab03\output\class_named_dataset\dog_531.jpg,output/class_named_dataset/dog_531.jpg,dog
F:\NTSE\lab03\output\class_named_dataset\dog_532.jpg,output/class_named_dataset/dog_532.jpg,dog
F:\NTSE\lab03\output\class_named_dataset\dog_533.jpg,output/class_named_dataset/dog_533.jpg,dog
F:\NTSE\lab03\output\class_named_dataset\dog_534.jpg,output/class_named_dataset/dog_534.jpg,dog
F:\NTSE\lab03\output\class_named_dataset\dog_535.jpg,output/class_named_dataset/dog_535.jpg,dog
F:\NTSE\lab03\output\class_named_dataset\dog_536.jpg,output/class_named_dataset/dog_536.jpg,dog
F:\NTSE\lab03\output\class_named_dataset\dog_537.jpg,output/class_named_dataset/dog_537.jpg,dog
F:\NTSE\lab03\output\class_named_dataset\dog_538.jpg,output/class_named_dataset/dog_538.jpg,dog
F:\NTSE\lab03\output\class_named_dataset\dog_539.jpg,output/class_named_dataset/dog_539.jpg,dog
F:\NTSE\lab03\output\class_named_dataset\dog_540.jpg,output/class_named_dataset/dog_540.jpg,dog
F:\NTSE\lab03\output\class_named_dataset\dog_541.jpg,output/class_named_dataset/dog_541.jpg,dog
F:\NTSE\lab03\output\class_named_dataset\dog_542.jpg,output/class_named_dataset/dog_542.jpg,dog
F:\NTSE\lab03\output\class_named_dataset\dog_543.jpg,output/class_named_dataset/dog_543.jpg,dog
F:\NTSE\lab03\output\class_named_dataset\dog_544.jpg,output/class_named_dataset/dog_544.jpg,dog
F:\NTSE\lab03\output\class_named_dataset\dog_545.jpg,output/class_named_dataset/dog_545.jpg,dog
F:\NTSE\lab03\output\class_named_dataset\dog_546.jpg,output/class_named_dataset/dog_546.jpg,dog
F:\NTSE\lab03\output\class_named_dataset\dog_547.jpg,output/class_named_dataset/dog_547.jpg,dog
F:\NTSE\lab03\output\class_named_dataset\dog_548.jpg,output/class_named_dataset/dog_548.jpg,dog
F:\NTSE\lab03\output\class_named_dataset\dog_549.jpg,output/class_named_dataset/dog_549.jpg,dog
F:\NTSE\lab03\output\class_named_dataset\dog_550.jpg,output/class_named_dataset/dog_550.jpg,dog
F:\NTSE\lab03\output\class_named_dataset\dog_551.jpg,output/class_named_dataset/dog_551.jpg,dog
F:\NTSE\lab03\output\class_named_dataset\dog_552.jpg,output/class_named_dataset/dog_552.jpg,dog
F:\NTSE\lab03\output\class_named_dataset\dog_553.jpg,output/class_named_dataset/dog_553.jpg,dog
F:\NTSE\lab03\output\class_named_dataset\dog_554.jpg,output/class_named_dataset/dog_554.jpg,dog
F:\NTSE\lab03\output\class_named_dataset\dog_555.jpg,output/class_named_dataset/dog_555.jpg,dog
F:\NTSE\lab03\output\class_named_dataset\dog_556.jpg,output/class_named_dataset/dog_556.jpg,dog
F:\NTSE\lab03\output\class_named_dataset\dog_557.jpg,output/class_named_dataset/dog_557.jpg,dog
F:\NTSE\lab03\output\class_named_dataset\dog_558.jpg,output/class_named_dataset/dog_558.jpg,dog
F:\NTSE\lab03\output\class_named_dataset\dog_559.jpg,output/class_named_dataset/dog_559.jpg,dog
F:\NTSE\lab03\output\class_named_dataset\dog_560.jpg,output/class_named_dataset/dog_560.jpg,dog
F:\NTSE\lab03\output\class_named_dataset\dog_561.jpg,output/class_named_dataset/dog_561.jpg,dog
F:\NTSE\lab03\output\class_named_dataset\dog_562.jpg,output/class_named_dataset/dog_562.jpg,dog
F:\NTSE\lab03\output\class_named_dataset\dog_563.jpg,output/class_named_dataset/dog_563.jpg,dog
F:\NTSE\lab03\output\class_named_dataset\dog_564.jpg,output/class_named_dataset/dog_564.jpg,dog
F:\NTSE\lab03\output\class_named_dataset\dog_565.jpg,output/class_named_dataset/dog_565.jpg,dog
F:\NTSE\lab03\output\class_named_dataset\dog_566.jpg,output/class_named_dataset/dog_566.jpg,dog
F:\NTSE\lab03\output\class_named_dataset\dog_567.jpg,output/class_named_dataset/dog_567.jpg,dog
F:\NTSE\lab03\output\class_named_dataset\dog_568.jpg,output/class_named_dataset/dog_568.jpg,dog
F:\NTSE\lab03\output\class_named_dataset\dog_569.jpg,output/class_named_dataset/dog_569.jpg,dog
F:\NTSE\lab03\output\class_named_dataset\dog_570.jpg,output/class_named_dataset/dog_570.jpg,dog
F:\NTSE\lab03\output\class_named_dataset\dog_571.jpg,output/class_named_dataset/dog_571.jpg,dog
F:\NTSE\lab03\output\class_named_dataset\dog_572.jpg,output/class_named_dataset/dog_572.jpg,dog
F:\NTSE\lab03\output\class_named_dataset\dog_573.jpg,output/class_named_dataset/dog_573.jpg,dog
F:\NTSE\lab03\output\class_named_dataset\dog_574.jpg,output/class_named_dataset/dog_574.jpg,dog
F:\NTSE\lab03\output\class_named_dataset\dog_575.jpg,output/class_named_dataset/dog_575.jpg,dog
F:\NTSE\lab03\output\class_named_dataset\dog_576.jpg,output/class_named_dataset/dog_576.jpg,dog
F:\NTSE\lab03\output\class_named_dataset\dog_577.jpg,output/class_named_dataset/dog_577.jpg,dog
F:\NTSE\lab03\output\class_named_dataset\dog_578.jpg,output/class_named_dataset/dog_578.jpg,dog
F:\NTSE\lab03\output\class_named_dataset\dog_579.jpg,output/class_named_dataset/dog_579.jpg,dog
F:\NTSE\lab03\output\class_named_dataset\dog_580.jpg,output/class_named_dataset/dog_580.jpg,dog
F:\NTSE\lab03\output\class_named_dataset\dog_581.jpg,output/class_named_dataset/dog_581.jpg,dog
F:\NTSE\lab03\output\class_named_dataset\dog_582.jpg,output/class_named_dataset/dog_582.jpg,dog
F:\NTSE\lab03\output\class_named_dataset\dog_583.jpg,output/class_named_dataset/dog_583.jpg,dog
F:\NTSE\lab03\output\class_named_dataset\dog_584.jpg,output/class_named_dataset/dog_584.jpg,dog
F:\NTSE\lab03\output\class_named_dataset\dog_585.jpg,output/class_named_dataset/dog_585.jpg,dog
F:\NTSE\lab03\output\class_named_dataset\dog_586.jpg,output/class_named_dataset/dog_586.jpg,dog
F:\NTSE\lab03\output\class_named_dataset\dog_587.jpg,output/class_named_dataset/dog_587.jpg,dog
F:\NTSE\lab03\output\class_named_dataset\dog_588.jpg,output/class_named_dataset/dog_588.jpg,dog
F:\NTSE\lab03\output\class_named_dataset\dog_589.jpg,output/class_named_dataset/dog_589.jpg,dog
F:\NTSE\lab03\output\class_named_dataset\dog_590.jpg,output/class_named_dataset/dog_590.jpg,dog
F:\NTSE\lab03\output\class_named_dataset\dog_591.jpg,output/class_named_dataset/dog_591.jpg,dog
F:\NTSE\lab03\output\class_named_dataset\dog_592.jpg,output/class_named_dataset/dog_592.jpg,dog
F:\NTSE\lab03\output\class_named_dataset\dog_593.jpg,output/class_named_dataset/dog_593.jpg,dog
F:\NTSE\lab03\output\class_named_dataset\dog_594.jpg,output/class_named_dataset/dog_594.jpg,dog
F:\NTSE\lab03\output\class_named_dataset\dog_595.jpg,output/class_named_dataset/dog_595.jpg,dog
F:\NTSE\lab03\output\class_named_dataset\dog_596.jpg,output/class_named_dataset/dog_596.jpg,dog
F:\NTSE\lab03\output\class_named_dataset\dog_597.jpg,output/class_named_dataset/dog_597.jpg,dog
F:\NTSE\lab03\output\class_named_dataset\dog_598.jpg,output/class_named_dataset/dog_598.jpg,dog
F:\NTSE\lab03\output\class_named_dataset\dog_599.jpg,output/class_named_dataset/dog_599.jpg,dog
F:\NTSE\lab03\output\class_named_dataset\dog_600.jpg,output/class_named_dataset/dog_600.jpg,dog
F:\NTSE\lab03\output\class_named_dataset\dog_601.jpg,output/class_named_dataset/dog_601.jpg,dog
F:\NTSE\lab03\output\class_named_dataset\dog_602.jpg,output/class_named_dataset/dog_602.jpg,dog
F:\NTSE\lab03\output\class_named_dataset\dog_603.jpg,output/class_named_dataset/dog_603.jpg,dog
F:\NTSE\lab03\output\class_named_dataset\dog_604.jpg,output/class_named_dataset/dog_604.jpg,dog
F:\NTSE\lab03\output\class_named_dataset\dog_605.jpg,output/class_named_dataset/dog_605.jpg,dog
F:\NTSE\lab03\output\class_named_dataset\dog_606.jpg,output/class_named_dataset/dog_606.jpg,dog
F:\NTSE\lab03\output\class_named_dataset\dog_607.jpg,output/class_named_dataset/dog_607.jpg,dog
F:\NTSE\lab03\output\class_named_dataset\dog_608.jpg,output/class_named_dataset/dog_608.jpg,dog
F:\NTSE\lab03\output\class_named_dataset\dog_609.jpg,output/class_named_dataset/dog_609.jpg,dog
F:\NTSE\lab03\output\class_named_dataset\dog_610.jpg,output/class_named_dataset/dog_610.jpg,dog
F:\NTSE\lab03\output\class_named_dataset\dog_611.jpg,output/class_named_dataset/dog_611.jpg,dog
F:\NTSE\lab03\output\class_named_dataset\dog_612.jpg,output/class_named_dataset/dog_612.jpg,dog
F:\NTSE\lab03\output\class_named_dataset\dog_613.jpg,output/class_named_dataset/dog_613.jpg,dog
F:\NTSE\lab03\output\class_named_dataset\dog_614.jpg,output/class_named_dataset/dog_614.jpg,dog
F:\NTSE\lab03\output\class_named_dataset\dog_615.jpg,output/class_named_dataset/dog_615.jpg,dog
F:\NTSE\lab03\output\class_named_dataset\dog_616.jpg,output/class_named_dataset/dog_616.jpg,dog
F:\NTSE\lab03\output\class_named_dataset\dog_617.jpg,output/class_named_dataset/dog_617.jpg,dog
F:\NTSE\lab03\output\class_named_dataset\dog_618.jpg,output/class_named_dataset/dog_618.jpg,dog
F:\NTSE\lab03\output\class_named_dataset\dog_619.jpg,output/class_named_dataset/dog_619.jpg,dog
F:\NTSE\lab03\output\class_named_dataset\dog_620.jpg,output/class_named_dataset/dog_620.jpg,dog
F:\NTSE\lab03\output\class_named_dataset\dog_621.jpg,output/class_named_dataset/dog_621.jpg,dog
F:\NTSE\lab03\output\class_named_dataset\dog_622.jpg,output/class_named_dataset/dog_622.jpg,dog
F:\NTSE\lab03\output\class_named_dataset\dog_623.jpg,output/class_named_dataset/dog_623.jpg,dog
F:\NTSE\lab03\output\class_named_dataset\dog_624.jpg,output/class_named_dataset/dog_624.jpg,dog
F:\NTSE\lab03\output\class_named_dataset\dog_625.jpg,output/class_named_dataset/dog_625.jpg,dog
F:\NTSE\lab03\output\class_named_dataset\dog_626.jpg,output/class_named_dataset/dog_626.jpg,dog
F:\NTSE\lab03\output\class_named_dataset\dog_627.jpg,output/class_named_dataset/dog_627.jpg,dog
F:\NTSE\lab03\output\class_named_dataset\dog_628.jpg,output/class_named_dataset/dog_628.jpg,dog
F:\NTSE\lab03\output\class_named_dataset\dog_629.jpg,output/class_named_dataset/dog_629.jpg,dog
F:\NTSE\lab03\output\class_named_dataset\dog_630.jpg,output/class_named_dataset/dog_630.jpg,dog
F:\NTSE\lab03\output\class_named_dataset\dog_631.jpg,output/class_named_dataset/dog_631.jpg,dog
F:\NTSE\lab03\output\class_named_dataset\dog_632.jpg,output/class_named_dataset/dog_632.jpg,dog
F:\NTSE\lab03\output\class_named_dataset\dog_633.jpg,output/class_named_dataset/dog_633.jpg,dog
F:\NTSE\lab03\output\class_named_dataset\dog_634.jpg,output/class_named_dataset/dog_634.jpg,dog
F:\NTSE\lab03\output\class_named_dataset\dog_635.jpg,output/class_named_dataset/dog_635.jpg,dog
F:\NTSE\lab03\output\class_named_dataset\dog_636.jpg,output/class_named_dataset/dog_636.jpg,dog
F:\NTSE\lab03\output\class_named_dataset\dog_637.jpg,output/class_named_dataset/dog_637.jpg,dog
F:\NTSE\lab03\output\class_named_dataset\dog_638.jpg,output/class_named_dataset/dog_638.jpg,dog
F:\NTSE\lab03\output\class_named_dataset\dog_639.jpg,output/class_named_dataset/dog_639.jpg,dog
F:\NTSE\lab03\output\class_named_dataset\dog_640.jpg,output/class_named_dataset/dog_640.jpg,dog
F:\NTSE\lab03\output\class_named_dataset\dog_641.jpg,output/class_named_dataset/dog_641.jpg,dog
F:\NTSE\lab03\output\class_named_dataset\dog_642.jpg,output/class_named_dataset/dog_642.jpg,dog
F:\NTSE\lab03\output\class_named_dataset\dog_643.jpg,output/class_named_dataset/dog_643.jpg,dog
F:\NTSE\lab03\output\class_named_dataset\dog_644.jpg,output/class_named_dataset/dog_644.jpg,dog
F:\NTSE\lab03\output\class_named_dataset\dog_645.jpg,output/class_named_dataset/dog_645.jpg,dog
F:\NTSE\lab03\output\class_named_dataset\dog_646.jpg,output/class_named_dataset/dog_646.jpg,dog
F:\NTSE\lab03\output\class_named_dataset\dog_647.jpg,output/class_named_dataset/dog_647.jpg,dog
F:\NTSE\lab03\output\class_named_dataset\dog_648.jpg,output/class_named_dataset/dog_648.jpg,dog
F:\NTSE\lab03\output\class_named_dataset\dog_649.jpg,output/class_named_dataset/dog_649.jpg,dog
F:\NTSE\lab03\output\class_named_dataset\dog_650.jpg,output/class_named_dataset/dog_650.jpg,dog
F:\NTSE\lab03\output\class_named_dataset\dog_651.jpg,output/class_named_dataset/dog_651.jpg,dog
F:\NTSE\lab03\output\class_named_dataset\dog_652.jpg,output/class_named_dataset/dog_652.jpg,dog
F:\NTSE\lab03\output\class_named_dataset\dog_653.jpg,output/class_named_dataset/dog_653.jpg,dog
F:\NTSE\lab03\output\class_named_dataset\dog_654.jpg,output/class_named_dataset/dog_654.jpg,dog
F:\NTSE\lab03\output\class_named_dataset\dog_655.jpg,output/class_named_dataset/dog_655.jpg,dog
F:\NTSE\lab03\output\class_named_dataset\dog_656.jpg,output/class_named_dataset/dog_656.jpg,dog
F:\NTSE\lab03\output\class_named_dataset\dog_657.jpg,output/class_named_dataset/dog_657.jpg,dog
F:\NTSE\lab03\output\class_named_dataset\dog_658.jpg,output/class_named_dataset/dog_658.jpg,dog
F:\NTSE\lab03\output\class_named_dataset\dog_659.jpg,output/class_named_dataset/dog_659.jpg,dog
F:\NTSE\lab03\output\class_named_dataset\dog_660.jpg,output/class_named_dataset/dog_660.jpg,dog
F:\NTSE\lab03\output\class_named_dataset\dog_661.jpg,output/class_named_dataset/dog_661.jpg,dog
F:\NTSE\lab03\output\class_named_dataset\dog_662.jpg,output/class_named_dataset/dog_662.jpg,dog
F:\NTSE\lab03\output\class_named_dataset\dog_663.jpg,output/class_named_dataset/dog_663.jpg,dog
F:\NTSE\lab03\output\class_named_dataset\dog_664.jpg,output/class_named_dataset/dog_664.jpg,dog
F:\NTSE\lab03\output\class_named_dataset\dog_665.jpg,output/class_named_dataset/dog_665.jpg,dog
F:\NTSE\lab03\output\class_named_dataset\dog_666.jpg,output/class_named_dataset/dog_666.jpg,dog
F:\NTSE\lab03\output\class_named_dataset\dog_667.jpg,output/class_named_dataset/dog_667.jpg,dog
F:\NTSE\lab03\output\class_named_dataset\dog_668.jpg,output/class_named_dataset/dog_668.jpg,dog
F:\NTSE\lab03\output\class_named_dataset\dog_669.jpg,output/class_named_dataset/dog_669.jpg,dog
F:\NTSE\lab03\output\class_named_dataset\dog_670.jpg,output/class_named_dataset/dog_670.jpg,dog
F:\NTSE\lab03\output\class_named_dataset\dog_671.jpg,output/class_named_dataset/dog_671.jpg,dog
F:\NTSE\lab03\output\class_named_dataset\dog_672.jpg,output/class_named_dataset/dog_672.jpg,dog
F:\NTSE\lab03\output\class_named_dataset\dog_673.jpg,output/class_named_dataset/dog_673.jpg,dog
F:\NTSE\lab03\output\class_named_dataset\dog_674.jpg,output/class_named_dataset/dog_674.jpg,dog
F:\NTSE\lab03\output\class_named_dataset\dog_675.jpg,output/class_named_dataset/dog_675.jpg,dog
F:\NTSE\lab03\output\class_named_dataset\dog_676.jpg,output/class_named_dataset/dog_676.jpg,dog
F:\NTSE\lab03\output\class_named_dataset\dog_677.jpg,output/class_named_dataset/dog_677.jpg,dog
F:\NTSE\lab03\output\class_named_dataset\dog_678.jpg,output/class_named_dataset/dog_678.jpg,dog
F:\NTSE\lab03\output\class_named_dataset\dog_679.jpg,output/class_named_dataset/dog_679.jpg,dog
F:\NTSE\lab03\output\class_named_dataset\dog_680.jpg,output/class_named_dataset/dog_680.jpg,dog
F:\NTSE\lab03\output\class_named_dataset\dog_681.jpg,output/class_named_dataset/dog_681.jpg,dog
F:\NTSE\lab03\output\class_named_dataset\dog_682.jpg,output/class_named_dataset/dog_682.jpg,dog
F:\NTSE\lab03\output\class_named_dataset\dog_683.jpg,output/class_named_dataset/dog_683.jpg,dog
F:\NTSE\lab03\output\class_named_dataset\dog_684.jpg,output/class_named_dataset/dog_684.jpg,dog
F:\NTSE\lab03\output\class_named_dataset\dog_685.jpg,output/class_named_dataset/dog_685.jpg,dog
F:\NTSE\lab03\output\class_named_dataset\dog_686.jpg,output/class_named_dataset/dog_686.jpg,dog
F:\NTSE\lab03\output\class_named_dataset\dog_687.jpg,output/class_named_dataset/dog_687.jpg,dog
F:\NTSE\lab03\output\class_named_dataset\dog_688.jpg,output/class_named_dataset/dog_688.jpg,dog
F:\NTSE\lab03\output\class_named_dataset\dog_689.jpg,output/class_named_dataset/dog_689.jpg,dog
F:\NTSE\lab03\output\class_named_dataset\dog_690.jpg,output/class_named_dataset/dog_690.jpg,dog
F:\NTSE\lab03\output\class_named_dataset\dog_691.jpg,output/class_named_dataset/dog_691.jpg,dog
F:\NTSE\lab03\output\class_named_dataset\dog_692.jpg,output/class_named_dataset/dog_692.jpg,dog
F:\NTSE\lab03\output\class_named_dataset\dog_693.jpg,output/class_named_dataset/dog_693.jpg,dog
F:\NTSE\lab03\output\class_named_dataset\dog_694.jpg,output/class_named_dataset/dog_694.jpg,dog
F:\NTSE\lab03\output\class_named_dataset\dog_695.jpg,output/class_named_dataset/dog_695.jpg,dog
F:\NTSE\lab03\output\class_named_dataset\dog_696.jpg,output/class_named_dataset/dog_696.jpg,dog
F:\NTSE\lab03\output\class_named_dataset\dog_697.jpg,output/class_named_dataset/dog_697.jpg,dog
F:\NTSE\lab03\output\class_named_dataset\dog_698.jpg,output/class_named_dataset/dog_698.jpg,dog
F:\NTSE\lab03\output\class_named_dataset\dog_699.jpg,output/class_named_dataset/dog_699.jpg,dog
F:\NTSE\lab03\output\class_named_dataset\dog_700.jpg,output/class_named_dataset/dog_700.jpg,dog
F:\NTSE\lab03\output\class_named_dataset\dog_701.jpg,output/class_named_dataset/dog_701.jpg,dog
F:\NTSE\lab03\output\class_named_dataset\dog_702.jpg,output/class_named_dataset/dog_702.jpg,dog
F:\NTSE\lab03\output\class_named_dataset\dog_703.jpg,output/class_named_dataset/dog_703.jpg,dog
F:\NTSE\lab03\output\class_named_dataset\dog_704.jpg,output/class_named_dataset/dog_704.jpg,dog
F:\NTSE\lab03\output\class_named_dataset\dog_705.jpg,output/class_named_dataset/dog_705.jpg,dog
F:\NTSE\lab03\output\class_named_dataset\dog_706.jpg,output/class_named_dataset/dog_706.jpg,dog
F:\NTSE\lab03\output\class_named_dataset\dog_707.jpg,output/class_named_dataset/dog_707.jpg,dog
F:\NTSE\lab03\output\class_named_dataset\dog_708.jpg,output/class_named_dataset/dog_708.jpg,dog
F:\NTSE\lab03\output\class_named_dataset\dog_709.jpg,output/class_named_dataset/dog_709.jpg,dog
F:\NTSE\lab03\output\class_named_dataset\dog_710.jpg,output/class_named_dataset/dog_710.jpg,dog
F:\NTSE\lab03\output\class_named_dataset\dog_711.jpg,output/class_named_dataset/dog_711.jpg,dog
F:\NTSE\lab03\output\class_named_dataset\dog_712.jpg,output/class_named_dataset/dog_712.jpg,dog
F:\NTSE\lab03\output\class_named_dataset\dog_713.jpg,output/class_named_dataset/dog_713.jpg,dog
F:\NTSE\lab03\output\class_named_dataset\dog_714.jpg,output/class_named_dataset/dog_714.jpg,dog
F:\NTSE\lab03\output\class_named_dataset\dog_715.jpg,output/class_named_dataset/dog_715.jpg,dog
F:\NTSE\lab03\output\class_named_dataset\dog_716.jpg,output/class_named_dataset/dog_716.jpg,dog
F:\NTSE\lab03\output\class_named_dataset\dog_717.jpg,output/class_named_dataset/dog_717.jpg,dog
F:\NTSE\lab03\output\class_named_dataset\dog_718.jpg,output/class_named_dataset/dog_718.jpg,dog
F:\NTSE\lab03\output\class_named_dataset\dog_719.jpg,output/class_named_dataset/dog_719.jpg,dog
F:\NTSE\lab03\output\class_named_dataset\dog_720.jpg,output/class_named_dataset/dog_720.jpg,dog
F:\NTSE\lab03\output\class_named_dataset\dog_721.jpg,output/class_named_dataset/dog_721.jpg,dog
F:\NTSE\lab03\output\class_named_dataset\dog_722.jpg,output/class_named_dataset/dog_722.jpg,dog
F:\NTSE\lab03\output\class_named_dataset\dog_723.jpg,output/class_named_dataset/dog_723.jpg,dog
F:\NTSE\lab03\output\class_named_dataset\dog_724.jpg,output/class_named_dataset/dog_724.jpg,dog
F:\NTSE\lab03\output\class_named_dataset\dog_725.jpg,output/class_named_dataset/dog_725.jpg,dog
F:\NTSE\lab03\output\class_named_dataset\dog_726.jpg,output/class_named_dataset/dog_726.jpg,dog
F:\NTSE\lab03\output\class_named_dataset\dog_727.jpg,output/class_named_dataset/dog_727.jpg,dog
F:\NTSE\lab03\output\class_named_dataset\dog_728.jpg,output/class_named_dataset/dog_728.jpg,dog
F:\NTSE\lab03\output\class_named_dataset\dog_729.jpg,output/class_named_dataset/dog_729.jpg,dog
F:\NTSE\lab03\output\class_named_dataset\dog_730.jpg,output/class_named_dataset/dog_730.jpg,dog
F:\NTSE\lab03\output\class_named_dataset\dog_731.jpg,output/class_named_dataset/dog_731.jpg,dog
F:\NTSE\lab03\output\class_named_dataset\dog_732.jpg,output/class_named_dataset/dog_732.jpg,dog
F:\NTSE\lab03\output\class_named_dataset\dog_733.jpg,output/class_named_dataset/dog_733.jpg,dog
F:\NTSE\lab03\output\class_named_dataset\dog_734.jpg,output/class_named_dataset/dog_734.jpg,dog
F:\NTSE\lab03\output\class_named_dataset\dog_735.jpg,output/class_named_dataset/dog_735.jpg,dog
F:\NTSE\lab03\output\class_named_dataset\dog_736.jpg,output/class_named_dataset/dog_736.jpg,dog
F:\NTSE\lab03\output\class_named_dataset\dog_737.jpg,output/class_named_dataset/dog_737.jpg,dog
F:\NTSE\lab03\output\class_named_dataset\dog_738.jpg,output/class_named_dataset/dog_738.jpg,dog
F:\NTSE\lab03\output\class_named_dataset\dog_739.jpg,output/class_named_dataset/dog_739.jpg,dog
F:\NTSE\lab03\output\class_named_dataset\dog_740.jpg,output/class_named_dataset/dog_740.jpg,dog
F:\NTSE\lab03\output\class_named_dataset\dog_741.jpg,output/class_named_dataset/dog_741.jpg,dog
F:\NTSE\lab03\output\class_named_dataset\dog_742.jpg,output/class_named_dataset/dog_742.jpg,dog
F:\NTSE\lab03\output\class_named_dataset\dog_743.jpg,output/class_named_dataset/dog_743.jpg,dog
F:\NTSE\lab03\output\class_named_dataset\dog_744.jpg,output/class_named_dataset/dog_744.jpg,dog
F:\NTSE\lab03\output\class_named_dataset\dog_745.jpg,output/class_named_dataset/dog_745.jpg,dog
F:\NTSE\lab03\output\class_named_dataset\dog_746.jpg,output/class_named_dataset/dog_746.jpg,dog
F:\NTSE\lab03\output\class_named_dataset\dog_747.jpg,output/class_named_dataset/dog_747.jpg,dog
F:\NTSE\lab03\output\class_named_dataset\dog_748.jpg,output/class_named_dataset/dog_748.jpg,dog
F:\NTSE\lab03\output\class_named_dataset\dog_749.jpg,output/class_named_dataset/dog_749.jpg,dog
F:\NTSE\lab03\output\class_named_dataset\dog_750.jpg,output/class_named_dataset/dog_750.jpg,dog
F:\NTSE\lab03\output\class_named_dataset\dog_751.jpg,output/class_named_dataset/dog_751.jpg,dog
F:\NTSE\lab03\output\class_named_dataset\dog_752.jpg,output/class_named_dataset/dog_752.jpg,dog
F:\NTSE\lab03\output\class_named_dataset\dog_753.jpg,output/class_named_dataset/dog_753.jpg,dog
F:\NTSE\lab03\output\class_named_dataset\dog_754.jpg,output/class_named_dataset/dog_754.jpg,dog
F:\NTSE\lab03\output\class_named_dataset\dog_755.jpg,output/class_named_dataset/dog_755.jpg,dog
F:\NTSE\lab03\output\class_named_dataset\dog_756.jpg,output/class_named_dataset/dog_756.jpg,dog
F:\NTSE\lab03\output\class_named_dataset\dog_757.jpg,output/class_named_dataset/dog_757.jpg,dog
F:\NTSE\lab03\output\class_named_dataset\dog_758.jpg,output/class_named_dataset/dog_758.jpg,dog
F:\NTSE\lab03\output\class_named_dataset\dog_759.jpg,output/class_named_dataset/dog_759.jpg,dog
F:\NTSE\lab03\output\class_named_dataset\dog_760.jpg,output/class_named_dataset/dog_760.jpg,dog
F:\NTSE\lab03\output\class_named_dataset\dog_761.jpg,output/class_named_dataset/dog_761.jpg,dog
F:\NTSE\lab03\output\class_named_dataset\dog_762.jpg,output/class_named_dataset/dog_762.jpg,dog
F:\NTSE\lab03\output\class_named_dataset\dog_763.jpg,output/class_named_dataset/dog_763.jpg,dog
F:\NTSE\lab03\output\class_named_dataset\dog_764.jpg,output/class_named_dataset/dog_764.jpg,dog
F:\NTSE\lab03\output\class_named_dataset\dog_765.jpg,output/class_named_dataset/dog_765.jpg,dog
F:\NTSE\lab03\output\class_named_dataset\dog_766.jpg,output/class_named_dataset/dog_766.jpg,dog
F:\NTSE\lab03\output\class_named_dataset\dog_767.jpg,output/class_named_dataset/dog_767.jpg,dog
F:\NTSE\lab03\output\class_named_dataset\dog_768.jpg,output/class_named_dataset/dog_768.jpg,dog
F:\NTSE\lab03\output\class_named_dataset\dog_769.jpg,output/class_named_dataset/dog_769.jpg,dog
F:\NTSE\lab03\output\class_named_dataset\dog_770.jpg,output/class_named_dataset/dog_770.jpg,dog
F:\NTSE\lab03\output\class_named_dataset\dog_771.jpg,output/class_named_dataset/dog_771.jpg,dog
F:\NTSE\lab03\output\class_named_dataset\dog_772.jpg,output/class_named_dataset/dog_772.jpg,dog
F:\NTSE\lab03\output\class_named_dataset\dog_773.jpg,output/class_named_dataset/dog_773.jpg,dog
F:\NTSE\lab03\output\class_named_dataset\dog_774.jpg,output/class_named_dataset/dog_774.jpg,dog
F:\NTSE\lab03\output\class_named_dataset\dog_775.jpg,output/class_named_dataset/dog_775.jpg,dog
F:\NTSE\lab03\output\class_named_dataset\dog_776.jpg,output/class_named_dataset/dog_776.jpg,dog
F:\NTSE\lab03\output\class_named_dataset\dog_777.jpg,output/class_named_dataset/dog_777.jpg,dog
F:\NTSE\lab03\output\class_named_dataset\dog_778.jpg,output/class_named_dataset/dog_778.jpg,dog
F:\NTSE\lab03\output\class_named_dataset\dog_779.jpg,output/class_named_dataset/dog_779.jpg,dog
F:\NTSE\lab03\output\class_named_dataset\dog_780.jpg,output/class_named_dataset/dog_780.jpg,dog
F:\NTSE\lab03\output\class_named_dataset\dog_781.jpg,output/class_named_dataset/dog_781.jpg,dog
F:\NTSE\lab03\output\class_named_dataset\dog_782.jpg,output/class_named_dataset/dog_782.jpg,dog
F:\NTSE\lab03\output\class_named_dataset\dog_783.jpg,output/class_named_dataset/dog_783.jpg,dog
F:\NTSE\lab03\output\class_named_dataset\dog_784.jpg,output/class_named_dataset/dog_784.jpg,dog
F:\NTSE\lab03\output\class_named_dataset\dog_785.jpg,output/class_named_dataset/dog_785.jpg,dog
F:\NTSE\lab03\output\class_named_dataset\dog_786.jpg,output/class_named_dataset/dog_786.jpg,dog
F:\NTSE\lab03\output\class_named_dataset\dog_787.jpg,output/class_named_dataset/dog_787.jpg,dog
F:\NTSE\lab03\output\class_named_dataset\dog_788.jpg,output/class_named_dataset/dog_788.jpg,dog
F:\NTSE\lab03\output\class_named_dataset\dog_789.jpg,output/class_named_dataset/dog_789.jpg,dog
F:\NTSE\lab03\output\class_named_dataset\dog_790.jpg,output/class_named_dataset/dog_790.jpg,dog
F:\NTSE\lab03\output\class_named_dataset\dog_791.jpg,output/class_named_dataset/dog_791.jpg,dog
F:\NTSE\lab03\output\class_named_dataset\dog_792.jpg,output/class_named_dataset/dog_792.jpg,dog
F:\NTSE\lab03\output\class_named_dataset\dog_793.jpg,output/class_named_dataset/dog_793.jpg,dog
F:\NTSE\lab03\output\class_named_dataset\dog_794.jpg,output/class_named_dataset/dog_794.jpg,dog
F:\NTSE\lab03\output\class_named_dataset\dog_795.jpg,output/class_named_dataset/dog_795.jpg,dog
F:\NTSE\lab03\output\class_named_dataset\dog_796.jpg,output/class_named_dataset/dog_796.jpg,dog
F:\NTSE\lab03\output\class_named_dataset\dog_797.jpg,output/class_named_dataset/dog_797.jpg,dog
F:\NTSE\lab03\output\class_named_dataset\dog_798.jpg,output/class_named_dataset/dog_798.jpg,dog
F:\NTSE\lab03\output\class_named_dataset\dog_799.jpg,output/class_named_dataset/dog_799.jpg,dog
F:\NTSE\lab03\output\class_named_dataset\dog_800.jpg,output/class_named_dataset/dog_800.jpg,dog
F:\NTSE\lab03\output\class_named_dataset\dog_801.jpg,output/class_named_dataset/dog_801.jpg,dog
F:\NTSE\lab03\output\class_named_dataset\dog_802.jpg,output/class_named_dataset/dog_802.jpg,dog
F:\NTSE\lab03\output\class_named_dataset\dog_803.jpg,output/class_named_dataset/dog_803.jpg,dog
F:\NTSE\lab03\output\class_named_dataset\dog_804.jpg,output/class_named_dataset/dog_804.jpg,dog
F:\NTSE\lab03\output\class_named_dataset\dog_805.jpg,output/class_named_dataset/dog_805.jpg,dog
F:\NTSE\lab03\output\class_named_dataset\dog_806.jpg,output/class_named_dataset/dog_806.jpg,dog
F:\NTSE\lab03\output\class_named_dataset\dog_807.jpg,output/class_named_dataset/dog_807.jpg,dog
F:\NTSE\lab03\output\class_named_dataset\dog_808.jpg,output/class_named_dataset/dog_808.jpg,dog
F:\NTSE\lab03\output\class_named_dataset\dog_809.jpg,output/class_named_dataset/dog_809.jpg,dog
F:\NTSE\lab03\output\class_named_dataset\dog_810.jpg,output/class_named_dataset/dog_810.jpg,dog
F:\NTSE\lab03\output\class_named_dataset\dog_811.jpg,output/class_named_dataset/dog_811.jpg,dog
F:\NTSE\lab03\output\class_named_dataset\dog_812.jpg,output/class_named_dataset/dog_812.jpg,dog
F:\NTSE\lab03\output\class_named_dataset\dog_813.jpg,output/class_named_dataset/dog_813.jpg,dog
F:\NTSE\lab03\output\class_named_dataset\dog_814.jpg,output/class_named_dataset/dog_814.jpg,dog
F:\NTSE\lab03\output\class_named_dataset\dog_815.jpg,output/class_named_dataset/dog_815.jpg,dog
F:\NTSE\lab03\output\class_named_dataset\dog_816.jpg,output/class_named_dataset/dog_816.jpg,dog
F:\NTSE\lab03\output\class_named_dataset\dog_817.jpg,output/class_named_dataset/dog_817.jpg,dog
F:\NTSE\lab03\output\class_named_dataset\dog_818.jpg,output/class_named_dataset/dog_818.jpg,dog
F:\NTSE\lab03\output\class_named_dataset\dog_819.jpg,output/class_named_dataset/dog_819.jpg,dog
F:\NTSE\lab03\output\class_named_dataset\dog_820.jpg,output/class_named_dataset/dog_820.jpg,dog
F:\NTSE\lab03\output\class_named_dataset\dog_821.jpg,output/class_named_dataset/dog_821.jpg,dog
F:\NTSE\lab03\output\class_named_dataset\dog_822.jpg,output/class_named_dataset/dog_822.jpg,dog
F:\NTSE\lab03\output\class_named_dataset\dog_823.jpg,output/class_named_dataset/dog_823.jpg,dog
F:\NTSE\lab03\output\class_named_dataset\dog_824.jpg,output/class_named_dataset/dog_824.jpg,dog
F:\NTSE\lab03\output\class_named_dataset\dog_825.jpg,output/class_named_dataset/dog_825.jpg,dog
F:\NTSE\lab03\output\class_named_dataset\dog_826.jpg,output/class_named_dataset/dog_826.jpg,dog
F:\NTSE\lab03\output\class_named_dataset\dog_827.jpg,output/class_named_dataset/dog_827.jpg,dog
F:\NTSE\lab03\output\class_named_dataset\dog_828.jpg,output/class_named_dataset/dog_828.jpg,dog
F:\NTSE\lab03\output\class_named_dataset\dog_829.jpg,output/class_named_dataset/dog_829.jpg,dog
F:\NTSE\lab03\output\class_named_dataset\dog_830.jpg,output/class_named_dataset/dog_830.jpg,dog
F:\NTSE\lab03\output\class_named_dataset\dog_831.jpg,output/class_named_dataset/dog_831.jpg,dog
F:\NTSE\lab03\output\class_named_dataset\dog_832.jpg,output/class_named_dataset/dog_832.jpg,dog
F:\NTSE\lab03\output\class_named_dataset\dog_833.jpg,output/class_named_dataset/dog_833.jpg,dog
F:\NTSE\lab03\output\class_named_dataset\dog_834.jpg,output/class_named_dataset/dog_834.jpg,dog
F:\NTSE\lab03\output\class_named_dataset\dog_835.jpg,output/class_named_dataset/dog_835.jpg,dog
F:\NTSE\lab03\output\class_named_dataset\dog_836.jpg,output/class_named_dataset/dog_836.jpg,dog
F:\NTSE\lab03\output\class_named_dataset\dog_837.jpg,output/class_named_dataset/dog_837.jpg,dog
F:\NTSE\lab03\output\class_named_dataset\dog_838.jpg,output/class_named_dataset/dog_838.jpg,dog
F:\NTSE\lab03\output\class_named_dataset\dog_839.jpg,output/class_named_dataset/dog_839.jpg,dog
F:\NTSE\lab03\output\class_named_dataset\dog_840.jpg,output/class_named_dataset/dog_840.jpg,dog
F:\NTSE\lab03\output\class_named_dataset\dog_841.jpg,output/class_named_dataset/dog_841.jpg,dog
F:\NTSE\lab03\output\class_named_dataset\dog_842.jpg,output/class_named_dataset/dog_842.jpg,dog
F:\NTSE\lab03\output\class_named_dataset\dog_843.jpg,output/class_named_dataset/dog_843.jpg,dog
F:\NTSE\lab03\output\class_named_dataset\dog_844.jpg,output/class_named_dataset/dog_844.jpg,dog
F:\NTSE\lab03\output\class_named_dataset\dog_845.jpg,output/class_named_dataset/dog_845.jpg,dog
F:\NTSE\lab03\output\class_named_dataset\dog_846.jpg,output/class_named_dataset/dog_846.jpg,dog
F:\NTSE\lab03\output\class_named_dataset\dog_847.jpg,output/class_named_dataset/dog_847.jpg,dog
F:\NTSE\lab03\output\class_named_dataset\dog_848.jpg,output/class_named_dataset/dog_848.jpg,dog
F:\NTSE\lab03\output\class_named_dataset\dog_849.jpg,output/class_named_dataset/dog_849.jpg,dog
F:\NTSE\lab03\output\class_named_dataset\dog_850.jpg,output/class_named_dataset/dog_850.jpg,dog
F:\NTSE\lab03\output\class_named_dataset\dog_851.jpg,output/class_named_dataset/dog_851.jpg,dog
F:\NTSE\lab03\output\class_named_dataset\dog_852.jpg,output/class_named_dataset/dog_852.jpg,dog
F:\NTSE\lab03\output\class_named_dataset\dog_853.jpg,output/class_named_dataset/dog_853.jpg,dog
F:\NTSE\lab03\output\class_named_dataset\dog_854.jpg,output/class_named_dataset/dog_854.jpg,dog
F:\NTSE\lab03\output\class_named_dataset\dog_855.jpg,output/class_named_dataset/dog_855.jpg,dog
F:\NTSE\lab03\output\class_named_dataset\dog_856.jpg,output/class_named_dataset/dog_856.jpg,dog
F:\NTSE\lab03\output\class_named_dataset\dog_857.jpg,output/class_named_dataset/dog_857.jpg,dog
F:\NTSE\lab03\output\class_named_dataset\dog_858.jpg,output/class_named_dataset/dog_858.jpg,dog
F:\NTSE\lab03\output\class_named_dataset\dog_859.jpg,output/class_named_dataset/dog_859.jpg,dog
F:\NTSE\lab03\output\class_named_dataset\dog_860.jpg,output/class_named_dataset/dog_860.jpg,dog
F:\NTSE\lab03\output\class_named_dataset\dog_861.jpg,output/class_named_dataset/dog_861.jpg,dog
F:\NTSE\lab03\output\class_named_dataset\dog_862.jpg,output/class_named_dataset/dog_862.jpg,dog
F:\NTSE\lab03\output\class_named_dataset\dog_863.jpg,output/class_named_dataset/dog_863.jpg,dog
F:\NTSE\lab03\output\class_named_dataset\dog_864.jpg,output/class_named_dataset/dog_864.jpg,dog
F:\NTSE\lab03\output\class_named_dataset\dog_865.jpg,output/class_named_dataset/dog_865.jpg,dog
F:\NTSE\lab03\output\class_named_dataset\dog_866.jpg,output/class_named_dataset/dog_866.jpg,dog
F:\NTSE\lab03\output\class_named_dataset\dog_867.jpg,output/class_named_dataset/dog_867.jpg,dog
F:\NTSE\lab03\output\class_named_dataset\dog_868.jpg,output/class_named_dataset/dog_868.jpg,dog
F:\NTSE\lab03\output\class_named_dataset\dog_869.jpg,output/class_named_dataset/dog_869.jpg,dog
F:\NTSE\lab03\output\class_named_dataset\dog_870.jpg,output/class_named_dataset/dog_870.jpg,dog
F:\NTSE\lab03\output\class_named_dataset\dog_871.jpg,output/class_named_dataset/dog_871.jpg,dog
F:\NTSE\lab03\output\class_named_dataset\dog_872.jpg,output/class_named_dataset/dog_872.jpg,dog
F:\NTSE\lab03\output\class_named_dataset\dog_873.jpg,output/class_named_dataset/dog_873.jpg,dog
F:\NTSE\lab03\output\class_named_dataset\dog_874.jpg,output/class_named_dataset/dog_874.jpg,dog
F:\NTSE\lab03\output\class_named_dataset\dog_875.jpg,output/class_named_dataset/dog_875.jpg,dog
F:\NTSE\lab03\output\class_named_dataset\dog_876.jpg,output/class_named_dataset/dog_876.jpg,dog
F:\NTSE\lab03\output\class_named_dataset\dog_877.jpg,output/class_named_dataset/dog_877.jpg,dog
F:\NTSE\lab03\output\class_named_dataset\dog_878.jpg,output/class_named_dataset/dog_878.jpg,dog
F:\NTSE\lab03\output\class_named_dataset\dog_879.jpg,output/class_named_dataset/dog_879.jpg,dog
F:\NTSE\lab03\output\class_named_dataset\dog_880.jpg,output/class_named_dataset/dog_880.jpg,dog
F:\NTSE\lab03\output\class_named_dataset\dog_881.jpg,output/class_named_dataset/dog_881.jpg,dog
F:\NTSE\lab03\output\class_named_dataset\dog_882.jpg,output/class_named_dataset/dog_882.jpg,dog
F:\NTSE\lab03\output\class_named_dataset\dog_883.jpg,output/class_named_dataset/dog_883.jpg,dog
F:\NTSE\lab03\output\class_named_dataset\dog_884.jpg,output/class_named_dataset/dog_884.jpg,dog
F:\NTSE\lab03\output\class_named_dataset\dog_885.jpg,output/class_named_dataset/dog_885.jpg,dog
F:\NTSE\lab03\output\class_named_dataset\dog_886.jpg,output/class_named_dataset/dog_886.jpg,dog
F:\NTSE\lab03\output\class_named_dataset\dog_887.jpg,output/class_named_dataset/dog_887.jpg,dog
F:\NTSE\lab03\output\class_named_dataset\dog_888.jpg,output/class_named_dataset/dog_888.jpg,dog
F:\NTSE\lab03\output\class_named_dataset\dog_889.jpg,output/class_named_dataset/dog_889.jpg,dog
F:\NTSE\lab03\output\class_named_dataset\dog_890.jpg,output/class_named_dataset/dog_890.jpg,dog
F:\NTSE\lab03\output\class_named_dataset\dog_891.jpg,output/class_named_dataset/dog_891.jpg,dog
F:\NTSE\lab03\output\class_named_dataset\dog_892.jpg,output/class_named_dataset/dog_892.jpg,dog
F:\NTSE\lab03\output\class_named_dataset\dog_893.jpg,output/class_named_dataset/dog_893.jpg,dog
F:\NTSE\lab03\output\class_named_dataset\dog_894.jpg,output/class_named_dataset/dog_894.jpg,dog
F:\NTSE\lab03\output\class_named_dataset\dog_895.jpg,output/class_named_dataset/dog_895.jpg,dog
F:\NTSE\lab03\output\class_named_dataset\dog_896.jpg,output/class_named_dataset/dog_896.jpg,dog
F:\NTSE\lab03\output\class_named_dataset\dog_897.jpg,output/class_named_dataset/dog_897.jpg,dog
F:\NTSE\lab03\output\class_named_dataset\dog_898.jpg,output/class_named_dataset/dog_898.jpg,dog
F:\NTSE\lab03\output\class_named_dataset\dog_899.jpg,output/class_named_dataset/dog_899.jpg,dog
F:\NTSE\lab03\output\class_named_dataset\dog_900.jpg,output/class_named_dataset/dog_900.jpg,dog
F:\NTSE\lab03\output\class_named_dataset\dog_901.jpg,output/class_named_dataset/dog_901.jpg,dog
F:\NTSE\lab03\output\class_named_dataset\dog_902.jpg,output/class_named_dataset/dog_902.jpg,dog
F:\NTSE\lab03\output\class_named_dataset\dog_903.jpg,output/class_named_dataset/dog_903.jpg,dog
F:\NTSE\lab03\output\class_named_dataset\dog_904.jpg,output/class_named_dataset/dog_904.jpg,dog
F:\NTSE\lab03\output\class_named_dataset\dog_905.jpg,output/class_named_dataset/dog_905.jpg,dog
F:\NTSE\lab03\output\class_named_dataset\dog_906.jpg,output/class_named_dataset/dog_906.jpg,dog
F:\NTSE\lab03\output\class_named_dataset\dog_907.jpg,output/class_named_dataset/dog_907.jpg,dog
F:\NTSE\lab03\output\class_named_dataset\dog_908.jpg,output/class_named_dataset/dog_908.jpg,dog
F:\NTSE\lab03\output\class_named_dataset\dog_909.jpg,output/class_named_dataset/dog_909.jpg,dog
F:\NTSE\lab03\output\class_named_dataset\dog_910.jpg,output/class_named_dataset/dog_910.jpg,dog
F:\NTSE\lab03\output\class_named_dataset\dog_911.jpg,output/class_named_dataset/dog_911.jpg,dog
F:\NTSE\lab03\output\class_named_dataset\dog_912.jpg,output/class_named_dataset/dog_912.jpg,dog
F:\NTSE\lab03\output\class_named_dataset\dog_913.jpg,output/class_named_dataset/dog_913.jpg,dog
F:\NTSE\lab03\output\class_named_dataset\dog_914.jpg,output/class_named_dataset/dog_914.jpg,dog
F:\NTSE\lab03\output\class_named_dataset\dog_915.jpg,output/class_named_dataset/dog_915.jpg,dog
F:\NTSE\lab03\output\class_named_dataset\dog_916.jpg,output/class_named_dataset/dog_916.jpg,dog
F:\NTSE\lab03\output\class_named_dataset\dog_917.jpg,output/class_named_dataset/dog_917.jpg,dog
F:\NTSE\lab03\output\class_named_dataset\dog_918.jpg,output/class_named_dataset/dog_918.jpg,dog
F:\NTSE\lab03\output\class_named_dataset\dog_919.jpg,output/class_named_dataset/dog_919.jpg,dog
F:\NTSE\lab03\output\class_named_dataset\dog_920.jpg,output/class_named_dataset/dog_920.jpg,dog
F:\NTSE\lab03\output\class_named_dataset\dog_921.jpg,output/class_named_dataset/dog_921.jpg,dog
F:\NTSE\lab03\output\class_named_dataset\dog_922.jpg,output/class_named_dataset/dog_922.jpg,dog
F:\NTSE\lab03\output\class_named_dataset\dog_923.jpg,output/class_named_dataset/dog_923.jpg,dog
F:\NTSE\lab03\output\class_named_dataset\dog_924.jpg,output/class_named_dataset/dog_924.jpg,dog
F:\NTSE\lab03\output\class_named_dataset\dog_925.jpg,output/class_named_dataset/dog_925.jpg,dog
F:\NTSE\lab03\output\class_named_dataset\dog_926.jpg,output/class_named_dataset/dog_926.jpg,dog
F:\NTSE\lab03\output\class_named_dataset\dog_927.jpg,output/class_named_dataset/dog_927.jpg,dog
F:\NTSE\lab03\output\class_named_dataset\dog_928.jpg,output/class_named_dataset/dog_928.jpg,dog
F:\NTSE\lab03\output\class_named_dataset\dog_929.jpg,output/class_named_dataset/dog_929.jpg,dog
F:\NTSE\lab03\output\class_named_dataset\dog_930.jpg,output/class_named_dataset/dog_930.jpg,dog
F:\NTSE\lab03\output\class_named_dataset\dog_931.jpg,output/class_named_dataset/dog_931.jpg,dog
F:\NTSE\lab03\output\class_named_dataset\dog_932.jpg,output/class_named_dataset/dog_932.jpg,dog
F:\NTSE\lab03\output\class_named_dataset\dog_933.jpg,output/class_named_dataset/dog_933.jpg,dog
F:\NTSE\lab03\output\class_named_dataset\dog_934.jpg,output/class_named_dataset/dog_934.jpg,dog
F:\NTSE\lab03\output\class_named_dataset\dog_935.jpg,output/class_named_dataset/dog_935.jpg,dog
F:\NTSE\lab03\output\class_named_dataset\dog_936.jpg,output/class_named_dataset/dog_936.jpg,dog
F:\NTSE\lab03\output\class_named_dataset\dog_937.jpg,output/class_named_dataset/dog_937.jpg,dog
F:\NTSE\lab03\output\class_named_dataset\dog_938.jpg,output/class_named_dataset/dog_938.jpg,dog
F:\NTSE\lab03\output\class_named_dataset\dog_939.jpg,output/class_named_dataset/dog_939.jpg,dog
F:\NTSE\lab03\output\class_named_dataset\dog_940.jpg,output/class_named_dataset/dog_940.jpg,dog
F:\NTSE\lab03\output\class_named_dataset\dog_941.jpg,output/class_named_dataset/dog_941.jpg,dog
F:\NTSE\lab03\output\class_named_dataset\dog_942.jpg,output/class_named_dataset/dog_942.jpg,dog
F:\NTSE\lab03\output\class_named_dataset\dog_943.jpg,output/class_named_dataset/dog_943.jpg,dog
F:\NTSE\lab03\output\class_named_dataset\dog_944.jpg,output/class_named_dataset/dog_944.jpg,dog
F:\NTSE\lab03\output\class_named_dataset\dog_945.jpg,output/class_named_dataset/dog_945.jpg,dog
F:\NTSE\lab03\output\class_named_dataset\dog_946.jpg,output/class_named_dataset/dog_946.jpg,dog
F:\NTSE\lab03\output\class_named_dataset\dog_947.jpg,output/class_named_dataset/dog_947.jpg,dog
F:\NTSE\lab03\output\class_named_dataset\dog_948.jpg,output/class_named_dataset/dog_948.jpg,dog
F:\NTSE\lab03\output\class_named_dataset\dog_949.jpg,output/class_named_dataset/dog_949.jpg,dog
F:\NTSE\lab03\output\class_named_dataset\dog_950.jpg,output/class_named_dataset/dog_950.jpg,dog
F:\NTSE\lab03\output\class_named_dataset\dog_951.jpg,output/class_named_dataset/dog_951.jpg,dog
F:\NTSE\lab03\output\class_named_dataset\dog_952.jpg,output/class_named_dataset/dog_952.jpg,dog
F:\NTSE\lab03\output\class_named_dataset\dog_953.jpg,output/class_named_dataset/dog_953.jpg,dog
F:\NTSE\lab03\output\class_named_dataset\dog_954.jpg,output/class_named_dataset/dog_954.jpg,dog
F:\NTSE\lab03\output\class_named_dataset\dog_955.jpg,output/class_named_dataset/dog_955.jpg,dog
F:\NTSE\lab03\output\class_named_dataset\dog_956.jpg,output/class_named_dataset/dog_956.jpg,dog
F:\NTSE\lab03\output\class_named_dataset\dog_957.jpg,output/class_named_dataset/dog_957.jpg,dog
F:\NTSE\lab03\output\class_named_dataset\dog_958.jpg,output/class_named_dataset/dog_958.jpg,dog
F:\NTSE\lab03\output\class_named_dataset\dog_959.jpg,output/class_named_dataset/dog_959.jpg,dog
F:\NTSE\lab03\output\class_named_dataset\dog_960.jpg,output/class_named_dataset/dog_960.jpg,dog
F:\NTSE\lab03\output\class_named_dataset\dog_961.jpg,output/class_named_dataset/dog_961.jpg,dog
F:\NTSE\lab03\output\class_named_dataset\dog_962.jpg,output/class_named_dataset/dog_962.jpg,dog
F:\NTSE\lab03\output\class_named_dataset\dog_963.jpg,output/class_named_dataset/dog_963.jpg,dog
F:\NTSE\lab03\output\class_named_dataset\dog_964.jpg,output/class_named_dataset/dog_964.jpg,dog
F:\NTSE\lab03\output\class_named_dataset\dog_965.jpg,output/class_named_dataset/dog_965.jpg,dog
F:\NTSE\lab03\output\class_named_dataset\dog_966.jpg,output/class_named_dataset/dog_966.jpg,dog
F:\NTSE\lab03\output\class_named_dataset\dog_967.jpg,output/class_named_dataset/dog_967.jpg,dog
F:\NTSE\lab03\output\class_named_dataset\dog_968.jpg,output/class_named_dataset/dog_968.jpg,dog
F:\NTSE\lab03\output\class_named_dataset\dog_969.jpg,output/class_named_dataset/dog_969.jpg,dog
F:\NTSE\lab03\output\class_named_dataset\dog_970.jpg,output/class_named_dataset/dog_970.jpg,dog
F:\NTSE\lab03\output\class_named_dataset\dog_971.jpg,output/class_named_dataset/dog_971.jpg,dog
F:\NTSE\lab03\output\class_named_dataset\dog_972.jpg,output/class_named_dataset/dog_972.jpg,dog
F:\NTSE\lab03\output\class_named_dataset\dog_973.jpg,output/class_named_dataset/dog_973.jpg,dog
F:\NTSE\lab03\output\class_named_dataset\dog_974.jpg,output/class_named_dataset/dog_974.jpg,dog
F:\NTSE\lab03\output\class_named_dataset\dog_975.jpg,output/class_named_dataset/dog_975.jpg,dog
F:\NTSE\lab03\output\class_named_dataset\dog_976.jpg,output/class_named_dataset/dog_976.jpg,dog
F:\NTSE\lab03\output\class_named_dataset\dog_977.jpg,output/class_named_dataset/dog_977.jpg,dog
F:\NTSE\lab03\output\class_named_dataset\dog_978.jpg,output/class_named_dataset/dog_978.jpg,dog
F:\NTSE\lab03\output\class_named_dataset\dog_979.jpg,output/class_named_dataset/dog_979.jpg,dog
F:\NTSE\lab03\output\class_named_dataset\dog_980.jpg,output/class_named_dataset/dog_980.jpg,dog
F:\NTSE\lab03\output\class_named_dataset\dog_981.jpg,output/class_named_dataset/dog_981.jpg,dog
F:\NTSE\lab03\output\class_named_dataset\dog_982.jpg,output/class_named_dataset/dog_982.jpg,dog
F:\NTSE\lab03\output\class_named_dataset\dog_983.jpg,output/class_named_dataset/dog_983.jpg,dog
F:\NTSE\lab03\output\class_named_dataset\dog_984.jpg,output/class_named_dataset/dog_984.jpg,dog
F:\NTSE\lab03\output\class_named_dataset\dog_985.jpg,output/class_named_dataset/dog_985.jpg,dog
F:\NTSE\lab03\output\class_named_dataset\dog_986.jpg,output/class_named_dataset/dog_986.jpg,dog
F:\NTSE\lab03\output\class_named_dataset\dog_987.jpg,output/class_named_dataset/dog_987.jpg,dog
F:\NTSE\lab03\output\class_named_dataset\dog_988.jpg,output/class_named_dataset/dog_988.jpg,dog
F:\NTSE\lab03\output\class_named_dataset\dog_989.jpg,output/class_named_dataset/dog_989.jpg,dog
F:\NTSE\lab03\output\class_named_dataset\dog_990.jpg,output/class_named_dataset/dog_990.jpg,dog
F:\NTSE\lab03\output\class_named_dataset\dog_991.jpg,output/class_named_dataset/dog_991.jpg,dog
F:\NTSE\lab03\output\class_named_dataset\dog_992.jpg,output/class_named_dataset/dog_992.jpg,dog
F:\NTSE\lab03\output\class_named_dataset\dog_993.jpg,output/class_named_dataset/dog_993.jpg,dog
F:\NTSE\lab03\output\class_named_dataset\dog_994.jpg,output/class_named_dataset/dog_994.jpg,dog
F:\NTSE\lab03\output\class_named_dataset\dog_995.jpg,output/class_named_dataset/dog_995.jpg,dog
F:\NTSE\lab03\output\class_named_dataset\dog_996.jpg,output/class_named_dataset/dog_996.jpg,dog
F:\NTSE\lab03\output\class_named_dataset\dog_997.jpg,output/class_named_dataset/dog_997.jpg,dog
F:\NTSE\lab03\output\class_named_dataset\dog_998.jpg,output/class_named_dataset/dog_998.jpg,dog
F:\NTSE\lab03\output\class_named_dataset\dog_999.jpg,output/class_named_dataset/dog_999.jpg,dog
F:\NTSE\lab03\output\class_named_dataset\dog_1000.jpg,output/class_named_dataset/dog_1000.jpg,dog
F:\NTSE\lab03\output\class_named_dataset\dog_1001.jpg,output/class_named_dataset/dog_1001.jpg,dog
F:\NTSE\lab03\output\class_named_dataset\dog_1002.jpg,output/class_named_dataset/dog_1002.jpg,dog
F:\NTSE\lab03\output\class_named_dataset\dog_1003.jpg,output/class_named_dataset/dog_1003.jpg,dog
F:\NTSE\lab03\output\class_named_dataset\dog_1004.jpg,output/class_named_dataset/dog_1004.jpg,dog
F:\NTSE\lab03\output\class_named_dataset\dog_1005.jpg,output/class_named_dataset/dog_1005.jpg,dog
F:\NTSE\lab03\output\class_named_dataset\dog_1006.jpg,output/class_named_dataset/dog_1006.jpg,dog
F:\NTSE\lab03\output\class_named_dataset\dog_1007.jpg,output/class_named_dataset/dog_1007.jpg,dog
F:\NTSE\lab03\output\class_named_dataset\dog_1008.jpg,output/class_named_dataset/dog_1008.jpg,dog
F:\NTSE\lab03\output\class_named_dataset\dog_1009.jpg,output/class_named_dataset/dog_1009.jpg,dog
F:\NTSE\lab03\output\class_named_dataset\dog_1010.jpg,output/class_named_dataset/dog_1010.jpg,dog
F:\NTSE\lab03\output\class_named_dataset\dog_1011.jpg,output/class_named_dataset/dog_1011.jpg,dog
F:\NTSE\lab03\output\class_named_dataset\dog_1012.jpg,output/class_named_dataset/dog_1012.jpg,dog
F:\NTSE\lab03\output\class_named_dataset\dog_1013.jpg,output/class_named_dataset/dog_1013.jpg,dog
F:\NTSE\lab03\output\class_named_dataset\dog_1014.jpg,output/class_named_dataset/dog_1014.jpg,dog
F:\NTSE\lab03\output\class_named_dataset\dog_1015.jpg,output/class_named_dataset/dog_1015.jpg,dog
F:\NTSE\lab03\output\class_named_dataset\dog_1016.jpg,output/class_named_dataset/dog_1016.jpg,dog
F:\NTSE\lab03\output\class_named_dataset\dog_1017.jpg,output/class_named_dataset/dog_1017.jpg,dog
F:\NTSE\lab03\output\class_named_dataset\dog_1018.jpg,output/class_named_dataset/dog_1018.jpg,dog
F:\NTSE\lab03\output\class_named_dataset\dog_1019.jpg,output/class_named_dataset/dog_1019.jpg,dog
F:\NTSE\lab03\output\class_named_dataset\dog_1020.jpg,output/class_named_dataset/dog_1020.jpg,dog
F:\NTSE\lab03\output\class_named_dataset\dog_1021.jpg,output/class_named_dataset/dog_1021.jpg,dog
F:\NTSE\lab03\output\class_named_dataset\dog_1022.jpg,output/class_named_dataset/dog_1022.jpg,dog
F:\NTSE\lab03\output\class_named_dataset\dog_1023.jpg,output/class_named_dataset/dog_1023.jpg,dog
F:\NTSE\lab03\output\class_named_dataset\dog_1024.jpg,output/class_named_dataset/dog_1024.jpg,dog
F:\NTSE\lab03\output\class_named_dataset\dog_1025.jpg,output/class_named_dataset/dog_1025.jpg,dog
F:\NTSE\lab03\output\class_named_dataset\dog_1026.jpg,output/class_named_dataset/dog_1026.jpg,dog
F:\NTSE\lab03\output\class_named_dataset\dog_1027.jpg,output/class_named_dataset/dog_1027.jpg,dog
F:\NTSE\lab03\output\class_named_dataset\dog_1028.jpg,output/class_named_dataset/dog_1028.jpg,dog
F:\NTSE\lab03\output\class_named_dataset\dog_1029.jpg,output/class_named_dataset/dog_1029.jpg,dog
F:\NTSE\lab03\output\class_named_dataset\dog_1030.jpg,output/class_named_dataset/dog_1030.jpg,dog
F:\NTSE\lab03\output\class_named_dataset\dog_1031.jpg,output/class_named_dataset/dog_1031.jpg,dog
F:\NTSE\lab03\output\class_named_dataset\dog_1032.jpg,output/class_named_dataset/dog_1032.jpg,dog
F:\NTSE\lab03\output\class_named_dataset\dog_1033.jpg,output/class_named_dataset/dog_1033.jpg,dog
F:\NTSE\lab03\output\class_named_dataset\dog_1034.jpg,output/class_named_dataset/dog_1034.jpg,dog
F:\NTSE\lab03\output\class_named_dataset\dog_1035.jpg,output/class_named_dataset/dog_1035.jpg,dog
F:\NTSE\lab03\output\class_named_dataset\dog_1036.jpg,output/class_named_dataset/dog_1036.jpg,dog
F:\NTSE\lab03\output\class_named_dataset\dog_1037.jpg,output/class_named_dataset/dog_1037.jpg,dog
F:\NTSE\lab03\output\class_named_dataset\dog_1038.jpg,output/class_named_dataset/dog_1038.jpg,dog
F:\NTSE\lab03\output\class_named_dataset\dog_1039.jpg,output/class_named_dataset/dog_1039.jpg,dog
F:\NTSE\lab03\output\class_named_dataset\dog_1040.jpg,output/class_named_dataset/dog_1040.jpg,dog
F:\NTSE\lab03\output\class_named_dataset\dog_1041.jpg,output/class_named_dataset/dog_1041.jpg,dog
F:\NTSE\lab03\output\class_named_dataset\dog_1042.jpg,output/class_named_dataset/dog_1042.jpg,dog
F:\NTSE\lab03\output\class_named_dataset\dog_1043.jpg,output/class_named_dataset/dog_1043.jpg,dog
F:\NTSE\lab03\output\class_named_dataset\dog_1044.jpg,output/class_named_dataset/dog_1044.jpg,dog
F:\NTSE\lab03\output\class_named_dataset\dog_1045.jpg,output/class_named_dataset/dog_1045.jpg,dog
F:\NTSE\lab03\output\class_named_dataset\dog_1046.jpg,output/class_named_dataset/dog_1046.jpg,dog
F:\NTSE\lab03\output\class_named_dataset\dog_1047.jpg,output/class_named_dataset/dog_1047.jpg,dog
F:\NTSE\lab03\output\class_named_dataset\dog_1048.jpg,output/class_named_dataset/dog_1048.jpg,dog
F:\NTSE\lab03\output\class_named_dataset\dog_1049.jpg,output/class_named_dataset/dog_1049.jpg,dog
F:\NTSE\lab03\output\class_named_dataset\dog_1050.jpg,output/class_named_dataset/dog_1050.jpg,dog
F:\NTSE\lab03\output\class_named_dataset\dog_1051.jpg,output/class_named_dataset/dog_1051.jpg,dog
F:\NTSE\lab03\output\class_named_dataset\dog_1052.jpg,output/class_named_dataset/dog_1052.jpg,dog
F:\NTSE\lab03\output\class_named_dataset\dog_1053.jpg,output/class_named_dataset/dog_1053.jpg,dog
F:\NTSE\lab03\output\class_named_dataset\dog_1054.jpg,output/class_named_dataset/dog_1054.jpg,dog
F:\NTSE\lab03\output\class_named_dataset\dog_1055.jpg,output/class_named_dataset/dog_1055.jpg,dog
F:\NTSE\lab03\output\class_named_dataset\dog_1056.jpg,output/class_named_dataset/dog_1056.jpg,dog
F:\NTSE\lab03\output\class_named_dataset\dog_1057.jpg,output/class_named_dataset/dog_1057.jpg,dog
F:\NTSE\lab03\output\class_named_dataset\dog_1058.jpg,output/class_named_dataset/dog_1058.jpg,dog
F:\NTSE\lab03\output\class_named_dataset\dog_1059.jpg,output/class_named_dataset/dog_1059.jpg,dog
F:\NTSE\lab03\output\class_named_dataset\dog_1060.jpg,output/class_named_dataset/dog_1060.jpg,dog
F:\NTSE\lab03\output\class_named_dataset\dog_1061.jpg,output/class_named_dataset/dog_1061.jpg,dog
F:\NTSE\lab03\output\class_named_dataset\dog_1062.jpg,output/class_named_dataset/dog_1062.jpg,dog
F:\NTSE\lab03\output\class_named_dataset\dog_1063.jpg,output/class_named_dataset/dog_1063.jpg,dog
F:\NTSE\lab03\output\class_named_dataset\dog_1064.jpg,output/class_named_dataset/dog_1064.jpg,dog
F:\NTSE\lab03\output\class_named_dataset\dog_1065.jpg,output/class_named_dataset/dog_1065.jpg,dog
F:\NTSE\lab03\output\class_named_dataset\dog_1066.jpg,output/class_named_dataset/dog_1066.jpg,dog
F:\NTSE\lab03\output\class_named_dataset\dog_1067.jpg,output/class_named_dataset/dog_1067.jpg,dog
F:\NTSE\lab03\output\class_named_dataset\dog_1068.jpg,output/class_named_dataset/dog_1068.jpg,dog
F:\NTSE\lab03\output\class_named_dataset\dog_1069.jpg,output/class_named_dataset/dog_1069.jpg,dog
F:\NTSE\lab03\output\class_named_dataset\dog_1070.jpg,output/class_named_dataset/dog_1070.jpg,dog
F:\NTSE\lab03\output\class_named_dataset\dog_1071.jpg,output/class_named_dataset/dog_1071.jpg,dog
F:\NTSE\lab03\output\class_named_dataset\dog_1072.jpg,output/class_named_dataset/dog_1072.jpg,dog
F:\NTSE\lab03\output\class_named_dataset\dog_1073.jpg,output/class_named_dataset/dog_1073.jpg,dog
F:\NTSE\lab03\output\class_named_dataset\dog_1074.jpg,output/class_named_dataset/dog_1074.jpg,dog
F:\NTSE\lab03\output\class_named_dataset\dog_1075.jpg,output/class_named_dataset/dog_1075.jpg,dog
F:\NTSE\lab03\output\class_named_dataset\dog_1076.jpg,output/class_named_dataset/dog_1076.jpg,dog
F:\NTSE\lab03\output\class_named_dataset\dog_1077.jpg,output/class_named_dataset/dog_1077.jpg,dog
F:\NTSE\lab03\output\class_named_dataset\dog_1078.jpg,output/class_named_dataset/dog_1078.jpg,dog
F:\NTSE\lab03\output\class_named_dataset\dog_1079.jpg,output/class_named_dataset/dog_1079.jpg,dog
F:\NTSE\lab03\output\class_named_dataset\dog_1080.jpg,output/class_named_dataset/dog_1080.jpg,dog
F:\NTSE\lab03\output\class_named_dataset\dog_1081.jpg,output/class_named_dataset/dog_1081.jpg,dog
F:\NTSE\lab03\output\class_named_dataset\dog_1082.jpg,output/class_named_dataset/dog_1082.jpg,dog
F:\NTSE\lab03\output\class_named_dataset\dog_1083.jpg,output/class_named_dataset/dog_1083.jpg,dog
F:\NTSE\lab03\output\class_named_dataset\dog_1084.jpg,output/class_named_dataset/dog_1084.jpg,dog
F:\NTSE\lab03\output\class_named_dataset\dog_1085.jpg,output/class_named_dataset/dog_1085.jpg,dog
F:\NTSE\lab03\output\class_named_dataset\dog_1086.jpg,output/class_named_dataset/dog_1086.jpg,dog
F:\NTSE\lab03\output\class_named_dataset\dog_1087.jpg,output/class_named_dataset/dog_1087.jpg,dog
F:\NTSE\lab03\output\class_named_dataset\dog_1088.jpg,output/class_named_dataset/dog_1088.jpg,dog
F:\NTSE\lab03\output\class_named_dataset\dog_1089.jpg,output/class_named_dataset/dog_1089.jpg,dog
F:\NTSE\lab03\output\class_named_dataset\dog_1090.jpg,output/class_named_dataset/dog_1090.jpg,dog
F:\NTSE\lab03\output\class_named_dataset\dog_1091.jpg,output/class_named_dataset/dog_1091.jpg,dog
F:\NTSE\lab03\output\class_named_dataset\dog_1092.jpg,output/class_named_dataset/dog_1092.jpg,dog
F:\NTSE\lab03\output\class_named_dataset\dog_1093.jpg,output/class_named_dataset/dog_1093.jpg,dog
F:\NTSE\lab03\output\class_named_dataset\dog_1094.jpg,output/class_named_dataset/dog_1094.jpg,dog
F:\NTSE\lab03\output\class_named_dataset\dog_1095.jpg,output/class_named_dataset/dog_1095.jpg,dog
F:\NTSE\lab03\output\class_named_dataset\dog_1096.jpg,output/class_named_dataset/dog_1096.jpg,dog
F:\NTSE\lab03\output\class_named_dataset\dog_1097.jpg,output/class_named_dataset/dog_1097.jpg,dog
F:\NTSE\lab03\output\class_named_dataset\dog_1098.jpg,output/class_named_dataset/dog_1098.jpg,dog
F:\NTSE\lab03\output\class_named_dataset\dog_1099.jpg,output/class_named_dataset/dog_1099.jpg,dog
F:\NTSE\lab03\output\class_named_dataset\dog_1100.jpg,output/class_named_dataset/dog_1100.jpg,dog
F:\NTSE\lab03\output\class_named_dataset\dog_1101.jpg,output/class_named_dataset/dog_1101.jpg,dog
F:\NTSE\lab03\output\class_named_dataset\dog_1102.jpg,output/class_named_dataset/dog_1102.jpg,dog
F:\NTSE\lab03\output\class_named_dataset\dog_1103.jpg,output/class_named_dataset/dog_1103.jpg,dog
F:\NTSE\lab03\output\class_named_dataset\dog_1104.jpg,output/class_named_dataset/dog_1104.jpg,dog
F:\NTSE\lab03\output\class_named_dataset\dog_1105.jpg,output/class_named_dataset/dog_1105.jpg,dog
F:\NTSE\lab03\output\class_named_dataset\dog_1106.jpg,output/class_named_dataset/dog_1106.jpg,dog
F:\NTSE\lab03\output\class_named_dataset\dog_1107.jpg,output/class_named_dataset/dog_1107.jpg,dog
