absolute_path,relative_path,class_label
F:\NTSE\lab03\output\random_dataset\dataset_9793.jpg,output/random_dataset/dataset_9793.jpg,cat
F:\NTSE\lab03\output\random_dataset\dataset_7015.jpg,output/random_dataset/dataset_7015.jpg,cat
F:\NTSE\lab03\output\random_dataset\dataset_4998.jpg,output/random_dataset/dataset_4998.jpg,cat
F:\NTSE\lab03\output\random_dataset\dataset_4062.jpg,output/random_dataset/dataset_4062.jpg,cat
F:\NTSE\lab03\output\random_dataset\dataset_7379.jpg,output/random_dataset/dataset_7379.jpg,cat
F:\NTSE\lab03\output\random_dataset\dataset_6306.jpg,output/random_dataset/dataset_6306.jpg,cat
F:\NTSE\lab03\output\random_dataset\dataset_4026.jpg,output/random_dataset/dataset_4026.jpg,cat
F:\NTSE\lab03\output\random_dataset\dataset_5659.jpg,output/random_dataset/dataset_5659.jpg,cat
F:\NTSE\lab03\output\random_dataset\dataset_9435.jpg,output/random_dataset/dataset_9435.jpg,cat
F:\NTSE\lab03\output\random_dataset\dataset_2114.jpg,output/random_dataset/dataset_2114.jpg,cat
F:\NTSE\lab03\output\random_dataset\dataset_8894.jpg,output/random_dataset/dataset_8894.jpg,cat
F:\NTSE\lab03\output\random_dataset\dataset_4505.jpg,output/random_dataset/dataset_4505.jpg,cat
F:\NTSE\lab03\output\random_dataset\dataset_2391.jpg,output/random_dataset/dataset_2391.jpg,cat
F:\NTSE\lab03\output\random_dataset\dataset_8831.jpg,output/random_dataset/dataset_8831.jpg,cat
F:\NTSE\lab03\output\random_dataset\dataset_644.jpg,output/random_dataset/dataset_644.jpg,cat
F:\NTSE\lab03\output\random_dataset\dataset_3960.jpg,output/random_dataset/dataset_3960.jpg,cat
F:\NTSE\lab03\output\random_dataset\dataset_665.jpg,output/random_dataset/dataset_665.jpg,cat
F:\NTSE\lab03\output\random_dataset\dataset_7391.jpg,output/random_dataset/dataset_7391.jpg,cat
F:\NTSE\lab03\output\random_dataset\dataset_1814.jpg,output/random_dataset/dataset_1814.jpg,cat
F:\NTSE\lab03\output\random_dataset\dataset_9462.jpg,output/random_dataset/dataset_9462.jpg,cat
F:\NTSE\lab03\output\random_dataset\dataset_8550.jpg,output/random_dataset/dataset_8550.jpg,cat
F:\NTSE\lab03\output\random_dataset\dataset_2259.jpg,output/random_dataset/dataset_2259.jpg,cat
F:\NTSE\lab03\output\random_dataset\dataset_1705.jpg,output/random_dataset/dataset_1705.jpg,cat
F:\NTSE\lab03\output\random_dataset\dataset_7762.jpg,output/random_dataset/dataset_7762.jpg,cat
F:\NTSE\lab03\output\random_dataset\dataset_1700.jpg,output/random_dataset/dataset_1700.jpg,cat
F:\NTSE\lab03\output\random_dataset\dataset_6909.jpg,output/random_dataset/dataset_6909.jpg,cat
F:\NTSE\lab03\output\random_dataset\dataset_9240.jpg,output/random_dataset/dataset_9240.jpg,cat
F:\NTSE\lab03\output\random_dataset\dataset_5184.jpg,output/random_dataset/dataset_5184.jpg,cat
F:\NTSE\lab03\output\random_dataset\dataset_8906.jpg,output/random_dataset/dataset_8906.jpg,cat
F:\NTSE\lab03\output\random_dataset\dataset_2005.jpg,output/random_dataset/dataset_2005.jpg,cat
F:\NTSE\lab03\output\random_dataset\dataset_5924.jpg,output/random_dataset/dataset_5924.jpg,cat
F:\NTSE\lab03\output\random_dataset\dataset_6355.jpg,output/random_dataset/dataset_6355.jpg,cat
F:\NTSE\lab03\output\random_dataset\dataset_2908.jpg,output/random_dataset/dataset_2908.jpg,cat
F:\NTSE\lab03\output\random_dataset\dataset_6679.jpg,output/random_dataset/dataset_6679.jpg,cat
F:\NTSE\lab03\output\random_dataset\dataset_2766.jpg,output/random_dataset/dataset_2766.jpg,cat
F:\NTSE\lab03\output\random_dataset\dataset_3810.jpg,output/random_dataset/dataset_3810.jpg,cat
F:\NTSE\lab03\output\random_dataset\dataset_6969.jpg,output/random_dataset/dataset_6969.jpg,cat
F:\NTSE\lab03\output\random_dataset\dataset_2906.jpg,output/random_dataset/dataset_2906.jpg,cat
F:\NTSE\lab03\output\random_dataset\dataset_1581.jpg,output/random_dataset/dataset_1581.jpg,cat
F:\NTSE\lab03\output\random_dataset\dataset_5959.jpg,output/random_dataset/dataset_5959.jpg,cat
F:\NTSE\lab03\output\random_dataset\dataset_3655.jpg,output/random_dataset/dataset_3655.jpg,cat
F:\NTSE\lab03\output\random_dataset\dataset_7725.jpg,output/random_dataset/dataset_7725.jpg,cat
F:\NTSE\lab03\output\random_dataset\dataset_9673.jpg,output/random_dataset/dataset_9673.jpg,cat
F:\NTSE\lab03\output\random_dataset\dataset_6551.jpg,output/random_dataset/dataset_6551.jpg,cat
F:\NTSE\lab03\output\random_dataset\dataset_2695.jpg,output/random_dataset/dataset_2695.jpg,cat
F:\NTSE\lab03\output\random_dataset\dataset_9144.jpg,output/random_dataset/dataset_9144.jpg,cat
F:\NTSE\lab03\output\random_dataset\dataset_2774.jpg,output/random_dataset/dataset_2774.jpg,cat
F:\NTSE\lab03\output\random_dataset\dataset_2118.jpg,output/random_dataset/dataset_2118.jpg,cat
F:\NTSE\lab03\output\random_dataset\dataset_7349.jpg,output/random_dataset/dataset_7349.jpg,cat
F:\NTSE\lab03\output\random_dataset\dataset_9421.jpg,output/random_dataset/dataset_9421.jpg,cat
F:\NTSE\lab03\output\random_dataset\dataset_335.jpg,output/random_dataset/dataset_335.jpg,cat
F:\NTSE\lab03\output\random_dataset\dataset_1096.jpg,output/random_dataset/dataset_1096.jpg,cat
F:\NTSE\lab03\output\random_dataset\dataset_596.jpg,output/random_dataset/dataset_596.jpg,cat
F:\NTSE\lab03\output\random_dataset\dataset_651.jpg,output/random_dataset/dataset_651.jpg,cat
F:\NTSE\lab03\output\random_dataset\dataset_2086.jpg,output/random_dataset/dataset_2086.jpg,cat
F:\NTSE\lab03\output\random_dataset\dataset_4531.jpg,output/random_dataset/dataset_4531.jpg,cat
F:\NTSE\lab03\output\random_dataset\dataset_6792.jpg,output/random_dataset/dataset_6792.jpg,cat
F:\NTSE\lab03\output\random_dataset\dataset_3751.jpg,output/random_dataset/dataset_3751.jpg,cat
F:\NTSE\lab03\output\random_dataset\dataset_6019.jpg,output/random_dataset/dataset_6019.jpg,cat
F:\NTSE\lab03\output\random_dataset\dataset_9151.jpg,output/random_dataset/dataset_9151.jpg,cat
F:\NTSE\lab03\output\random_dataset\dataset_7170.jpg,output/random_dataset/dataset_7170.jpg,cat
F:\NTSE\lab03\output\random_dataset\dataset_659.jpg,output/random_dataset/dataset_659.jpg,cat
F:\NTSE\lab03\output\random_dataset\dataset_4333.jpg,output/random_dataset/dataset_4333.jpg,cat
F:\NTSE\lab03\output\random_dataset\dataset_2831.jpg,output/random_dataset/dataset_2831.jpg,cat
F:\NTSE\lab03\output\random_dataset\dataset_5601.jpg,output/random_dataset/dataset_5601.jpg,cat
F:\NTSE\lab03\output\random_dataset\dataset_884.jpg,output/random_dataset/dataset_884.jpg,cat
F:\NTSE\lab03\output\random_dataset\dataset_2443.jpg,output/random_dataset/dataset_2443.jpg,cat
F:\NTSE\lab03\output\random_dataset\dataset_5376.jpg,output/random_dataset/dataset_5376.jpg,cat
F:\NTSE\lab03\output\random_dataset\dataset_2140.jpg,output/random_dataset/dataset_2140.jpg,cat
F:\NTSE\lab03\output\random_dataset\dataset_5163.jpg,output/random_dataset/dataset_5163.jpg,cat
F:\NTSE\lab03\output\random_dataset\dataset_7032.jpg,output/random_dataset/dataset_7032.jpg,cat
F:\NTSE\lab03\output\random_dataset\dataset_1857.jpg,output/random_dataset/dataset_1857.jpg,cat
F:\NTSE\lab03\output\random_dataset\dataset_9802.jpg,output/random_dataset/dataset_9802.jpg,cat
F:\NTSE\lab03\output\random_dataset\dataset_7029.jpg,output/random_dataset/dataset_7029.jpg,cat
F:\NTSE\lab03\output\random_dataset\dataset_6536.jpg,output/random_dataset/dataset_6536.jpg,cat
F:\NTSE\lab03\output\random_dataset\dataset_9394.jpg,output/random_dataset/dataset_9394.jpg,cat
F:\NTSE\lab03\output\random_dataset\dataset_6942.jpg,output/random_dataset/dataset_6942.jpg,cat
F:\NTSE\lab03\output\random_dataset\dataset_772.jpg,output/random_dataset/dataset_772.jpg,cat
F:\NTSE\lab03\output\random_dataset\dataset_1922.jpg,output/random_dataset/dataset_1922.jpg,cat
F:\NTSE\lab03\output\random_dataset\dataset_1082.jpg,output/random_dataset/dataset_1082.jpg,cat
F:\NTSE\lab03\output\random_dataset\dataset_1851.jpg,output/random_dataset/dataset_1851.jpg,cat
F:\NTSE\lab03\output\random_dataset\dataset_3621.jpg,output/random_dataset/dataset_3621.jpg,cat
F:\NTSE\lab03\output\random_dataset\dataset_4236.jpg,output/random_dataset/dataset_4236.jpg,cat
F:\NTSE\lab03\output\random_dataset\dataset_1378.jpg,output/random_dataset/dataset_1378.jpg,cat
F:\NTSE\lab03\output\random_dataset\dataset_5612.jpg,output/random_dataset/dataset_5612.jpg,cat
F:\NTSE\lab03\output\random_dataset\dataset_9375.jpg,output/random_dataset/dataset_9375.jpg,cat
F:\NTSE\lab03\output\random_dataset\dataset_1709.jpg,output/random_dataset/dataset_1709.jpg,cat
F:\NTSE\lab03\output\random_dataset\dataset_5794.jpg,output/random_dataset/dataset_5794.jpg,cat
F:\NTSE\lab03\output\random_dataset\dataset_243.jpg,output/random_dataset/dataset_243.jpg,cat
F:\NTSE\lab03\output\random_dataset\dataset_2535.jpg,output/random_dataset/dataset_2535.jpg,cat
F:\NTSE\lab03\output\random_dataset\dataset_9765.jpg,output/random_dataset/dataset_9765.jpg,cat
F:\NTSE\lab03\output\random_dataset\dataset_758.jpg,output/random_dataset/dataset_758.jpg,cat
F:\NTSE\lab03\output\random_dataset\dataset_9552.jpg,output/random_dataset/dataset_9552.jpg,cat
F:\NTSE\lab03\output\random_dataset\dataset_2768.jpg,output/random_dataset/dataset_2768.jpg,cat
F:\NTSE\lab03\output\random_dataset\dataset_9278.jpg,output/random_dataset/dataset_9278.jpg,cat
F:\NTSE\lab03\output\random_dataset\dataset_3527.jpg,output/random_dataset/dataset_3527.jpg,cat
F:\NTSE\lab03\output\random_dataset\dataset_3523.jpg,output/random_dataset/dataset_3523.jpg,cat
F:\NTSE\lab03\output\random_dataset\dataset_849.jpg,output/random_dataset/dataset_849.jpg,cat
F:\NTSE\lab03\output\random_dataset\dataset_1977.jpg,output/random_dataset/dataset_1977.jpg,cat
F:\NTSE\lab03\output\random_dataset\dataset_3269.jpg,output/random_dataset/dataset_3269.jpg,cat
F:\NTSE\lab03\output\random_dataset\dataset_9625.jpg,output/random_dataset/dataset_9625.jpg,cat
F:\NTSE\lab03\output\random_dataset\dataset_4488.jpg,output/random_dataset/dataset_4488.jpg,cat
F:\NTSE\lab03\output\random_dataset\dataset_3226.jpg,output/random_dataset/dataset_3226.jpg,cat
F:\NTSE\lab03\output\random_dataset\dataset_8086.jpg,output/random_dataset/dataset_8086.jpg,cat
F:\NTSE\lab03\output\random_dataset\dataset_1884.jpg,output/random_dataset/dataset_1884.jpg,cat
F:\NTSE\lab03\output\random_dataset\dataset_1765.jpg,output/random_dataset/dataset_1765.jpg,cat
F:\NTSE\lab03\output\random_dataset\dataset_5853.jpg,output/random_dataset/dataset_5853.jpg,cat
F:\NTSE\lab03\output\random_dataset\dataset_803.jpg,output/random_dataset/dataset_803.jpg,cat
F:\NTSE\lab03\output\random_dataset\dataset_8730.jpg,output/random_dataset/dataset_8730.jpg,cat
F:\NTSE\lab03\output\random_dataset\dataset_247.jpg,output/random_dataset/dataset_247.jpg,cat
F:\NTSE\lab03\output\random_dataset\dataset_2495.jpg,output/random_dataset/dataset_2495.jpg,cat
F:\NTSE\lab03\output\random_dataset\dataset_1539.jpg,output/random_dataset/dataset_1539.jpg,cat
F:\NTSE\lab03\output\random_dataset\dataset_1363.jpg,output/random_dataset/dataset_1363.jpg,cat
F:\NTSE\lab03\output\random_dataset\dataset_2459.jpg,output/random_dataset/dataset_2459.jpg,cat
F:\NTSE\lab03\output\random_dataset\dataset_9442.jpg,output/random_dataset/dataset_9442.jpg,cat
F:\NTSE\lab03\output\random_dataset\dataset_8446.jpg,output/random_dataset/dataset_8446.jpg,cat
F:\NTSE\lab03\output\random_dataset\dataset_5000.jpg,output/random_dataset/dataset_5000.jpg,cat
F:\NTSE\lab03\output\random_dataset\dataset_4541.jpg,output/random_dataset/dataset_4541.jpg,cat
F:\NTSE\lab03\output\random_dataset\dataset_5914.jpg,output/random_dataset/dataset_5914.jpg,cat
F:\NTSE\lab03\output\random_dataset\dataset_821.jpg,output/random_dataset/dataset_821.jpg,cat
F:\NTSE\lab03\output\random_dataset\dataset_1802.jpg,output/random_dataset/dataset_1802.jpg,cat
F:\NTSE\lab03\output\random_dataset\dataset_5331.jpg,output/random_dataset/dataset_5331.jpg,cat
F:\NTSE\lab03\output\random_dataset\dataset_5731.jpg,output/random_dataset/dataset_5731.jpg,cat
F:\NTSE\lab03\output\random_dataset\dataset_2546.jpg,output/random_dataset/dataset_2546.jpg,cat
F:\NTSE\lab03\output\random_dataset\dataset_6263.jpg,output/random_dataset/dataset_6263.jpg,cat
F:\NTSE\lab03\output\random_dataset\dataset_260.jpg,output/random_dataset/dataset_260.jpg,cat
F:\NTSE\lab03\output\random_dataset\dataset_7944.jpg,output/random_dataset/dataset_7944.jpg,cat
F:\NTSE\lab03\output\random_dataset\dataset_1683.jpg,output/random_dataset/dataset_1683.jpg,cat
F:\NTSE\lab03\output\random_dataset\dataset_4932.jpg,output/random_dataset/dataset_4932.jpg,cat
F:\NTSE\lab03\output\random_dataset\dataset_86.jpg,output/random_dataset/dataset_86.jpg,cat
F:\NTSE\lab03\output\random_dataset\dataset_2778.jpg,output/random_dataset/dataset_2778.jpg,cat
F:\NTSE\lab03\output\random_dataset\dataset_6555.jpg,output/random_dataset/dataset_6555.jpg,cat
F:\NTSE\lab03\output\random_dataset\dataset_8196.jpg,output/random_dataset/dataset_8196.jpg,cat
F:\NTSE\lab03\output\random_dataset\dataset_9587.jpg,output/random_dataset/dataset_9587.jpg,cat
F:\NTSE\lab03\output\random_dataset\dataset_9106.jpg,output/random_dataset/dataset_9106.jpg,cat
F:\NTSE\lab03\output\random_dataset\dataset_8807.jpg,output/random_dataset/dataset_8807.jpg,cat
F:\NTSE\lab03\output\random_dataset\dataset_2636.jpg,output/random_dataset/dataset_2636.jpg,cat
F:\NTSE\lab03\output\random_dataset\dataset_1773.jpg,output/random_dataset/dataset_1773.jpg,cat
F:\NTSE\lab03\output\random_dataset\dataset_6439.jpg,output/random_dataset/dataset_6439.jpg,cat
F:\NTSE\lab03\output\random_dataset\dataset_3467.jpg,output/random_dataset/dataset_3467.jpg,cat
F:\NTSE\lab03\output\random_dataset\dataset_6406.jpg,output/random_dataset/dataset_6406.jpg,cat
F:\NTSE\lab03\output\random_dataset\dataset_4238.jpg,output/random_dataset/dataset_4238.jpg,cat
F:\NTSE\lab03\output\random_dataset\dataset_8232.jpg,output/random_dataset/dataset_8232.jpg,cat
F:\NTSE\lab03\output\random_dataset\dataset_7514.jpg,output/random_dataset/dataset_7514.jpg,cat
F:\NTSE\lab03\output\random_dataset\dataset_4460.jpg,output/random_dataset/dataset_4460.jpg,cat
F:\NTSE\lab03\output\random_dataset\dataset_3543.jpg,output/random_dataset/dataset_3543.jpg,cat
F:\NTSE\lab03\output\random_dataset\dataset_416.jpg,output/random_dataset/dataset_416.jpg,cat
F:\NTSE\lab03\output\random_dataset\dataset_9241.jpg,output/random_dataset/dataset_9241.jpg,cat
F:\NTSE\lab03\output\random_dataset\dataset_5045.jpg,output/random_dataset/dataset_5045.jpg,cat
F:\NTSE\lab03\output\random_dataset\dataset_2510.jpg,output/random_dataset/dataset_2510.jpg,cat
F:\NTSE\lab03\output\random_dataset\dataset_4486.jpg,output/random_dataset/dataset_4486.jpg,cat
F:\NTSE\lab03\output\random_dataset\dataset_29.jpg,output/random_dataset/dataset_29.jpg,cat
F:\NTSE\lab03\output\random_dataset\dataset_924.jpg,output/random_dataset/dataset_924.jpg,cat
F:\NTSE\lab03\output\random_dataset\dataset_321.jpg,output/random_dataset/dataset_321.jpg,cat
F:\NTSE\lab03\output\random_dataset\dataset_7183.jpg,output/random_dataset/dataset_7183.jpg,cat
F:\NTSE\lab03\output\random_dataset\dataset_1550.jpg,output/random_dataset/dataset_1550.jpg,cat
F:\NTSE\lab03\output\random_dataset\dataset_6644.jpg,output/random_dataset/dataset_6644.jpg,cat
F:\NTSE\lab03\output\random_dataset\dataset_7339.jpg,output/random_dataset/dataset_7339.jpg,cat
F:\NTSE\lab03\output\random_dataset\dataset_373.jpg,output/random_dataset/dataset_373.jpg,cat
F:\NTSE\lab03\output\random_dataset\dataset_3916.jpg,output/random_dataset/dataset_3916.jpg,cat
F:\NTSE\lab03\output\random_dataset\dataset_690.jpg,output/random_dataset/dataset_690.jpg,cat
F:\NTSE\lab03\output\random_dataset\dataset_2333.jpg,output/random_dataset/dataset_2333.jpg,cat
F:\NTSE\lab03\output\random_dataset\dataset_5372.jpg,output/random_dataset/dataset_5372.jpg,cat
F:\NTSE\lab03\output\random_dataset\dataset_7757.jpg,output/random_dataset/dataset_7757.jpg,cat
F:\NTSE\lab03\output\random_dataset\dataset_9715.jpg,output/random_dataset/dataset_9715.jpg,cat
F:\NTSE\lab03\output\random_dataset\dataset_6753.jpg,output/random_dataset/dataset_6753.jpg,cat
F:\NTSE\lab03\output\random_dataset\dataset_8670.jpg,output/random_dataset/dataset_8670.jpg,cat
F:\NTSE\lab03\output\random_dataset\dataset_8115.jpg,output/random_dataset/dataset_8115.jpg,cat
F:\NTSE\lab03\output\random_dataset\dataset_1541.jpg,output/random_dataset/dataset_1541.jpg,cat
F:\NTSE\lab03\output\random_dataset\dataset_6949.jpg,output/random_dataset/dataset_6949.jpg,cat
F:\NTSE\lab03\output\random_dataset\dataset_1605.jpg,output/random_dataset/dataset_1605.jpg,cat
F:\NTSE\lab03\output\random_dataset\dataset_6068.jpg,output/random_dataset/dataset_6068.jpg,cat
F:\NTSE\lab03\output\random_dataset\dataset_5558.jpg,output/random_dataset/dataset_5558.jpg,cat
F:\NTSE\lab03\output\random_dataset\dataset_4082.jpg,output/random_dataset/dataset_4082.jpg,cat
F:\NTSE\lab03\output\random_dataset\dataset_9063.jpg,output/random_dataset/dataset_9063.jpg,cat
F:\NTSE\lab03\output\random_dataset\dataset_5118.jpg,output/random_dataset/dataset_5118.jpg,cat
F:\NTSE\lab03\output\random_dataset\dataset_2943.jpg,output/random_dataset/dataset_2943.jpg,cat
F:\NTSE\lab03\output\random_dataset\dataset_479.jpg,output/random_dataset/dataset_479.jpg,cat
F:\NTSE\lab03\output\random_dataset\dataset_3855.jpg,output/random_dataset/dataset_3855.jpg,cat
F:\NTSE\lab03\output\random_dataset\dataset_8271.jpg,output/random_dataset/dataset_8271.jpg,cat
F:\NTSE\lab03\output\random_dataset\dataset_4356.jpg,output/random_dataset/dataset_4356.jpg,cat
F:\NTSE\lab03\output\random_dataset\dataset_6191.jpg,output/random_dataset/dataset_6191.jpg,cat
F:\NTSE\lab03\output\random_dataset\dataset_6875.jpg,output/random_dataset/dataset_6875.jpg,cat
F:\NTSE\lab03\output\random_dataset\dataset_9318.jpg,output/random_dataset/dataset_9318.jpg,cat
F:\NTSE\lab03\output\random_dataset\dataset_6004.jpg,output/random_dataset/dataset_6004.jpg,cat
F:\NTSE\lab03\output\random_dataset\dataset_3919.jpg,output/random_dataset/dataset_3919.jpg,cat
F:\NTSE\lab03\output\random_dataset\dataset_7245.jpg,output/random_dataset/dataset_7245.jpg,cat
F:\NTSE\lab03\output\random_dataset\dataset_5104.jpg,output/random_dataset/dataset_5104.jpg,cat
F:\NTSE\lab03\output\random_dataset\dataset_4622.jpg,output/random_dataset/dataset_4622.jpg,cat
F:\NTSE\lab03\output\random_dataset\dataset_105.jpg,output/random_dataset/dataset_105.jpg,cat
F:\NTSE\lab03\output\random_dataset\dataset_6242.jpg,output/random_dataset/dataset_6242.jpg,cat
F:\NTSE\lab03\output\random_dataset\dataset_2165.jpg,output/random_dataset/dataset_2165.jpg,cat
F:\NTSE\lab03\output\random_dataset\dataset_7104.jpg,output/random_dataset/dataset_7104.jpg,cat
F:\NTSE\lab03\output\random_dataset\dataset_4556.jpg,output/random_dataset/dataset_4556.jpg,cat
F:\NTSE\lab03\output\random_dataset\dataset_5679.jpg,output/random_dataset/dataset_5679.jpg,cat
F:\NTSE\lab03\output\random_dataset\dataset_9130.jpg,output/random_dataset/dataset_9130.jpg,cat
F:\NTSE\lab03\output\random_dataset\dataset_8826.jpg,output/random_dataset/dataset_8826.jpg,cat
F:\NTSE\lab03\output\random_dataset\dataset_8633.jpg,output/random_dataset/dataset_8633.jpg,cat
F:\NTSE\lab03\output\random_dataset\dataset_4646.jpg,output/random_dataset/dataset_4646.jpg,cat
F:\NTSE\lab03\output\random_dataset\dataset_2885.jpg,output/random_dataset/dataset_2885.jpg,cat
F:\NTSE\lab03\output\random_dataset\dataset_7361.jpg,output/random_dataset/dataset_7361.jpg,cat
F:\NTSE\lab03\output\random_dataset\dataset_7708.jpg,output/random_dataset/dataset_7708.jpg,cat
F:\NTSE\lab03\output\random_dataset\dataset_3413.jpg,output/random_dataset/dataset_3413.jpg,cat
F:\NTSE\lab03\output\random_dataset\dataset_3388.jpg,output/random_dataset/dataset_3388.jpg,cat
F:\NTSE\lab03\output\random_dataset\dataset_7370.jpg,output/random_dataset/dataset_7370.jpg,cat
F:\NTSE\lab03\output\random_dataset\dataset_8811.jpg,output/random_dataset/dataset_8811.jpg,cat
F:\NTSE\lab03\output\random_dataset\dataset_9362.jpg,output/random_dataset/dataset_9362.jpg,cat
F:\NTSE\lab03\output\random_dataset\dataset_8851.jpg,output/random_dataset/dataset_8851.jpg,cat
F:\NTSE\lab03\output\random_dataset\dataset_3202.jpg,output/random_dataset/dataset_3202.jpg,cat
F:\NTSE\lab03\output\random_dataset\dataset_3141.jpg,output/random_dataset/dataset_3141.jpg,cat
F:\NTSE\lab03\output\random_dataset\dataset_1055.jpg,output/random_dataset/dataset_1055.jpg,cat
F:\NTSE\lab03\output\random_dataset\dataset_1291.jpg,output/random_dataset/dataset_1291.jpg,cat
F:\NTSE\lab03\output\random_dataset\dataset_8343.jpg,output/random_dataset/dataset_8343.jpg,cat
F:\NTSE\lab03\output\random_dataset\dataset_7426.jpg,output/random_dataset/dataset_7426.jpg,cat
F:\NTSE\lab03\output\random_dataset\dataset_4924.jpg,output/random_dataset/dataset_4924.jpg,cat
F:\NTSE\lab03\output\random_dataset\dataset_2201.jpg,output/random_dataset/dataset_2201.jpg,cat
F:\NTSE\lab03\output\random_dataset\dataset_9813.jpg,output/random_dataset/dataset_9813.jpg,cat
F:\NTSE\lab03\output\random_dataset\dataset_6428.jpg,output/random_dataset/dataset_6428.jpg,cat
F:\NTSE\lab03\output\random_dataset\dataset_3532.jpg,output/random_dataset/dataset_3532.jpg,cat
F:\NTSE\lab03\output\random_dataset\dataset_4665.jpg,output/random_dataset/dataset_4665.jpg,cat
F:\NTSE\lab03\output\random_dataset\dataset_3357.jpg,output/random_dataset/dataset_3357.jpg,cat
F:\NTSE\lab03\output\random_dataset\dataset_3567.jpg,output/random_dataset/dataset_3567.jpg,cat
F:\NTSE\lab03\output\random_dataset\dataset_38.jpg,output/random_dataset/dataset_38.jpg,cat
F:\NTSE\lab03\output\random_dataset\dataset_2896.jpg,output/random_dataset/dataset_2896.jpg,cat
F:\NTSE\lab03\output\random_dataset\dataset_499.jpg,output/random_dataset/dataset_499.jpg,cat
F:\NTSE\lab03\output\random_dataset\dataset_893.jpg,output/random_dataset/dataset_893.jpg,cat
F:\NTSE\lab03\output\random_dataset\dataset_8673.jpg,output/random_dataset/dataset_8673.jpg,cat
F:\NTSE\lab03\output\random_dataset\dataset_1118.jpg,output/random_dataset/dataset_1118.jpg,cat
F:\NTSE\lab03\output\random_dataset\dataset_592.jpg,output/random_dataset/dataset_592.jpg,cat
F:\NTSE\lab03\output\random_dataset\dataset_23.jpg,output/random_dataset/dataset_23.jpg,cat
F:\NTSE\lab03\output\random_dataset\dataset_3617.jpg,output/random_dataset/dataset_3617.jpg,cat
F:\NTSE\lab03\output\random_dataset\dataset_9562.jpg,output/random_dataset/dataset_9562.jpg,cat
F:\NTSE\lab03\output\random_dataset\dataset_7041.jpg,output/random_dataset/dataset_7041.jpg,cat
F:\NTSE\lab03\output\random_dataset\dataset_3172.jpg,output/random_dataset/dataset_3172.jpg,cat
F:\NTSE\lab03\output\random_dataset\dataset_7507.jpg,output/random_dataset/dataset_7507.jpg,cat
F:\NTSE\lab03\output\random_dataset\dataset_693.jpg,output/random_dataset/dataset_693.jpg,cat
F:\NTSE\lab03\output\random_dataset\dataset_8794.jpg,output/random_dataset/dataset_8794.jpg,cat
F:\NTSE\lab03\output\random_dataset\dataset_4205.jpg,output/random_dataset/dataset_4205.jpg,cat
F:\NTSE\lab03\output\random_dataset\dataset_6479.jpg,output/random_dataset/dataset_6479.jpg,cat
F:\NTSE\lab03\output\random_dataset\dataset_6544.jpg,output/random_dataset/dataset_6544.jpg,cat
F:\NTSE\lab03\output\random_dataset\dataset_3599.jpg,output/random_dataset/dataset_3599.jpg,cat
F:\NTSE\lab03\output\random_dataset\dataset_7281.jpg,output/random_dataset/dataset_7281.jpg,cat
F:\NTSE\lab03\output\random_dataset\dataset_7751.jpg,output/random_dataset/dataset_7751.jpg,cat
F:\NTSE\lab03\output\random_dataset\dataset_2623.jpg,output/random_dataset/dataset_2623.jpg,cat
F:\NTSE\lab03\output\random_dataset\dataset_818.jpg,output/random_dataset/dataset_818.jpg,cat
F:\NTSE\lab03\output\random_dataset\dataset_5875.jpg,output/random_dataset/dataset_5875.jpg,cat
F:\NTSE\lab03\output\random_dataset\dataset_2090.jpg,output/random_dataset/dataset_2090.jpg,cat
F:\NTSE\lab03\output\random_dataset\dataset_4229.jpg,output/random_dataset/dataset_4229.jpg,cat
F:\NTSE\lab03\output\random_dataset\dataset_4128.jpg,output/random_dataset/dataset_4128.jpg,cat
F:\NTSE\lab03\output\random_dataset\dataset_2526.jpg,output/random_dataset/dataset_2526.jpg,cat
F:\NTSE\lab03\output\random_dataset\dataset_2454.jpg,output/random_dataset/dataset_2454.jpg,cat
F:\NTSE\lab03\output\random_dataset\dataset_1572.jpg,output/random_dataset/dataset_1572.jpg,cat
F:\NTSE\lab03\output\random_dataset\dataset_8167.jpg,output/random_dataset/dataset_8167.jpg,cat
F:\NTSE\lab03\output\random_dataset\dataset_7080.jpg,output/random_dataset/dataset_7080.jpg,cat
F:\NTSE\lab03\output\random_dataset\dataset_4664.jpg,output/random_dataset/dataset_4664.jpg,cat
F:\NTSE\lab03\output\random_dataset\dataset_9317.jpg,output/random_dataset/dataset_9317.jpg,cat
F:\NTSE\lab03\output\random_dataset\dataset_4280.jpg,output/random_dataset/dataset_4280.jpg,cat
F:\NTSE\lab03\output\random_dataset\dataset_7859.jpg,output/random_dataset/dataset_7859.jpg,cat
F:\NTSE\lab03\output\random_dataset\dataset_8619.jpg,output/random_dataset/dataset_8619.jpg,cat
F:\NTSE\lab03\output\random_dataset\dataset_2250.jpg,output/random_dataset/dataset_2250.jpg,cat
F:\NTSE\lab03\output\random_dataset\dataset_8561.jpg,output/random_dataset/dataset_8561.jpg,cat
F:\NTSE\lab03\output\random_dataset\dataset_4957.jpg,output/random_dataset/dataset_4957.jpg,cat
F:\NTSE\lab03\output\random_dataset\dataset_4907.jpg,output/random_dataset/dataset_4907.jpg,cat
F:\NTSE\lab03\output\random_dataset\dataset_1919.jpg,output/random_dataset/dataset_1919.jpg,cat
F:\NTSE\lab03\output\random_dataset\dataset_8225.jpg,output/random_dataset/dataset_8225.jpg,cat
F:\NTSE\lab03\output\random_dataset\dataset_6284.jpg,output/random_dataset/dataset_6284.jpg,cat
F:\NTSE\lab03\output\random_dataset\dataset_4833.jpg,output/random_dataset/dataset_4833.jpg,cat
F:\NTSE\lab03\output\random_dataset\dataset_5048.jpg,output/random_dataset/dataset_5048.jpg,cat
F:\NTSE\lab03\output\random_dataset\dataset_5972.jpg,output/random_dataset/dataset_5972.jpg,cat
F:\NTSE\lab03\output\random_dataset\dataset_9267.jpg,output/random_dataset/dataset_9267.jpg,cat
F:\NTSE\lab03\output\random_dataset\dataset_6065.jpg,output/random_dataset/dataset_6065.jpg,cat
F:\NTSE\lab03\output\random_dataset\dataset_4410.jpg,output/random_dataset/dataset_4410.jpg,cat
F:\NTSE\lab03\output\random_dataset\dataset_603.jpg,output/random_dataset/dataset_603.jpg,cat
F:\NTSE\lab03\output\random_dataset\dataset_5028.jpg,output/random_dataset/dataset_5028.jpg,cat
F:\NTSE\lab03\output\random_dataset\dataset_2358.jpg,output/random_dataset/dataset_2358.jpg,cat
F:\NTSE\lab03\output\random_dataset\dataset_9099.jpg,output/random_dataset/dataset_9099.jpg,cat
F:\NTSE\lab03\output\random_dataset\dataset_7233.jpg,output/random_dataset/dataset_7233.jpg,cat
F:\NTSE\lab03\output\random_dataset\dataset_9521.jpg,output/random_dataset/dataset_9521.jpg,cat
F:\NTSE\lab03\output\random_dataset\dataset_2394.jpg,output/random_dataset/dataset_2394.jpg,cat
F:\NTSE\lab03\output\random_dataset\dataset_6140.jpg,output/random_dataset/dataset_6140.jpg,cat
F:\NTSE\lab03\output\random_dataset\dataset_6156.jpg,output/random_dataset/dataset_6156.jpg,cat
F:\NTSE\lab03\output\random_dataset\dataset_2563.jpg,output/random_dataset/dataset_2563.jpg,cat
F:\NTSE\lab03\output\random_dataset\dataset_3624.jpg,output/random_dataset/dataset_3624.jpg,cat
F:\NTSE\lab03\output\random_dataset\dataset_5.jpg,output/random_dataset/dataset_5.jpg,cat
F:\NTSE\lab03\output\random_dataset\dataset_5619.jpg,output/random_dataset/dataset_5619.jpg,cat
F:\NTSE\lab03\output\random_dataset\dataset_9711.jpg,output/random_dataset/dataset_9711.jpg,cat
F:\NTSE\lab03\output\random_dataset\dataset_223.jpg,output/random_dataset/dataset_223.jpg,cat
F:\NTSE\lab03\output\random_dataset\dataset_8187.jpg,output/random_dataset/dataset_8187.jpg,cat
F:\NTSE\lab03\output\random_dataset\dataset_9081.jpg,output/random_dataset/dataset_9081.jpg,cat
F:\NTSE\lab03\output\random_dataset\dataset_6913.jpg,output/random_dataset/dataset_6913.jpg,cat
F:\NTSE\lab03\output\random_dataset\dataset_2690.jpg,output/random_dataset/dataset_2690.jpg,cat
F:\NTSE\lab03\output\random_dataset\dataset_617.jpg,output/random_dataset/dataset_617.jpg,cat
F:\NTSE\lab03\output\random_dataset\dataset_5322.jpg,output/random_dataset/dataset_5322.jpg,cat
F:\NTSE\lab03\output\random_dataset\dataset_5571.jpg,output/random_dataset/dataset_5571.jpg,cat
F:\NTSE\lab03\output\random_dataset\dataset_7028.jpg,output/random_dataset/dataset_7028.jpg,cat
F:\NTSE\lab03\output\random_dataset\dataset_4323.jpg,output/random_dataset/dataset_4323.jpg,cat
F:\NTSE\lab03\output\random_dataset\dataset_3506.jpg,output/random_dataset/dataset_3506.jpg,cat
F:\NTSE\lab03\output\random_dataset\dataset_1866.jpg,output/random_dataset/dataset_1866.jpg,cat
F:\NTSE\lab03\output\random_dataset\dataset_6220.jpg,output/random_dataset/dataset_6220.jpg,cat
F:\NTSE\lab03\output\random_dataset\dataset_8501.jpg,output/random_dataset/dataset_8501.jpg,cat
F:\NTSE\lab03\output\random_dataset\dataset_2639.jpg,output/random_dataset/dataset_2639.jpg,cat
F:\NTSE\lab03\output\random_dataset\dataset_7397.jpg,output/random_dataset/dataset_7397.jpg,cat
F:\NTSE\lab03\output\random_dataset\dataset_6224.jpg,output/random_dataset/dataset_6224.jpg,cat
F:\NTSE\lab03\output\random_dataset\dataset_1065.jpg,output/random_dataset/dataset_1065.jpg,cat
F:\NTSE\lab03\output\random_dataset\dataset_6739.jpg,output/random_dataset/dataset_6739.jpg,cat
F:\NTSE\lab03\output\random_dataset\dataset_3191.jpg,output/random_dataset/dataset_3191.jpg,cat
F:\NTSE\lab03\output\random_dataset\dataset_9884.jpg,output/random_dataset/dataset_9884.jpg,cat
F:\NTSE\lab03\output\random_dataset\dataset_9516.jpg,output/random_dataset/dataset_9516.jpg,cat
F:\NTSE\lab03\output\random_dataset\dataset_109.jpg,output/random_dataset/dataset_109.jpg,cat
F:\NTSE\lab03\output\random_dataset\dataset_638.jpg,output/random_dataset/dataset_638.jpg,cat
F:\NTSE\lab03\output\random_dataset\dataset_5712.jpg,output/random_dataset/dataset_5712.jpg,cat
F:\NTSE\lab03\output\random_dataset\dataset_8247.jpg,output/random_dataset/dataset_8247.jpg,cat
F:\NTSE\lab03\output\random_dataset\dataset_7074.jpg,output/random_dataset/dataset_7074.jpg,cat
F:\NTSE\lab03\output\random_dataset\dataset_9142.jpg,output/random_dataset/dataset_9142.jpg,cat
F:\NTSE\lab03\output\random_dataset\dataset_9046.jpg,output/random_dataset/dataset_9046.jpg,cat
F:\NTSE\lab03\output\random_dataset\dataset_7036.jpg,output/random_dataset/dataset_7036.jpg,cat
F:\NTSE\lab03\output\random_dataset\dataset_3559.jpg,output/random_dataset/dataset_3559.jpg,cat
F:\NTSE\lab03\output\random_dataset\dataset_6410.jpg,output/random_dataset/dataset_6410.jpg,cat
F:\NTSE\lab03\output\random_dataset\dataset_7284.jpg,output/random_dataset/dataset_7284.jpg,cat
F:\NTSE\lab03\output\random_dataset\dataset_835.jpg,output/random_dataset/dataset_835.jpg,cat
F:\NTSE\lab03\output\random_dataset\dataset_4776.jpg,output/random_dataset/dataset_4776.jpg,cat
F:\NTSE\lab03\output\random_dataset\dataset_3704.jpg,output/random_dataset/dataset_3704.jpg,cat
F:\NTSE\lab03\output\random_dataset\dataset_2607.jpg,output/random_dataset/dataset_2607.jpg,cat
F:\NTSE\lab03\output\random_dataset\dataset_3717.jpg,output/random_dataset/dataset_3717.jpg,cat
F:\NTSE\lab03\output\random_dataset\dataset_3883.jpg,output/random_dataset/dataset_3883.jpg,cat
F:\NTSE\lab03\output\random_dataset\dataset_7822.jpg,output/random_dataset/dataset_7822.jpg,cat
F:\NTSE\lab03\output\random_dataset\dataset_2881.jpg,output/random_dataset/dataset_2881.jpg,cat
F:\NTSE\lab03\output\random_dataset\dataset_9956.jpg,output/random_dataset/dataset_9956.jpg,cat
F:\NTSE\lab03\output\random_dataset\dataset_4440.jpg,output/random_dataset/dataset_4440.jpg,cat
F:\NTSE\lab03\output\random_dataset\dataset_6096.jpg,output/random_dataset/dataset_6096.jpg,cat
F:\NTSE\lab03\output\random_dataset\dataset_83.jpg,output/random_dataset/dataset_83.jpg,cat
F:\NTSE\lab03\output\random_dataset\dataset_4319.jpg,output/random_dataset/dataset_4319.jpg,cat
F:\NTSE\lab03\output\random_dataset\dataset_7327.jpg,output/random_dataset/dataset_7327.jpg,cat
F:\NTSE\lab03\output\random_dataset\dataset_3951.jpg,output/random_dataset/dataset_3951.jpg,cat
F:\NTSE\lab03\output\random_dataset\dataset_1469.jpg,output/random_dataset/dataset_1469.jpg,cat
F:\NTSE\lab03\output\random_dataset\dataset_2536.jpg,output/random_dataset/dataset_2536.jpg,cat
F:\NTSE\lab03\output\random_dataset\dataset_626.jpg,output/random_dataset/dataset_626.jpg,cat
F:\NTSE\lab03\output\random_dataset\dataset_6437.jpg,output/random_dataset/dataset_6437.jpg,cat
F:\NTSE\lab03\output\random_dataset\dataset_3693.jpg,output/random_dataset/dataset_3693.jpg,cat
F:\NTSE\lab03\output\random_dataset\dataset_1897.jpg,output/random_dataset/dataset_1897.jpg,cat
F:\NTSE\lab03\output\random_dataset\dataset_8040.jpg,output/random_dataset/dataset_8040.jpg,cat
F:\NTSE\lab03\output\random_dataset\dataset_1235.jpg,output/random_dataset/dataset_1235.jpg,cat
F:\NTSE\lab03\output\random_dataset\dataset_208.jpg,output/random_dataset/dataset_208.jpg,cat
F:\NTSE\lab03\output\random_dataset\dataset_1286.jpg,output/random_dataset/dataset_1286.jpg,cat
F:\NTSE\lab03\output\random_dataset\dataset_5022.jpg,output/random_dataset/dataset_5022.jpg,cat
F:\NTSE\lab03\output\random_dataset\dataset_576.jpg,output/random_dataset/dataset_576.jpg,cat
F:\NTSE\lab03\output\random_dataset\dataset_1110.jpg,output/random_dataset/dataset_1110.jpg,cat
F:\NTSE\lab03\output\random_dataset\dataset_7793.jpg,output/random_dataset/dataset_7793.jpg,cat
F:\NTSE\lab03\output\random_dataset\dataset_7253.jpg,output/random_dataset/dataset_7253.jpg,cat
F:\NTSE\lab03\output\random_dataset\dataset_6860.jpg,output/random_dataset/dataset_6860.jpg,cat
F:\NTSE\lab03\output\random_dataset\dataset_5537.jpg,output/random_dataset/dataset_5537.jpg,cat
F:\NTSE\lab03\output\random_dataset\dataset_7053.jpg,output/random_dataset/dataset_7053.jpg,cat
F:\NTSE\lab03\output\random_dataset\dataset_4456.jpg,output/random_dataset/dataset_4456.jpg,cat
F:\NTSE\lab03\output\random_dataset\dataset_5916.jpg,output/random_dataset/dataset_5916.jpg,cat
F:\NTSE\lab03\output\random_dataset\dataset_2241.jpg,output/random_dataset/dataset_2241.jpg,cat
F:\NTSE\lab03\output\random_dataset\dataset_7743.jpg,output/random_dataset/dataset_7743.jpg,cat
F:\NTSE\lab03\output\random_dataset\dataset_2067.jpg,output/random_dataset/dataset_2067.jpg,cat
F:\NTSE\lab03\output\random_dataset\dataset_484.jpg,output/random_dataset/dataset_484.jpg,cat
F:\NTSE\lab03\output\random_dataset\dataset_4167.jpg,output/random_dataset/dataset_4167.jpg,cat
F:\NTSE\lab03\output\random_dataset\dataset_6282.jpg,output/random_dataset/dataset_6282.jpg,cat
F:\NTSE\lab03\output\random_dataset\dataset_3295.jpg,output/random_dataset/dataset_3295.jpg,cat
F:\NTSE\lab03\output\random_dataset\dataset_911.jpg,output/random_dataset/dataset_911.jpg,cat
F:\NTSE\lab03\output\random_dataset\dataset_6558.jpg,output/random_dataset/dataset_6558.jpg,cat
F:\NTSE\lab03\output\random_dataset\dataset_9622.jpg,output/random_dataset/dataset_9622.jpg,cat
F:\NTSE\lab03\output\random_dataset\dataset_775.jpg,output/random_dataset/dataset_775.jpg,cat
F:\NTSE\lab03\output\random_dataset\dataset_1652.jpg,output/random_dataset/dataset_1652.jpg,cat
F:\NTSE\lab03\output\random_dataset\dataset_8473.jpg,output/random_dataset/dataset_8473.jpg,cat
F:\NTSE\lab03\output\random_dataset\dataset_5984.jpg,output/random_dataset/dataset_5984.jpg,cat
F:\NTSE\lab03\output\random_dataset\dataset_4530.jpg,output/random_dataset/dataset_4530.jpg,cat
F:\NTSE\lab03\output\random_dataset\dataset_6443.jpg,output/random_dataset/dataset_6443.jpg,cat
F:\NTSE\lab03\output\random_dataset\dataset_5594.jpg,output/random_dataset/dataset_5594.jpg,cat
F:\NTSE\lab03\output\random_dataset\dataset_1149.jpg,output/random_dataset/dataset_1149.jpg,cat
F:\NTSE\lab03\output\random_dataset\dataset_1448.jpg,output/random_dataset/dataset_1448.jpg,cat
F:\NTSE\lab03\output\random_dataset\dataset_3427.jpg,output/random_dataset/dataset_3427.jpg,cat
F:\NTSE\lab03\output\random_dataset\dataset_2980.jpg,output/random_dataset/dataset_2980.jpg,cat
F:\NTSE\lab03\output\random_dataset\dataset_9917.jpg,output/random_dataset/dataset_9917.jpg,cat
F:\NTSE\lab03\output\random_dataset\dataset_4104.jpg,output/random_dataset/dataset_4104.jpg,cat
F:\NTSE\lab03\output\random_dataset\dataset_6328.jpg,output/random_dataset/dataset_6328.jpg,cat
F:\NTSE\lab03\output\random_dataset\dataset_7117.jpg,output/random_dataset/dataset_7117.jpg,cat
F:\NTSE\lab03\output\random_dataset\dataset_1333.jpg,output/random_dataset/dataset_1333.jpg,cat
F:\NTSE\lab03\output\random_dataset\dataset_5153.jpg,output/random_dataset/dataset_5153.jpg,cat
F:\NTSE\lab03\output\random_dataset\dataset_6527.jpg,output/random_dataset/dataset_6527.jpg,cat
F:\NTSE\lab03\output\random_dataset\dataset_9780.jpg,output/random_dataset/dataset_9780.jpg,cat
F:\NTSE\lab03\output\random_dataset\dataset_1810.jpg,output/random_dataset/dataset_1810.jpg,cat
F:\NTSE\lab03\output\random_dataset\dataset_5360.jpg,output/random_dataset/dataset_5360.jpg,cat
F:\NTSE\lab03\output\random_dataset\dataset_1952.jpg,output/random_dataset/dataset_1952.jpg,cat
F:\NTSE\lab03\output\random_dataset\dataset_3229.jpg,output/random_dataset/dataset_3229.jpg,cat
F:\NTSE\lab03\output\random_dataset\dataset_7686.jpg,output/random_dataset/dataset_7686.jpg,cat
F:\NTSE\lab03\output\random_dataset\dataset_4382.jpg,output/random_dataset/dataset_4382.jpg,cat
F:\NTSE\lab03\output\random_dataset\dataset_5425.jpg,output/random_dataset/dataset_5425.jpg,cat
F:\NTSE\lab03\output\random_dataset\dataset_66.jpg,output/random_dataset/dataset_66.jpg,cat
F:\NTSE\lab03\output\random_dataset\dataset_149.jpg,output/random_dataset/dataset_149.jpg,cat
F:\NTSE\lab03\output\random_dataset\dataset_5083.jpg,output/random_dataset/dataset_5083.jpg,cat
F:\NTSE\lab03\output\random_dataset\dataset_7816.jpg,output/random_dataset/dataset_7816.jpg,cat
F:\NTSE\lab03\output\random_dataset\dataset_8364.jpg,output/random_dataset/dataset_8364.jpg,cat
F:\NTSE\lab03\output\random_dataset\dataset_4633.jpg,output/random_dataset/dataset_4633.jpg,cat
F:\NTSE\lab03\output\random_dataset\dataset_6928.jpg,output/random_dataset/dataset_6928.jpg,cat
F:\NTSE\lab03\output\random_dataset\dataset_2404.jpg,output/random_dataset/dataset_2404.jpg,cat
F:\NTSE\lab03\output\random_dataset\dataset_6487.jpg,output/random_dataset/dataset_6487.jpg,cat
F:\NTSE\lab03\output\random_dataset\dataset_7924.jpg,output/random_dataset/dataset_7924.jpg,cat
F:\NTSE\lab03\output\random_dataset\dataset_5035.jpg,output/random_dataset/dataset_5035.jpg,cat
F:\NTSE\lab03\output\random_dataset\dataset_7543.jpg,output/random_dataset/dataset_7543.jpg,cat
F:\NTSE\lab03\output\random_dataset\dataset_2156.jpg,output/random_dataset/dataset_2156.jpg,cat
F:\NTSE\lab03\output\random_dataset\dataset_3561.jpg,output/random_dataset/dataset_3561.jpg,cat
F:\NTSE\lab03\output\random_dataset\dataset_6595.jpg,output/random_dataset/dataset_6595.jpg,cat
F:\NTSE\lab03\output\random_dataset\dataset_9119.jpg,output/random_dataset/dataset_9119.jpg,cat
F:\NTSE\lab03\output\random_dataset\dataset_6134.jpg,output/random_dataset/dataset_6134.jpg,cat
F:\NTSE\lab03\output\random_dataset\dataset_1597.jpg,output/random_dataset/dataset_1597.jpg,cat
F:\NTSE\lab03\output\random_dataset\dataset_30.jpg,output/random_dataset/dataset_30.jpg,cat
F:\NTSE\lab03\output\random_dataset\dataset_3182.jpg,output/random_dataset/dataset_3182.jpg,cat
F:\NTSE\lab03\output\random_dataset\dataset_8581.jpg,output/random_dataset/dataset_8581.jpg,cat
F:\NTSE\lab03\output\random_dataset\dataset_7025.jpg,output/random_dataset/dataset_7025.jpg,cat
F:\NTSE\lab03\output\random_dataset\dataset_5631.jpg,output/random_dataset/dataset_5631.jpg,cat
F:\NTSE\lab03\output\random_dataset\dataset_9400.jpg,output/random_dataset/dataset_9400.jpg,cat
F:\NTSE\lab03\output\random_dataset\dataset_4327.jpg,output/random_dataset/dataset_4327.jpg,cat
F:\NTSE\lab03\output\random_dataset\dataset_9354.jpg,output/random_dataset/dataset_9354.jpg,cat
F:\NTSE\lab03\output\random_dataset\dataset_795.jpg,output/random_dataset/dataset_795.jpg,cat
F:\NTSE\lab03\output\random_dataset\dataset_4084.jpg,output/random_dataset/dataset_4084.jpg,cat
F:\NTSE\lab03\output\random_dataset\dataset_7479.jpg,output/random_dataset/dataset_7479.jpg,cat
F:\NTSE\lab03\output\random_dataset\dataset_9629.jpg,output/random_dataset/dataset_9629.jpg,cat
F:\NTSE\lab03\output\random_dataset\dataset_476.jpg,output/random_dataset/dataset_476.jpg,cat
F:\NTSE\lab03\output\random_dataset\dataset_6757.jpg,output/random_dataset/dataset_6757.jpg,cat
F:\NTSE\lab03\output\random_dataset\dataset_5429.jpg,output/random_dataset/dataset_5429.jpg,cat
F:\NTSE\lab03\output\random_dataset\dataset_1828.jpg,output/random_dataset/dataset_1828.jpg,cat
F:\NTSE\lab03\output\random_dataset\dataset_8105.jpg,output/random_dataset/dataset_8105.jpg,cat
F:\NTSE\lab03\output\random_dataset\dataset_9124.jpg,output/random_dataset/dataset_9124.jpg,cat
F:\NTSE\lab03\output\random_dataset\dataset_2380.jpg,output/random_dataset/dataset_2380.jpg,cat
F:\NTSE\lab03\output\random_dataset\dataset_5618.jpg,output/random_dataset/dataset_5618.jpg,cat
F:\NTSE\lab03\output\random_dataset\dataset_7186.jpg,output/random_dataset/dataset_7186.jpg,cat
F:\NTSE\lab03\output\random_dataset\dataset_7286.jpg,output/random_dataset/dataset_7286.jpg,cat
F:\NTSE\lab03\output\random_dataset\dataset_7478.jpg,output/random_dataset/dataset_7478.jpg,cat
F:\NTSE\lab03\output\random_dataset\dataset_5362.jpg,output/random_dataset/dataset_5362.jpg,cat
F:\NTSE\lab03\output\random_dataset\dataset_5475.jpg,output/random_dataset/dataset_5475.jpg,cat
F:\NTSE\lab03\output\random_dataset\dataset_5673.jpg,output/random_dataset/dataset_5673.jpg,cat
F:\NTSE\lab03\output\random_dataset\dataset_2816.jpg,output/random_dataset/dataset_2816.jpg,cat
F:\NTSE\lab03\output\random_dataset\dataset_6643.jpg,output/random_dataset/dataset_6643.jpg,cat
F:\NTSE\lab03\output\random_dataset\dataset_7599.jpg,output/random_dataset/dataset_7599.jpg,cat
F:\NTSE\lab03\output\random_dataset\dataset_3455.jpg,output/random_dataset/dataset_3455.jpg,cat
F:\NTSE\lab03\output\random_dataset\dataset_9564.jpg,output/random_dataset/dataset_9564.jpg,cat
F:\NTSE\lab03\output\random_dataset\dataset_3520.jpg,output/random_dataset/dataset_3520.jpg,cat
F:\NTSE\lab03\output\random_dataset\dataset_3657.jpg,output/random_dataset/dataset_3657.jpg,cat
F:\NTSE\lab03\output\random_dataset\dataset_6560.jpg,output/random_dataset/dataset_6560.jpg,cat
F:\NTSE\lab03\output\random_dataset\dataset_6246.jpg,output/random_dataset/dataset_6246.jpg,cat
F:\NTSE\lab03\output\random_dataset\dataset_7799.jpg,output/random_dataset/dataset_7799.jpg,cat
F:\NTSE\lab03\output\random_dataset\dataset_9392.jpg,output/random_dataset/dataset_9392.jpg,cat
F:\NTSE\lab03\output\random_dataset\dataset_6673.jpg,output/random_dataset/dataset_6673.jpg,cat
F:\NTSE\lab03\output\random_dataset\dataset_6081.jpg,output/random_dataset/dataset_6081.jpg,cat
F:\NTSE\lab03\output\random_dataset\dataset_5295.jpg,output/random_dataset/dataset_5295.jpg,cat
F:\NTSE\lab03\output\random_dataset\dataset_6473.jpg,output/random_dataset/dataset_6473.jpg,cat
F:\NTSE\lab03\output\random_dataset\dataset_4160.jpg,output/random_dataset/dataset_4160.jpg,cat
F:\NTSE\lab03\output\random_dataset\dataset_602.jpg,output/random_dataset/dataset_602.jpg,cat
F:\NTSE\lab03\output\random_dataset\dataset_6972.jpg,output/random_dataset/dataset_6972.jpg,cat
F:\NTSE\lab03\output\random_dataset\dataset_8309.jpg,output/random_dataset/dataset_8309.jpg,cat
F:\NTSE\lab03\output\random_dataset\dataset_7592.jpg,output/random_dataset/dataset_7592.jpg,cat
F:\NTSE\lab03\output\random_dataset\dataset_2515.jpg,output/random_dataset/dataset_2515.jpg,cat
F:\NTSE\lab03\output\random_dataset\dataset_5415.jpg,output/random_dataset/dataset_5415.jpg,cat
F:\NTSE\lab03\output\random_dataset\dataset_8863.jpg,output/random_dataset/dataset_8863.jpg,cat
F:\NTSE\lab03\output\random_dataset\dataset_3784.jpg,output/random_dataset/dataset_3784.jpg,cat
F:\NTSE\lab03\output\random_dataset\dataset_520.jpg,output/random_dataset/dataset_520.jpg,cat
F:\NTSE\lab03\output\random_dataset\dataset_4617.jpg,output/random_dataset/dataset_4617.jpg,cat
F:\NTSE\lab03\output\random_dataset\dataset_7671.jpg,output/random_dataset/dataset_7671.jpg,cat
F:\NTSE\lab03\output\random_dataset\dataset_3435.jpg,output/random_dataset/dataset_3435.jpg,cat
F:\NTSE\lab03\output\random_dataset\dataset_4517.jpg,output/random_dataset/dataset_4517.jpg,cat
F:\NTSE\lab03\output\random_dataset\dataset_9775.jpg,output/random_dataset/dataset_9775.jpg,cat
F:\NTSE\lab03\output\random_dataset\dataset_1163.jpg,output/random_dataset/dataset_1163.jpg,cat
F:\NTSE\lab03\output\random_dataset\dataset_5250.jpg,output/random_dataset/dataset_5250.jpg,cat
F:\NTSE\lab03\output\random_dataset\dataset_4962.jpg,output/random_dataset/dataset_4962.jpg,cat
F:\NTSE\lab03\output\random_dataset\dataset_5610.jpg,output/random_dataset/dataset_5610.jpg,cat
F:\NTSE\lab03\output\random_dataset\dataset_3700.jpg,output/random_dataset/dataset_3700.jpg,cat
F:\NTSE\lab03\output\random_dataset\dataset_7505.jpg,output/random_dataset/dataset_7505.jpg,cat
F:\NTSE\lab03\output\random_dataset\dataset_3575.jpg,output/random_dataset/dataset_3575.jpg,cat
F:\NTSE\lab03\output\random_dataset\dataset_1929.jpg,output/random_dataset/dataset_1929.jpg,cat
F:\NTSE\lab03\output\random_dataset\dataset_5947.jpg,output/random_dataset/dataset_5947.jpg,cat
F:\NTSE\lab03\output\random_dataset\dataset_9814.jpg,output/random_dataset/dataset_9814.jpg,cat
F:\NTSE\lab03\output\random_dataset\dataset_2411.jpg,output/random_dataset/dataset_2411.jpg,cat
F:\NTSE\lab03\output\random_dataset\dataset_3421.jpg,output/random_dataset/dataset_3421.jpg,cat
F:\NTSE\lab03\output\random_dataset\dataset_838.jpg,output/random_dataset/dataset_838.jpg,cat
F:\NTSE\lab03\output\random_dataset\dataset_2339.jpg,output/random_dataset/dataset_2339.jpg,cat
F:\NTSE\lab03\output\random_dataset\dataset_1140.jpg,output/random_dataset/dataset_1140.jpg,cat
F:\NTSE\lab03\output\random_dataset\dataset_9100.jpg,output/random_dataset/dataset_9100.jpg,cat
F:\NTSE\lab03\output\random_dataset\dataset_3500.jpg,output/random_dataset/dataset_3500.jpg,cat
F:\NTSE\lab03\output\random_dataset\dataset_3971.jpg,output/random_dataset/dataset_3971.jpg,cat
F:\NTSE\lab03\output\random_dataset\dataset_226.jpg,output/random_dataset/dataset_226.jpg,cat
F:\NTSE\lab03\output\random_dataset\dataset_1679.jpg,output/random_dataset/dataset_1679.jpg,cat
F:\NTSE\lab03\output\random_dataset\dataset_9777.jpg,output/random_dataset/dataset_9777.jpg,cat
F:\NTSE\lab03\output\random_dataset\dataset_3486.jpg,output/random_dataset/dataset_3486.jpg,cat
F:\NTSE\lab03\output\random_dataset\dataset_5082.jpg,output/random_dataset/dataset_5082.jpg,cat
F:\NTSE\lab03\output\random_dataset\dataset_2221.jpg,output/random_dataset/dataset_2221.jpg,cat
F:\NTSE\lab03\output\random_dataset\dataset_3424.jpg,output/random_dataset/dataset_3424.jpg,cat
F:\NTSE\lab03\output\random_dataset\dataset_3149.jpg,output/random_dataset/dataset_3149.jpg,cat
F:\NTSE\lab03\output\random_dataset\dataset_5275.jpg,output/random_dataset/dataset_5275.jpg,cat
F:\NTSE\lab03\output\random_dataset\dataset_5026.jpg,output/random_dataset/dataset_5026.jpg,cat
F:\NTSE\lab03\output\random_dataset\dataset_9559.jpg,output/random_dataset/dataset_9559.jpg,cat
F:\NTSE\lab03\output\random_dataset\dataset_3670.jpg,output/random_dataset/dataset_3670.jpg,cat
F:\NTSE\lab03\output\random_dataset\dataset_9801.jpg,output/random_dataset/dataset_9801.jpg,cat
F:\NTSE\lab03\output\random_dataset\dataset_368.jpg,output/random_dataset/dataset_368.jpg,cat
F:\NTSE\lab03\output\random_dataset\dataset_1734.jpg,output/random_dataset/dataset_1734.jpg,cat
F:\NTSE\lab03\output\random_dataset\dataset_9978.jpg,output/random_dataset/dataset_9978.jpg,cat
F:\NTSE\lab03\output\random_dataset\dataset_4520.jpg,output/random_dataset/dataset_4520.jpg,cat
F:\NTSE\lab03\output\random_dataset\dataset_7148.jpg,output/random_dataset/dataset_7148.jpg,cat
F:\NTSE\lab03\output\random_dataset\dataset_3783.jpg,output/random_dataset/dataset_3783.jpg,cat
F:\NTSE\lab03\output\random_dataset\dataset_1726.jpg,output/random_dataset/dataset_1726.jpg,cat
F:\NTSE\lab03\output\random_dataset\dataset_4652.jpg,output/random_dataset/dataset_4652.jpg,cat
F:\NTSE\lab03\output\random_dataset\dataset_1935.jpg,output/random_dataset/dataset_1935.jpg,cat
F:\NTSE\lab03\output\random_dataset\dataset_2048.jpg,output/random_dataset/dataset_2048.jpg,cat
F:\NTSE\lab03\output\random_dataset\dataset_8558.jpg,output/random_dataset/dataset_8558.jpg,cat
F:\NTSE\lab03\output\random_dataset\dataset_6152.jpg,output/random_dataset/dataset_6152.jpg,cat
F:\NTSE\lab03\output\random_dataset\dataset_5736.jpg,output/random_dataset/dataset_5736.jpg,cat
F:\NTSE\lab03\output\random_dataset\dataset_6350.jpg,output/random_dataset/dataset_6350.jpg,cat
F:\NTSE\lab03\output\random_dataset\dataset_2849.jpg,output/random_dataset/dataset_2849.jpg,cat
F:\NTSE\lab03\output\random_dataset\dataset_1244.jpg,output/random_dataset/dataset_1244.jpg,cat
F:\NTSE\lab03\output\random_dataset\dataset_497.jpg,output/random_dataset/dataset_497.jpg,cat
F:\NTSE\lab03\output\random_dataset\dataset_4915.jpg,output/random_dataset/dataset_4915.jpg,cat
F:\NTSE\lab03\output\random_dataset\dataset_2363.jpg,output/random_dataset/dataset_2363.jpg,cat
F:\NTSE\lab03\output\random_dataset\dataset_9419.jpg,output/random_dataset/dataset_9419.jpg,cat
F:\NTSE\lab03\output\random_dataset\dataset_2483.jpg,output/random_dataset/dataset_2483.jpg,cat
F:\NTSE\lab03\output\random_dataset\dataset_6878.jpg,output/random_dataset/dataset_6878.jpg,cat
F:\NTSE\lab03\output\random_dataset\dataset_7738.jpg,output/random_dataset/dataset_7738.jpg,cat
F:\NTSE\lab03\output\random_dataset\dataset_822.jpg,output/random_dataset/dataset_822.jpg,cat
F:\NTSE\lab03\output\random_dataset\dataset_8189.jpg,output/random_dataset/dataset_8189.jpg,cat
F:\NTSE\lab03\output\random_dataset\dataset_9163.jpg,output/random_dataset/dataset_9163.jpg,cat
F:\NTSE\lab03\output\random_dataset\dataset_9527.jpg,output/random_dataset/dataset_9527.jpg,cat
F:\NTSE\lab03\output\random_dataset\dataset_1389.jpg,output/random_dataset/dataset_1389.jpg,cat
F:\NTSE\lab03\output\random_dataset\dataset_5957.jpg,output/random_dataset/dataset_5957.jpg,cat
F:\NTSE\lab03\output\random_dataset\dataset_9680.jpg,output/random_dataset/dataset_9680.jpg,cat
F:\NTSE\lab03\output\random_dataset\dataset_6075.jpg,output/random_dataset/dataset_6075.jpg,cat
F:\NTSE\lab03\output\random_dataset\dataset_8950.jpg,output/random_dataset/dataset_8950.jpg,cat
F:\NTSE\lab03\output\random_dataset\dataset_3253.jpg,output/random_dataset/dataset_3253.jpg,cat
F:\NTSE\lab03\output\random_dataset\dataset_9304.jpg,output/random_dataset/dataset_9304.jpg,cat
F:\NTSE\lab03\output\random_dataset\dataset_1135.jpg,output/random_dataset/dataset_1135.jpg,cat
F:\NTSE\lab03\output\random_dataset\dataset_8836.jpg,output/random_dataset/dataset_8836.jpg,cat
F:\NTSE\lab03\output\random_dataset\dataset_9453.jpg,output/random_dataset/dataset_9453.jpg,cat
F:\NTSE\lab03\output\random_dataset\dataset_7058.jpg,output/random_dataset/dataset_7058.jpg,cat
F:\NTSE\lab03\output\random_dataset\dataset_895.jpg,output/random_dataset/dataset_895.jpg,cat
F:\NTSE\lab03\output\random_dataset\dataset_9691.jpg,output/random_dataset/dataset_9691.jpg,cat
F:\NTSE\lab03\output\random_dataset\dataset_9202.jpg,output/random_dataset/dataset_9202.jpg,cat
F:\NTSE\lab03\output\random_dataset\dataset_2105.jpg,output/random_dataset/dataset_2105.jpg,cat
F:\NTSE\lab03\output\random_dataset\dataset_2162.jpg,output/random_dataset/dataset_2162.jpg,cat
F:\NTSE\lab03\output\random_dataset\dataset_6177.jpg,output/random_dataset/dataset_6177.jpg,cat
F:\NTSE\lab03\output\random_dataset\dataset_4301.jpg,output/random_dataset/dataset_4301.jpg,cat
F:\NTSE\lab03\output\random_dataset\dataset_4017.jpg,output/random_dataset/dataset_4017.jpg,cat
F:\NTSE\lab03\output\random_dataset\dataset_2601.jpg,output/random_dataset/dataset_2601.jpg,cat
F:\NTSE\lab03\output\random_dataset\dataset_6824.jpg,output/random_dataset/dataset_6824.jpg,cat
F:\NTSE\lab03\output\random_dataset\dataset_9550.jpg,output/random_dataset/dataset_9550.jpg,cat
F:\NTSE\lab03\output\random_dataset\dataset_9083.jpg,output/random_dataset/dataset_9083.jpg,cat
F:\NTSE\lab03\output\random_dataset\dataset_3651.jpg,output/random_dataset/dataset_3651.jpg,cat
F:\NTSE\lab03\output\random_dataset\dataset_1863.jpg,output/random_dataset/dataset_1863.jpg,cat
F:\NTSE\lab03\output\random_dataset\dataset_9445.jpg,output/random_dataset/dataset_9445.jpg,cat
F:\NTSE\lab03\output\random_dataset\dataset_981.jpg,output/random_dataset/dataset_981.jpg,cat
F:\NTSE\lab03\output\random_dataset\dataset_9343.jpg,output/random_dataset/dataset_9343.jpg,cat
F:\NTSE\lab03\output\random_dataset\dataset_536.jpg,output/random_dataset/dataset_536.jpg,cat
F:\NTSE\lab03\output\random_dataset\dataset_8520.jpg,output/random_dataset/dataset_8520.jpg,cat
F:\NTSE\lab03\output\random_dataset\dataset_5246.jpg,output/random_dataset/dataset_5246.jpg,cat
F:\NTSE\lab03\output\random_dataset\dataset_1081.jpg,output/random_dataset/dataset_1081.jpg,cat
F:\NTSE\lab03\output\random_dataset\dataset_5085.jpg,output/random_dataset/dataset_5085.jpg,cat
F:\NTSE\lab03\output\random_dataset\dataset_4913.jpg,output/random_dataset/dataset_4913.jpg,cat
F:\NTSE\lab03\output\random_dataset\dataset_353.jpg,output/random_dataset/dataset_353.jpg,cat
F:\NTSE\lab03\output\random_dataset\dataset_9483.jpg,output/random_dataset/dataset_9483.jpg,cat
F:\NTSE\lab03\output\random_dataset\dataset_6476.jpg,output/random_dataset/dataset_6476.jpg,cat
F:\NTSE\lab03\output\random_dataset\dataset_3968.jpg,output/random_dataset/dataset_3968.jpg,cat
F:\NTSE\lab03\output\random_dataset\dataset_2910.jpg,output/random_dataset/dataset_2910.jpg,cat
F:\NTSE\lab03\output\random_dataset\dataset_7159.jpg,output/random_dataset/dataset_7159.jpg,cat
F:\NTSE\lab03\output\random_dataset\dataset_7236.jpg,output/random_dataset/dataset_7236.jpg,cat
F:\NTSE\lab03\output\random_dataset\dataset_1642.jpg,output/random_dataset/dataset_1642.jpg,cat
F:\NTSE\lab03\output\random_dataset\dataset_9311.jpg,output/random_dataset/dataset_9311.jpg,cat
F:\NTSE\lab03\output\random_dataset\dataset_3710.jpg,output/random_dataset/dataset_3710.jpg,cat
F:\NTSE\lab03\output\random_dataset\dataset_196.jpg,output/random_dataset/dataset_196.jpg,cat
F:\NTSE\lab03\output\random_dataset\dataset_6610.jpg,output/random_dataset/dataset_6610.jpg,cat
F:\NTSE\lab03\output\random_dataset\dataset_6924.jpg,output/random_dataset/dataset_6924.jpg,cat
F:\NTSE\lab03\output\random_dataset\dataset_7953.jpg,output/random_dataset/dataset_7953.jpg,cat
F:\NTSE\lab03\output\random_dataset\dataset_514.jpg,output/random_dataset/dataset_514.jpg,cat
F:\NTSE\lab03\output\random_dataset\dataset_4648.jpg,output/random_dataset/dataset_4648.jpg,cat
F:\NTSE\lab03\output\random_dataset\dataset_5861.jpg,output/random_dataset/dataset_5861.jpg,cat
F:\NTSE\lab03\output\random_dataset\dataset_6988.jpg,output/random_dataset/dataset_6988.jpg,cat
F:\NTSE\lab03\output\random_dataset\dataset_9585.jpg,output/random_dataset/dataset_9585.jpg,cat
F:\NTSE\lab03\output\random_dataset\dataset_3690.jpg,output/random_dataset/dataset_3690.jpg,cat
F:\NTSE\lab03\output\random_dataset\dataset_1371.jpg,output/random_dataset/dataset_1371.jpg,cat
F:\NTSE\lab03\output\random_dataset\dataset_2873.jpg,output/random_dataset/dataset_2873.jpg,cat
F:\NTSE\lab03\output\random_dataset\dataset_7232.jpg,output/random_dataset/dataset_7232.jpg,cat
F:\NTSE\lab03\output\random_dataset\dataset_6193.jpg,output/random_dataset/dataset_6193.jpg,cat
F:\NTSE\lab03\output\random_dataset\dataset_8509.jpg,output/random_dataset/dataset_8509.jpg,cat
F:\NTSE\lab03\output\random_dataset\dataset_122.jpg,output/random_dataset/dataset_122.jpg,cat
F:\NTSE\lab03\output\random_dataset\dataset_8256.jpg,output/random_dataset/dataset_8256.jpg,cat
F:\NTSE\lab03\output\random_dataset\dataset_9833.jpg,output/random_dataset/dataset_9833.jpg,cat
F:\NTSE\lab03\output\random_dataset\dataset_3995.jpg,output/random_dataset/dataset_3995.jpg,cat
F:\NTSE\lab03\output\random_dataset\dataset_4687.jpg,output/random_dataset/dataset_4687.jpg,cat
F:\NTSE\lab03\output\random_dataset\dataset_5575.jpg,output/random_dataset/dataset_5575.jpg,cat
F:\NTSE\lab03\output\random_dataset\dataset_2759.jpg,output/random_dataset/dataset_2759.jpg,cat
F:\NTSE\lab03\output\random_dataset\dataset_3257.jpg,output/random_dataset/dataset_3257.jpg,cat
F:\NTSE\lab03\output\random_dataset\dataset_8914.jpg,output/random_dataset/dataset_8914.jpg,cat
F:\NTSE\lab03\output\random_dataset\dataset_6891.jpg,output/random_dataset/dataset_6891.jpg,cat
F:\NTSE\lab03\output\random_dataset\dataset_3676.jpg,output/random_dataset/dataset_3676.jpg,cat
F:\NTSE\lab03\output\random_dataset\dataset_9420.jpg,output/random_dataset/dataset_9420.jpg,cat
F:\NTSE\lab03\output\random_dataset\dataset_8176.jpg,output/random_dataset/dataset_8176.jpg,cat
F:\NTSE\lab03\output\random_dataset\dataset_4561.jpg,output/random_dataset/dataset_4561.jpg,cat
F:\NTSE\lab03\output\random_dataset\dataset_1498.jpg,output/random_dataset/dataset_1498.jpg,cat
F:\NTSE\lab03\output\random_dataset\dataset_3726.jpg,output/random_dataset/dataset_3726.jpg,cat
F:\NTSE\lab03\output\random_dataset\dataset_3224.jpg,output/random_dataset/dataset_3224.jpg,cat
F:\NTSE\lab03\output\random_dataset\dataset_4769.jpg,output/random_dataset/dataset_4769.jpg,cat
F:\NTSE\lab03\output\random_dataset\dataset_5339.jpg,output/random_dataset/dataset_5339.jpg,cat
F:\NTSE\lab03\output\random_dataset\dataset_1007.jpg,output/random_dataset/dataset_1007.jpg,cat
F:\NTSE\lab03\output\random_dataset\dataset_8737.jpg,output/random_dataset/dataset_8737.jpg,cat
F:\NTSE\lab03\output\random_dataset\dataset_7024.jpg,output/random_dataset/dataset_7024.jpg,cat
F:\NTSE\lab03\output\random_dataset\dataset_4130.jpg,output/random_dataset/dataset_4130.jpg,cat
F:\NTSE\lab03\output\random_dataset\dataset_1594.jpg,output/random_dataset/dataset_1594.jpg,cat
F:\NTSE\lab03\output\random_dataset\dataset_5714.jpg,output/random_dataset/dataset_5714.jpg,cat
F:\NTSE\lab03\output\random_dataset\dataset_4361.jpg,output/random_dataset/dataset_4361.jpg,cat
F:\NTSE\lab03\output\random_dataset\dataset_3864.jpg,output/random_dataset/dataset_3864.jpg,cat
F:\NTSE\lab03\output\random_dataset\dataset_4276.jpg,output/random_dataset/dataset_4276.jpg,cat
F:\NTSE\lab03\output\random_dataset\dataset_548.jpg,output/random_dataset/dataset_548.jpg,cat
F:\NTSE\lab03\output\random_dataset\dataset_9025.jpg,output/random_dataset/dataset_9025.jpg,cat
F:\NTSE\lab03\output\random_dataset\dataset_2055.jpg,output/random_dataset/dataset_2055.jpg,cat
F:\NTSE\lab03\output\random_dataset\dataset_8307.jpg,output/random_dataset/dataset_8307.jpg,cat
F:\NTSE\lab03\output\random_dataset\dataset_7167.jpg,output/random_dataset/dataset_7167.jpg,cat
F:\NTSE\lab03\output\random_dataset\dataset_5745.jpg,output/random_dataset/dataset_5745.jpg,cat
F:\NTSE\lab03\output\random_dataset\dataset_8804.jpg,output/random_dataset/dataset_8804.jpg,cat
F:\NTSE\lab03\output\random_dataset\dataset_7011.jpg,output/random_dataset/dataset_7011.jpg,cat
F:\NTSE\lab03\output\random_dataset\dataset_84.jpg,output/random_dataset/dataset_84.jpg,cat
F:\NTSE\lab03\output\random_dataset\dataset_3346.jpg,output/random_dataset/dataset_3346.jpg,cat
F:\NTSE\lab03\output\random_dataset\dataset_7340.jpg,output/random_dataset/dataset_7340.jpg,cat
F:\NTSE\lab03\output\random_dataset\dataset_8961.jpg,output/random_dataset/dataset_8961.jpg,cat
F:\NTSE\lab03\output\random_dataset\dataset_8414.jpg,output/random_dataset/dataset_8414.jpg,cat
F:\NTSE\lab03\output\random_dataset\dataset_9191.jpg,output/random_dataset/dataset_9191.jpg,cat
F:\NTSE\lab03\output\random_dataset\dataset_7150.jpg,output/random_dataset/dataset_7150.jpg,cat
F:\NTSE\lab03\output\random_dataset\dataset_8660.jpg,output/random_dataset/dataset_8660.jpg,cat
F:\NTSE\lab03\output\random_dataset\dataset_2612.jpg,output/random_dataset/dataset_2612.jpg,cat
F:\NTSE\lab03\output\random_dataset\dataset_128.jpg,output/random_dataset/dataset_128.jpg,cat
F:\NTSE\lab03\output\random_dataset\dataset_3402.jpg,output/random_dataset/dataset_3402.jpg,cat
F:\NTSE\lab03\output\random_dataset\dataset_6617.jpg,output/random_dataset/dataset_6617.jpg,cat
F:\NTSE\lab03\output\random_dataset\dataset_7366.jpg,output/random_dataset/dataset_7366.jpg,cat
F:\NTSE\lab03\output\random_dataset\dataset_4482.jpg,output/random_dataset/dataset_4482.jpg,cat
F:\NTSE\lab03\output\random_dataset\dataset_5096.jpg,output/random_dataset/dataset_5096.jpg,cat
F:\NTSE\lab03\output\random_dataset\dataset_1370.jpg,output/random_dataset/dataset_1370.jpg,cat
F:\NTSE\lab03\output\random_dataset\dataset_8525.jpg,output/random_dataset/dataset_8525.jpg,cat
F:\NTSE\lab03\output\random_dataset\dataset_6117.jpg,output/random_dataset/dataset_6117.jpg,cat
F:\NTSE\lab03\output\random_dataset\dataset_6668.jpg,output/random_dataset/dataset_6668.jpg,cat
F:\NTSE\lab03\output\random_dataset\dataset_9891.jpg,output/random_dataset/dataset_9891.jpg,cat
F:\NTSE\lab03\output\random_dataset\dataset_709.jpg,output/random_dataset/dataset_709.jpg,cat
F:\NTSE\lab03\output\random_dataset\dataset_4178.jpg,output/random_dataset/dataset_4178.jpg,cat
F:\NTSE\lab03\output\random_dataset\dataset_3895.jpg,output/random_dataset/dataset_3895.jpg,cat
F:\NTSE\lab03\output\random_dataset\dataset_4552.jpg,output/random_dataset/dataset_4552.jpg,cat
F:\NTSE\lab03\output\random_dataset\dataset_4765.jpg,output/random_dataset/dataset_4765.jpg,cat
F:\NTSE\lab03\output\random_dataset\dataset_385.jpg,output/random_dataset/dataset_385.jpg,cat
F:\NTSE\lab03\output\random_dataset\dataset_5088.jpg,output/random_dataset/dataset_5088.jpg,cat
F:\NTSE\lab03\output\random_dataset\dataset_1481.jpg,output/random_dataset/dataset_1481.jpg,cat
F:\NTSE\lab03\output\random_dataset\dataset_2970.jpg,output/random_dataset/dataset_2970.jpg,cat
F:\NTSE\lab03\output\random_dataset\dataset_4387.jpg,output/random_dataset/dataset_4387.jpg,cat
F:\NTSE\lab03\output\random_dataset\dataset_7814.jpg,output/random_dataset/dataset_7814.jpg,cat
F:\NTSE\lab03\output\random_dataset\dataset_567.jpg,output/random_dataset/dataset_567.jpg,cat
F:\NTSE\lab03\output\random_dataset\dataset_7657.jpg,output/random_dataset/dataset_7657.jpg,cat
F:\NTSE\lab03\output\random_dataset\dataset_1978.jpg,output/random_dataset/dataset_1978.jpg,cat
F:\NTSE\lab03\output\random_dataset\dataset_8864.jpg,output/random_dataset/dataset_8864.jpg,cat
F:\NTSE\lab03\output\random_dataset\dataset_4574.jpg,output/random_dataset/dataset_4574.jpg,cat
F:\NTSE\lab03\output\random_dataset\dataset_1813.jpg,output/random_dataset/dataset_1813.jpg,cat
F:\NTSE\lab03\output\random_dataset\dataset_1153.jpg,output/random_dataset/dataset_1153.jpg,cat
F:\NTSE\lab03\output\random_dataset\dataset_7517.jpg,output/random_dataset/dataset_7517.jpg,cat
F:\NTSE\lab03\output\random_dataset\dataset_3969.jpg,output/random_dataset/dataset_3969.jpg,cat
F:\NTSE\lab03\output\random_dataset\dataset_3065.jpg,output/random_dataset/dataset_3065.jpg,cat
F:\NTSE\lab03\output\random_dataset\dataset_7791.jpg,output/random_dataset/dataset_7791.jpg,cat
F:\NTSE\lab03\output\random_dataset\dataset_4904.jpg,output/random_dataset/dataset_4904.jpg,cat
F:\NTSE\lab03\output\random_dataset\dataset_3990.jpg,output/random_dataset/dataset_3990.jpg,cat
F:\NTSE\lab03\output\random_dataset\dataset_2583.jpg,output/random_dataset/dataset_2583.jpg,cat
F:\NTSE\lab03\output\random_dataset\dataset_846.jpg,output/random_dataset/dataset_846.jpg,cat
F:\NTSE\lab03\output\random_dataset\dataset_4179.jpg,output/random_dataset/dataset_4179.jpg,cat
F:\NTSE\lab03\output\random_dataset\dataset_8359.jpg,output/random_dataset/dataset_8359.jpg,cat
F:\NTSE\lab03\output\random_dataset\dataset_8865.jpg,output/random_dataset/dataset_8865.jpg,cat
F:\NTSE\lab03\output\random_dataset\dataset_8668.jpg,output/random_dataset/dataset_8668.jpg,cat
F:\NTSE\lab03\output\random_dataset\dataset_2045.jpg,output/random_dataset/dataset_2045.jpg,cat
F:\NTSE\lab03\output\random_dataset\dataset_6327.jpg,output/random_dataset/dataset_6327.jpg,cat
F:\NTSE\lab03\output\random_dataset\dataset_3063.jpg,output/random_dataset/dataset_3063.jpg,cat
F:\NTSE\lab03\output\random_dataset\dataset_3298.jpg,output/random_dataset/dataset_3298.jpg,cat
F:\NTSE\lab03\output\random_dataset\dataset_5456.jpg,output/random_dataset/dataset_5456.jpg,cat
F:\NTSE\lab03\output\random_dataset\dataset_1809.jpg,output/random_dataset/dataset_1809.jpg,cat
F:\NTSE\lab03\output\random_dataset\dataset_7332.jpg,output/random_dataset/dataset_7332.jpg,cat
F:\NTSE\lab03\output\random_dataset\dataset_2573.jpg,output/random_dataset/dataset_2573.jpg,cat
F:\NTSE\lab03\output\random_dataset\dataset_7897.jpg,output/random_dataset/dataset_7897.jpg,cat
F:\NTSE\lab03\output\random_dataset\dataset_6531.jpg,output/random_dataset/dataset_6531.jpg,cat
F:\NTSE\lab03\output\random_dataset\dataset_871.jpg,output/random_dataset/dataset_871.jpg,cat
F:\NTSE\lab03\output\random_dataset\dataset_5282.jpg,output/random_dataset/dataset_5282.jpg,cat
F:\NTSE\lab03\output\random_dataset\dataset_9901.jpg,output/random_dataset/dataset_9901.jpg,cat
F:\NTSE\lab03\output\random_dataset\dataset_7244.jpg,output/random_dataset/dataset_7244.jpg,cat
F:\NTSE\lab03\output\random_dataset\dataset_6509.jpg,output/random_dataset/dataset_6509.jpg,cat
F:\NTSE\lab03\output\random_dataset\dataset_9.jpg,output/random_dataset/dataset_9.jpg,cat
F:\NTSE\lab03\output\random_dataset\dataset_3174.jpg,output/random_dataset/dataset_3174.jpg,cat
F:\NTSE\lab03\output\random_dataset\dataset_1992.jpg,output/random_dataset/dataset_1992.jpg,cat
F:\NTSE\lab03\output\random_dataset\dataset_8325.jpg,output/random_dataset/dataset_8325.jpg,cat
F:\NTSE\lab03\output\random_dataset\dataset_7996.jpg,output/random_dataset/dataset_7996.jpg,cat
F:\NTSE\lab03\output\random_dataset\dataset_2071.jpg,output/random_dataset/dataset_2071.jpg,cat
F:\NTSE\lab03\output\random_dataset\dataset_4796.jpg,output/random_dataset/dataset_4796.jpg,cat
F:\NTSE\lab03\output\random_dataset\dataset_2419.jpg,output/random_dataset/dataset_2419.jpg,cat
F:\NTSE\lab03\output\random_dataset\dataset_7499.jpg,output/random_dataset/dataset_7499.jpg,cat
F:\NTSE\lab03\output\random_dataset\dataset_2586.jpg,output/random_dataset/dataset_2586.jpg,cat
F:\NTSE\lab03\output\random_dataset\dataset_7330.jpg,output/random_dataset/dataset_7330.jpg,cat
F:\NTSE\lab03\output\random_dataset\dataset_6377.jpg,output/random_dataset/dataset_6377.jpg,cat
F:\NTSE\lab03\output\random_dataset\dataset_7251.jpg,output/random_dataset/dataset_7251.jpg,cat
F:\NTSE\lab03\output\random_dataset\dataset_8357.jpg,output/random_dataset/dataset_8357.jpg,cat
F:\NTSE\lab03\output\random_dataset\dataset_3713.jpg,output/random_dataset/dataset_3713.jpg,cat
F:\NTSE\lab03\output\random_dataset\dataset_8417.jpg,output/random_dataset/dataset_8417.jpg,cat
F:\NTSE\lab03\output\random_dataset\dataset_1800.jpg,output/random_dataset/dataset_1800.jpg,cat
F:\NTSE\lab03\output\random_dataset\dataset_1824.jpg,output/random_dataset/dataset_1824.jpg,cat
F:\NTSE\lab03\output\random_dataset\dataset_2702.jpg,output/random_dataset/dataset_2702.jpg,cat
F:\NTSE\lab03\output\random_dataset\dataset_7113.jpg,output/random_dataset/dataset_7113.jpg,cat
F:\NTSE\lab03\output\random_dataset\dataset_7950.jpg,output/random_dataset/dataset_7950.jpg,cat
F:\NTSE\lab03\output\random_dataset\dataset_6132.jpg,output/random_dataset/dataset_6132.jpg,cat
F:\NTSE\lab03\output\random_dataset\dataset_9922.jpg,output/random_dataset/dataset_9922.jpg,cat
F:\NTSE\lab03\output\random_dataset\dataset_6954.jpg,output/random_dataset/dataset_6954.jpg,cat
F:\NTSE\lab03\output\random_dataset\dataset_2460.jpg,output/random_dataset/dataset_2460.jpg,cat
F:\NTSE\lab03\output\random_dataset\dataset_8039.jpg,output/random_dataset/dataset_8039.jpg,cat
F:\NTSE\lab03\output\random_dataset\dataset_5125.jpg,output/random_dataset/dataset_5125.jpg,cat
F:\NTSE\lab03\output\random_dataset\dataset_9347.jpg,output/random_dataset/dataset_9347.jpg,cat
F:\NTSE\lab03\output\random_dataset\dataset_2990.jpg,output/random_dataset/dataset_2990.jpg,cat
F:\NTSE\lab03\output\random_dataset\dataset_2223.jpg,output/random_dataset/dataset_2223.jpg,cat
F:\NTSE\lab03\output\random_dataset\dataset_6625.jpg,output/random_dataset/dataset_6625.jpg,cat
F:\NTSE\lab03\output\random_dataset\dataset_8589.jpg,output/random_dataset/dataset_8589.jpg,cat
F:\NTSE\lab03\output\random_dataset\dataset_9369.jpg,output/random_dataset/dataset_9369.jpg,cat
F:\NTSE\lab03\output\random_dataset\dataset_5555.jpg,output/random_dataset/dataset_5555.jpg,cat
F:\NTSE\lab03\output\random_dataset\dataset_2410.jpg,output/random_dataset/dataset_2410.jpg,cat
F:\NTSE\lab03\output\random_dataset\dataset_157.jpg,output/random_dataset/dataset_157.jpg,cat
F:\NTSE\lab03\output\random_dataset\dataset_4406.jpg,output/random_dataset/dataset_4406.jpg,cat
F:\NTSE\lab03\output\random_dataset\dataset_7489.jpg,output/random_dataset/dataset_7489.jpg,cat
F:\NTSE\lab03\output\random_dataset\dataset_2918.jpg,output/random_dataset/dataset_2918.jpg,cat
F:\NTSE\lab03\output\random_dataset\dataset_9617.jpg,output/random_dataset/dataset_9617.jpg,cat
F:\NTSE\lab03\output\random_dataset\dataset_1423.jpg,output/random_dataset/dataset_1423.jpg,cat
F:\NTSE\lab03\output\random_dataset\dataset_4762.jpg,output/random_dataset/dataset_4762.jpg,cat
F:\NTSE\lab03\output\random_dataset\dataset_6836.jpg,output/random_dataset/dataset_6836.jpg,cat
F:\NTSE\lab03\output\random_dataset\dataset_3267.jpg,output/random_dataset/dataset_3267.jpg,cat
F:\NTSE\lab03\output\random_dataset\dataset_7333.jpg,output/random_dataset/dataset_7333.jpg,cat
F:\NTSE\lab03\output\random_dataset\dataset_2689.jpg,output/random_dataset/dataset_2689.jpg,cat
F:\NTSE\lab03\output\random_dataset\dataset_3488.jpg,output/random_dataset/dataset_3488.jpg,cat
F:\NTSE\lab03\output\random_dataset\dataset_8978.jpg,output/random_dataset/dataset_8978.jpg,cat
F:\NTSE\lab03\output\random_dataset\dataset_1326.jpg,output/random_dataset/dataset_1326.jpg,cat
F:\NTSE\lab03\output\random_dataset\dataset_265.jpg,output/random_dataset/dataset_265.jpg,cat
F:\NTSE\lab03\output\random_dataset\dataset_9073.jpg,output/random_dataset/dataset_9073.jpg,cat
F:\NTSE\lab03\output\random_dataset\dataset_3461.jpg,output/random_dataset/dataset_3461.jpg,cat
F:\NTSE\lab03\output\random_dataset\dataset_7199.jpg,output/random_dataset/dataset_7199.jpg,cat
F:\NTSE\lab03\output\random_dataset\dataset_1506.jpg,output/random_dataset/dataset_1506.jpg,cat
F:\NTSE\lab03\output\random_dataset\dataset_1419.jpg,output/random_dataset/dataset_1419.jpg,cat
F:\NTSE\lab03\output\random_dataset\dataset_686.jpg,output/random_dataset/dataset_686.jpg,cat
F:\NTSE\lab03\output\random_dataset\dataset_961.jpg,output/random_dataset/dataset_961.jpg,cat
F:\NTSE\lab03\output\random_dataset\dataset_1531.jpg,output/random_dataset/dataset_1531.jpg,cat
F:\NTSE\lab03\output\random_dataset\dataset_1893.jpg,output/random_dataset/dataset_1893.jpg,cat
F:\NTSE\lab03\output\random_dataset\dataset_9329.jpg,output/random_dataset/dataset_9329.jpg,cat
F:\NTSE\lab03\output\random_dataset\dataset_6110.jpg,output/random_dataset/dataset_6110.jpg,cat
F:\NTSE\lab03\output\random_dataset\dataset_8964.jpg,output/random_dataset/dataset_8964.jpg,cat
F:\NTSE\lab03\output\random_dataset\dataset_9926.jpg,output/random_dataset/dataset_9926.jpg,cat
F:\NTSE\lab03\output\random_dataset\dataset_5548.jpg,output/random_dataset/dataset_5548.jpg,cat
F:\NTSE\lab03\output\random_dataset\dataset_5164.jpg,output/random_dataset/dataset_5164.jpg,cat
F:\NTSE\lab03\output\random_dataset\dataset_4359.jpg,output/random_dataset/dataset_4359.jpg,cat
F:\NTSE\lab03\output\random_dataset\dataset_2763.jpg,output/random_dataset/dataset_2763.jpg,cat
F:\NTSE\lab03\output\random_dataset\dataset_9954.jpg,output/random_dataset/dataset_9954.jpg,cat
F:\NTSE\lab03\output\random_dataset\dataset_4793.jpg,output/random_dataset/dataset_4793.jpg,cat
F:\NTSE\lab03\output\random_dataset\dataset_6829.jpg,output/random_dataset/dataset_6829.jpg,cat
F:\NTSE\lab03\output\random_dataset\dataset_5070.jpg,output/random_dataset/dataset_5070.jpg,cat
F:\NTSE\lab03\output\random_dataset\dataset_5680.jpg,output/random_dataset/dataset_5680.jpg,cat
F:\NTSE\lab03\output\random_dataset\dataset_805.jpg,output/random_dataset/dataset_805.jpg,cat
F:\NTSE\lab03\output\random_dataset\dataset_7533.jpg,output/random_dataset/dataset_7533.jpg,cat
F:\NTSE\lab03\output\random_dataset\dataset_7288.jpg,output/random_dataset/dataset_7288.jpg,cat
F:\NTSE\lab03\output\random_dataset\dataset_1721.jpg,output/random_dataset/dataset_1721.jpg,cat
F:\NTSE\lab03\output\random_dataset\dataset_6760.jpg,output/random_dataset/dataset_6760.jpg,cat
F:\NTSE\lab03\output\random_dataset\dataset_7469.jpg,output/random_dataset/dataset_7469.jpg,cat
F:\NTSE\lab03\output\random_dataset\dataset_1771.jpg,output/random_dataset/dataset_1771.jpg,cat
F:\NTSE\lab03\output\random_dataset\dataset_8638.jpg,output/random_dataset/dataset_8638.jpg,cat
F:\NTSE\lab03\output\random_dataset\dataset_6044.jpg,output/random_dataset/dataset_6044.jpg,cat
F:\NTSE\lab03\output\random_dataset\dataset_178.jpg,output/random_dataset/dataset_178.jpg,cat
F:\NTSE\lab03\output\random_dataset\dataset_1701.jpg,output/random_dataset/dataset_1701.jpg,cat
F:\NTSE\lab03\output\random_dataset\dataset_6995.jpg,output/random_dataset/dataset_6995.jpg,cat
F:\NTSE\lab03\output\random_dataset\dataset_691.jpg,output/random_dataset/dataset_691.jpg,cat
F:\NTSE\lab03\output\random_dataset\dataset_4500.jpg,output/random_dataset/dataset_4500.jpg,cat
F:\NTSE\lab03\output\random_dataset\dataset_7720.jpg,output/random_dataset/dataset_7720.jpg,cat
F:\NTSE\lab03\output\random_dataset\dataset_9988.jpg,output/random_dataset/dataset_9988.jpg,cat
F:\NTSE\lab03\output\random_dataset\dataset_6548.jpg,output/random_dataset/dataset_6548.jpg,cat
F:\NTSE\lab03\output\random_dataset\dataset_3929.jpg,output/random_dataset/dataset_3929.jpg,cat
F:\NTSE\lab03\output\random_dataset\dataset_21.jpg,output/random_dataset/dataset_21.jpg,cat
F:\NTSE\lab03\output\random_dataset\dataset_7257.jpg,output/random_dataset/dataset_7257.jpg,cat
F:\NTSE\lab03\output\random_dataset\dataset_1522.jpg,output/random_dataset/dataset_1522.jpg,cat
F:\NTSE\lab03\output\random_dataset\dataset_3423.jpg,output/random_dataset/dataset_3423.jpg,cat
F:\NTSE\lab03\output\random_dataset\dataset_8438.jpg,output/random_dataset/dataset_8438.jpg,cat
F:\NTSE\lab03\output\random_dataset\dataset_1687.jpg,output/random_dataset/dataset_1687.jpg,cat
F:\NTSE\lab03\output\random_dataset\dataset_2652.jpg,output/random_dataset/dataset_2652.jpg,cat
F:\NTSE\lab03\output\random_dataset\dataset_1745.jpg,output/random_dataset/dataset_1745.jpg,cat
F:\NTSE\lab03\output\random_dataset\dataset_6849.jpg,output/random_dataset/dataset_6849.jpg,cat
F:\NTSE\lab03\output\random_dataset\dataset_3308.jpg,output/random_dataset/dataset_3308.jpg,cat
F:\NTSE\lab03\output\random_dataset\dataset_989.jpg,output/random_dataset/dataset_989.jpg,cat
F:\NTSE\lab03\output\random_dataset\dataset_6199.jpg,output/random_dataset/dataset_6199.jpg,cat
F:\NTSE\lab03\output\random_dataset\dataset_1601.jpg,output/random_dataset/dataset_1601.jpg,cat
F:\NTSE\lab03\output\random_dataset\dataset_357.jpg,output/random_dataset/dataset_357.jpg,cat
F:\NTSE\lab03\output\random_dataset\dataset_8253.jpg,output/random_dataset/dataset_8253.jpg,cat
F:\NTSE\lab03\output\random_dataset\dataset_8512.jpg,output/random_dataset/dataset_8512.jpg,cat
F:\NTSE\lab03\output\random_dataset\dataset_2542.jpg,output/random_dataset/dataset_2542.jpg,cat
F:\NTSE\lab03\output\random_dataset\dataset_2194.jpg,output/random_dataset/dataset_2194.jpg,cat
F:\NTSE\lab03\output\random_dataset\dataset_6825.jpg,output/random_dataset/dataset_6825.jpg,cat
F:\NTSE\lab03\output\random_dataset\dataset_7764.jpg,output/random_dataset/dataset_7764.jpg,cat
F:\NTSE\lab03\output\random_dataset\dataset_5075.jpg,output/random_dataset/dataset_5075.jpg,cat
F:\NTSE\lab03\output\random_dataset\dataset_5489.jpg,output/random_dataset/dataset_5489.jpg,cat
F:\NTSE\lab03\output\random_dataset\dataset_1311.jpg,output/random_dataset/dataset_1311.jpg,cat
F:\NTSE\lab03\output\random_dataset\dataset_9075.jpg,output/random_dataset/dataset_9075.jpg,cat
F:\NTSE\lab03\output\random_dataset\dataset_8511.jpg,output/random_dataset/dataset_8511.jpg,cat
F:\NTSE\lab03\output\random_dataset\dataset_3632.jpg,output/random_dataset/dataset_3632.jpg,cat
F:\NTSE\lab03\output\random_dataset\dataset_6702.jpg,output/random_dataset/dataset_6702.jpg,cat
F:\NTSE\lab03\output\random_dataset\dataset_8646.jpg,output/random_dataset/dataset_8646.jpg,cat
F:\NTSE\lab03\output\random_dataset\dataset_2844.jpg,output/random_dataset/dataset_2844.jpg,cat
F:\NTSE\lab03\output\random_dataset\dataset_5359.jpg,output/random_dataset/dataset_5359.jpg,cat
F:\NTSE\lab03\output\random_dataset\dataset_1278.jpg,output/random_dataset/dataset_1278.jpg,cat
F:\NTSE\lab03\output\random_dataset\dataset_4437.jpg,output/random_dataset/dataset_4437.jpg,cat
F:\NTSE\lab03\output\random_dataset\dataset_4116.jpg,output/random_dataset/dataset_4116.jpg,cat
F:\NTSE\lab03\output\random_dataset\dataset_3570.jpg,output/random_dataset/dataset_3570.jpg,cat
F:\NTSE\lab03\output\random_dataset\dataset_7120.jpg,output/random_dataset/dataset_7120.jpg,cat
F:\NTSE\lab03\output\random_dataset\dataset_4794.jpg,output/random_dataset/dataset_4794.jpg,cat
F:\NTSE\lab03\output\random_dataset\dataset_6455.jpg,output/random_dataset/dataset_6455.jpg,cat
F:\NTSE\lab03\output\random_dataset\dataset_6970.jpg,output/random_dataset/dataset_6970.jpg,cat
F:\NTSE\lab03\output\random_dataset\dataset_5640.jpg,output/random_dataset/dataset_5640.jpg,cat
F:\NTSE\lab03\output\random_dataset\dataset_5678.jpg,output/random_dataset/dataset_5678.jpg,cat
F:\NTSE\lab03\output\random_dataset\dataset_936.jpg,output/random_dataset/dataset_936.jpg,cat
F:\NTSE\lab03\output\random_dataset\dataset_3089.jpg,output/random_dataset/dataset_3089.jpg,cat
F:\NTSE\lab03\output\random_dataset\dataset_9893.jpg,output/random_dataset/dataset_9893.jpg,cat
F:\NTSE\lab03\output\random_dataset\dataset_2008.jpg,output/random_dataset/dataset_2008.jpg,cat
F:\NTSE\lab03\output\random_dataset\dataset_8584.jpg,output/random_dataset/dataset_8584.jpg,cat
F:\NTSE\lab03\output\random_dataset\dataset_116.jpg,output/random_dataset/dataset_116.jpg,cat
F:\NTSE\lab03\output\random_dataset\dataset_3378.jpg,output/random_dataset/dataset_3378.jpg,cat
F:\NTSE\lab03\output\random_dataset\dataset_9850.jpg,output/random_dataset/dataset_9850.jpg,cat
F:\NTSE\lab03\output\random_dataset\dataset_422.jpg,output/random_dataset/dataset_422.jpg,cat
F:\NTSE\lab03\output\random_dataset\dataset_2621.jpg,output/random_dataset/dataset_2621.jpg,cat
F:\NTSE\lab03\output\random_dataset\dataset_4728.jpg,output/random_dataset/dataset_4728.jpg,cat
F:\NTSE\lab03\output\random_dataset\dataset_6677.jpg,output/random_dataset/dataset_6677.jpg,cat
F:\NTSE\lab03\output\random_dataset\dataset_5374.jpg,output/random_dataset/dataset_5374.jpg,cat
F:\NTSE\lab03\output\random_dataset\dataset_8042.jpg,output/random_dataset/dataset_8042.jpg,cat
F:\NTSE\lab03\output\random_dataset\dataset_5013.jpg,output/random_dataset/dataset_5013.jpg,cat
F:\NTSE\lab03\output\random_dataset\dataset_6334.jpg,output/random_dataset/dataset_6334.jpg,cat
F:\NTSE\lab03\output\random_dataset\dataset_666.jpg,output/random_dataset/dataset_666.jpg,cat
F:\NTSE\lab03\output\random_dataset\dataset_8090.jpg,output/random_dataset/dataset_8090.jpg,cat
F:\NTSE\lab03\output\random_dataset\dataset_4325.jpg,output/random_dataset/dataset_4325.jpg,cat
F:\NTSE\lab03\output\random_dataset\dataset_1673.jpg,output/random_dataset/dataset_1673.jpg,cat
F:\NTSE\lab03\output\random_dataset\dataset_3200.jpg,output/random_dataset/dataset_3200.jpg,cat
F:\NTSE\lab03\output\random_dataset\dataset_7623.jpg,output/random_dataset/dataset_7623.jpg,cat
F:\NTSE\lab03\output\random_dataset\dataset_4433.jpg,output/random_dataset/dataset_4433.jpg,cat
F:\NTSE\lab03\output\random_dataset\dataset_4653.jpg,output/random_dataset/dataset_4653.jpg,cat
F:\NTSE\lab03\output\random_dataset\dataset_9440.jpg,output/random_dataset/dataset_9440.jpg,cat
F:\NTSE\lab03\output\random_dataset\dataset_3018.jpg,output/random_dataset/dataset_3018.jpg,cat
F:\NTSE\lab03\output\random_dataset\dataset_5472.jpg,output/random_dataset/dataset_5472.jpg,cat
F:\NTSE\lab03\output\random_dataset\dataset_5302.jpg,output/random_dataset/dataset_5302.jpg,cat
F:\NTSE\lab03\output\random_dataset\dataset_534.jpg,output/random_dataset/dataset_534.jpg,cat
F:\NTSE\lab03\output\random_dataset\dataset_1436.jpg,output/random_dataset/dataset_1436.jpg,cat
F:\NTSE\lab03\output\random_dataset\dataset_707.jpg,output/random_dataset/dataset_707.jpg,cat
F:\NTSE\lab03\output\random_dataset\dataset_809.jpg,output/random_dataset/dataset_809.jpg,cat
F:\NTSE\lab03\output\random_dataset\dataset_3512.jpg,output/random_dataset/dataset_3512.jpg,cat
F:\NTSE\lab03\output\random_dataset\dataset_1748.jpg,output/random_dataset/dataset_1748.jpg,cat
F:\NTSE\lab03\output\random_dataset\dataset_6716.jpg,output/random_dataset/dataset_6716.jpg,cat
F:\NTSE\lab03\output\random_dataset\dataset_2788.jpg,output/random_dataset/dataset_2788.jpg,cat
F:\NTSE\lab03\output\random_dataset\dataset_8678.jpg,output/random_dataset/dataset_8678.jpg,cat
F:\NTSE\lab03\output\random_dataset\dataset_6296.jpg,output/random_dataset/dataset_6296.jpg,cat
F:\NTSE\lab03\output\random_dataset\dataset_363.jpg,output/random_dataset/dataset_363.jpg,cat
F:\NTSE\lab03\output\random_dataset\dataset_8735.jpg,output/random_dataset/dataset_8735.jpg,cat
F:\NTSE\lab03\output\random_dataset\dataset_8057.jpg,output/random_dataset/dataset_8057.jpg,cat
F:\NTSE\lab03\output\random_dataset\dataset_3185.jpg,output/random_dataset/dataset_3185.jpg,cat
F:\NTSE\lab03\output\random_dataset\dataset_3963.jpg,output/random_dataset/dataset_3963.jpg,cat
F:\NTSE\lab03\output\random_dataset\dataset_4310.jpg,output/random_dataset/dataset_4310.jpg,cat
F:\NTSE\lab03\output\random_dataset\dataset_798.jpg,output/random_dataset/dataset_798.jpg,cat
F:\NTSE\lab03\output\random_dataset\dataset_6538.jpg,output/random_dataset/dataset_6538.jpg,cat
F:\NTSE\lab03\output\random_dataset\dataset_4194.jpg,output/random_dataset/dataset_4194.jpg,cat
F:\NTSE\lab03\output\random_dataset\dataset_2015.jpg,output/random_dataset/dataset_2015.jpg,cat
F:\NTSE\lab03\output\random_dataset\dataset_4689.jpg,output/random_dataset/dataset_4689.jpg,cat
F:\NTSE\lab03\output\random_dataset\dataset_8599.jpg,output/random_dataset/dataset_8599.jpg,cat
F:\NTSE\lab03\output\random_dataset\dataset_1359.jpg,output/random_dataset/dataset_1359.jpg,cat
F:\NTSE\lab03\output\random_dataset\dataset_9907.jpg,output/random_dataset/dataset_9907.jpg,cat
F:\NTSE\lab03\output\random_dataset\dataset_6047.jpg,output/random_dataset/dataset_6047.jpg,cat
F:\NTSE\lab03\output\random_dataset\dataset_9931.jpg,output/random_dataset/dataset_9931.jpg,cat
F:\NTSE\lab03\output\random_dataset\dataset_1838.jpg,output/random_dataset/dataset_1838.jpg,cat
F:\NTSE\lab03\output\random_dataset\dataset_2734.jpg,output/random_dataset/dataset_2734.jpg,cat
F:\NTSE\lab03\output\random_dataset\dataset_8217.jpg,output/random_dataset/dataset_8217.jpg,cat
F:\NTSE\lab03\output\random_dataset\dataset_6985.jpg,output/random_dataset/dataset_6985.jpg,cat
F:\NTSE\lab03\output\random_dataset\dataset_4393.jpg,output/random_dataset/dataset_4393.jpg,cat
F:\NTSE\lab03\output\random_dataset\dataset_7972.jpg,output/random_dataset/dataset_7972.jpg,cat
F:\NTSE\lab03\output\random_dataset\dataset_63.jpg,output/random_dataset/dataset_63.jpg,cat
F:\NTSE\lab03\output\random_dataset\dataset_7372.jpg,output/random_dataset/dataset_7372.jpg,cat
F:\NTSE\lab03\output\random_dataset\dataset_9647.jpg,output/random_dataset/dataset_9647.jpg,cat
F:\NTSE\lab03\output\random_dataset\dataset_7110.jpg,output/random_dataset/dataset_7110.jpg,cat
F:\NTSE\lab03\output\random_dataset\dataset_4370.jpg,output/random_dataset/dataset_4370.jpg,cat
F:\NTSE\lab03\output\random_dataset\dataset_6025.jpg,output/random_dataset/dataset_6025.jpg,cat
F:\NTSE\lab03\output\random_dataset\dataset_4479.jpg,output/random_dataset/dataset_4479.jpg,cat
F:\NTSE\lab03\output\random_dataset\dataset_3406.jpg,output/random_dataset/dataset_3406.jpg,cat
F:\NTSE\lab03\output\random_dataset\dataset_760.jpg,output/random_dataset/dataset_760.jpg,cat
F:\NTSE\lab03\output\random_dataset\dataset_664.jpg,output/random_dataset/dataset_664.jpg,cat
F:\NTSE\lab03\output\random_dataset\dataset_6931.jpg,output/random_dataset/dataset_6931.jpg,cat
F:\NTSE\lab03\output\random_dataset\dataset_4195.jpg,output/random_dataset/dataset_4195.jpg,cat
F:\NTSE\lab03\output\random_dataset\dataset_3234.jpg,output/random_dataset/dataset_3234.jpg,cat
F:\NTSE\lab03\output\random_dataset\dataset_5664.jpg,output/random_dataset/dataset_5664.jpg,cat
F:\NTSE\lab03\output\random_dataset\dataset_7833.jpg,output/random_dataset/dataset_7833.jpg,cat
F:\NTSE\lab03\output\random_dataset\dataset_1207.jpg,output/random_dataset/dataset_1207.jpg,cat
F:\NTSE\lab03\output\random_dataset\dataset_2572.jpg,output/random_dataset/dataset_2572.jpg,cat
F:\NTSE\lab03\output\random_dataset\dataset_9658.jpg,output/random_dataset/dataset_9658.jpg,cat
F:\NTSE\lab03\output\random_dataset\dataset_7634.jpg,output/random_dataset/dataset_7634.jpg,cat
F:\NTSE\lab03\output\random_dataset\dataset_5453.jpg,output/random_dataset/dataset_5453.jpg,cat
F:\NTSE\lab03\output\random_dataset\dataset_3198.jpg,output/random_dataset/dataset_3198.jpg,cat
F:\NTSE\lab03\output\random_dataset\dataset_990.jpg,output/random_dataset/dataset_990.jpg,cat
F:\NTSE\lab03\output\random_dataset\dataset_4642.jpg,output/random_dataset/dataset_4642.jpg,cat
F:\NTSE\lab03\output\random_dataset\dataset_9903.jpg,output/random_dataset/dataset_9903.jpg,cat
F:\NTSE\lab03\output\random_dataset\dataset_4811.jpg,output/random_dataset/dataset_4811.jpg,cat
F:\NTSE\lab03\output\random_dataset\dataset_8276.jpg,output/random_dataset/dataset_8276.jpg,cat
F:\NTSE\lab03\output\random_dataset\dataset_5405.jpg,output/random_dataset/dataset_5405.jpg,cat
F:\NTSE\lab03\output\random_dataset\dataset_7202.jpg,output/random_dataset/dataset_7202.jpg,cat
F:\NTSE\lab03\output\random_dataset\dataset_7109.jpg,output/random_dataset/dataset_7109.jpg,cat
F:\NTSE\lab03\output\random_dataset\dataset_5196.jpg,output/random_dataset/dataset_5196.jpg,cat
F:\NTSE\lab03\output\random_dataset\dataset_8112.jpg,output/random_dataset/dataset_8112.jpg,cat
F:\NTSE\lab03\output\random_dataset\dataset_8404.jpg,output/random_dataset/dataset_8404.jpg,cat
F:\NTSE\lab03\output\random_dataset\dataset_7810.jpg,output/random_dataset/dataset_7810.jpg,cat
F:\NTSE\lab03\output\random_dataset\dataset_354.jpg,output/random_dataset/dataset_354.jpg,cat
F:\NTSE\lab03\output\random_dataset\dataset_1154.jpg,output/random_dataset/dataset_1154.jpg,cat
F:\NTSE\lab03\output\random_dataset\dataset_4908.jpg,output/random_dataset/dataset_4908.jpg,cat
F:\NTSE\lab03\output\random_dataset\dataset_5902.jpg,output/random_dataset/dataset_5902.jpg,cat
F:\NTSE\lab03\output\random_dataset\dataset_7954.jpg,output/random_dataset/dataset_7954.jpg,cat
F:\NTSE\lab03\output\random_dataset\dataset_3650.jpg,output/random_dataset/dataset_3650.jpg,cat
F:\NTSE\lab03\output\random_dataset\dataset_1054.jpg,output/random_dataset/dataset_1054.jpg,cat
F:\NTSE\lab03\output\random_dataset\dataset_2818.jpg,output/random_dataset/dataset_2818.jpg,cat
F:\NTSE\lab03\output\random_dataset\dataset_6569.jpg,output/random_dataset/dataset_6569.jpg,cat
F:\NTSE\lab03\output\random_dataset\dataset_1811.jpg,output/random_dataset/dataset_1811.jpg,cat
F:\NTSE\lab03\output\random_dataset\dataset_6958.jpg,output/random_dataset/dataset_6958.jpg,cat
F:\NTSE\lab03\output\random_dataset\dataset_6279.jpg,output/random_dataset/dataset_6279.jpg,cat
F:\NTSE\lab03\output\random_dataset\dataset_3637.jpg,output/random_dataset/dataset_3637.jpg,cat
F:\NTSE\lab03\output\random_dataset\dataset_5717.jpg,output/random_dataset/dataset_5717.jpg,cat
F:\NTSE\lab03\output\random_dataset\dataset_4408.jpg,output/random_dataset/dataset_4408.jpg,cat
F:\NTSE\lab03\output\random_dataset\dataset_4363.jpg,output/random_dataset/dataset_4363.jpg,cat
F:\NTSE\lab03\output\random_dataset\dataset_6802.jpg,output/random_dataset/dataset_6802.jpg,cat
F:\NTSE\lab03\output\random_dataset\dataset_9594.jpg,output/random_dataset/dataset_9594.jpg,cat
F:\NTSE\lab03\output\random_dataset\dataset_46.jpg,output/random_dataset/dataset_46.jpg,cat
F:\NTSE\lab03\output\random_dataset\dataset_5724.jpg,output/random_dataset/dataset_5724.jpg,cat
F:\NTSE\lab03\output\random_dataset\dataset_2432.jpg,output/random_dataset/dataset_2432.jpg,cat
F:\NTSE\lab03\output\random_dataset\dataset_4286.jpg,output/random_dataset/dataset_4286.jpg,cat
F:\NTSE\lab03\output\random_dataset\dataset_8812.jpg,output/random_dataset/dataset_8812.jpg,cat
F:\NTSE\lab03\output\random_dataset\dataset_7112.jpg,output/random_dataset/dataset_7112.jpg,cat
F:\NTSE\lab03\output\random_dataset\dataset_97.jpg,output/random_dataset/dataset_97.jpg,cat
F:\NTSE\lab03\output\random_dataset\dataset_4758.jpg,output/random_dataset/dataset_4758.jpg,cat
F:\NTSE\lab03\output\random_dataset\dataset_9837.jpg,output/random_dataset/dataset_9837.jpg,cat
F:\NTSE\lab03\output\random_dataset\dataset_2320.jpg,output/random_dataset/dataset_2320.jpg,cat
F:\NTSE\lab03\output\random_dataset\dataset_6289.jpg,output/random_dataset/dataset_6289.jpg,cat
F:\NTSE\lab03\output\random_dataset\dataset_2348.jpg,output/random_dataset/dataset_2348.jpg,cat
F:\NTSE\lab03\output\random_dataset\dataset_9841.jpg,output/random_dataset/dataset_9841.jpg,cat
F:\NTSE\lab03\output\random_dataset\dataset_5239.jpg,output/random_dataset/dataset_5239.jpg,cat
F:\NTSE\lab03\output\random_dataset\dataset_9535.jpg,output/random_dataset/dataset_9535.jpg,cat
F:\NTSE\lab03\output\random_dataset\dataset_8353.jpg,output/random_dataset/dataset_8353.jpg,cat
F:\NTSE\lab03\output\random_dataset\dataset_3556.jpg,output/random_dataset/dataset_3556.jpg,cat
F:\NTSE\lab03\output\random_dataset\dataset_2696.jpg,output/random_dataset/dataset_2696.jpg,cat
F:\NTSE\lab03\output\random_dataset\dataset_913.jpg,output/random_dataset/dataset_913.jpg,cat
F:\NTSE\lab03\output\random_dataset\dataset_3360.jpg,output/random_dataset/dataset_3360.jpg,cat
F:\NTSE\lab03\output\random_dataset\dataset_1212.jpg,output/random_dataset/dataset_1212.jpg,cat
F:\NTSE\lab03\output\random_dataset\dataset_7091.jpg,output/random_dataset/dataset_7091.jpg,cat
F:\NTSE\lab03\output\random_dataset\dataset_8015.jpg,output/random_dataset/dataset_8015.jpg,cat
F:\NTSE\lab03\output\random_dataset\dataset_5047.jpg,output/random_dataset/dataset_5047.jpg,cat
F:\NTSE\lab03\output\random_dataset\dataset_2267.jpg,output/random_dataset/dataset_2267.jpg,cat
F:\NTSE\lab03\output\random_dataset\dataset_2963.jpg,output/random_dataset/dataset_2963.jpg,cat
F:\NTSE\lab03\output\random_dataset\dataset_5716.jpg,output/random_dataset/dataset_5716.jpg,cat
F:\NTSE\lab03\output\random_dataset\dataset_4123.jpg,output/random_dataset/dataset_4123.jpg,cat
F:\NTSE\lab03\output\random_dataset\dataset_9189.jpg,output/random_dataset/dataset_9189.jpg,cat
F:\NTSE\lab03\output\random_dataset\dataset_4536.jpg,output/random_dataset/dataset_4536.jpg,cat
F:\NTSE\lab03\output\random_dataset\dataset_5498.jpg,output/random_dataset/dataset_5498.jpg,cat
F:\NTSE\lab03\output\random_dataset\dataset_9396.jpg,output/random_dataset/dataset_9396.jpg,cat
F:\NTSE\lab03\output\random_dataset\dataset_7550.jpg,output/random_dataset/dataset_7550.jpg,cat
F:\NTSE\lab03\output\random_dataset\dataset_5823.jpg,output/random_dataset/dataset_5823.jpg,cat
F:\NTSE\lab03\output\random_dataset\dataset_3653.jpg,output/random_dataset/dataset_3653.jpg,cat
F:\NTSE\lab03\output\random_dataset\dataset_69.jpg,output/random_dataset/dataset_69.jpg,cat
F:\NTSE\lab03\output\random_dataset\dataset_7918.jpg,output/random_dataset/dataset_7918.jpg,cat
F:\NTSE\lab03\output\random_dataset\dataset_6179.jpg,output/random_dataset/dataset_6179.jpg,cat
F:\NTSE\lab03\output\random_dataset\dataset_8857.jpg,output/random_dataset/dataset_8857.jpg,cat
F:\NTSE\lab03\output\random_dataset\dataset_2810.jpg,output/random_dataset/dataset_2810.jpg,cat
F:\NTSE\lab03\output\random_dataset\dataset_1220.jpg,output/random_dataset/dataset_1220.jpg,cat
F:\NTSE\lab03\output\random_dataset\dataset_51.jpg,output/random_dataset/dataset_51.jpg,cat
F:\NTSE\lab03\output\random_dataset\dataset_505.jpg,output/random_dataset/dataset_505.jpg,cat
F:\NTSE\lab03\output\random_dataset\dataset_5975.jpg,output/random_dataset/dataset_5975.jpg,cat
F:\NTSE\lab03\output\random_dataset\dataset_4791.jpg,output/random_dataset/dataset_4791.jpg,cat
F:\NTSE\lab03\output\random_dataset\dataset_6447.jpg,output/random_dataset/dataset_6447.jpg,cat
F:\NTSE\lab03\output\random_dataset\dataset_4538.jpg,output/random_dataset/dataset_4538.jpg,cat
F:\NTSE\lab03\output\random_dataset\dataset_2660.jpg,output/random_dataset/dataset_2660.jpg,cat
F:\NTSE\lab03\output\random_dataset\dataset_7289.jpg,output/random_dataset/dataset_7289.jpg,cat
F:\NTSE\lab03\output\random_dataset\dataset_1859.jpg,output/random_dataset/dataset_1859.jpg,cat
F:\NTSE\lab03\output\random_dataset\dataset_6209.jpg,output/random_dataset/dataset_6209.jpg,cat
F:\NTSE\lab03\output\random_dataset\dataset_9930.jpg,output/random_dataset/dataset_9930.jpg,cat
F:\NTSE\lab03\output\random_dataset\dataset_2249.jpg,output/random_dataset/dataset_2249.jpg,cat
F:\NTSE\lab03\output\random_dataset\dataset_9384.jpg,output/random_dataset/dataset_9384.jpg,cat
F:\NTSE\lab03\output\random_dataset\dataset_6814.jpg,output/random_dataset/dataset_6814.jpg,cat
F:\NTSE\lab03\output\random_dataset\dataset_5608.jpg,output/random_dataset/dataset_5608.jpg,cat
F:\NTSE\lab03\output\random_dataset\dataset_339.jpg,output/random_dataset/dataset_339.jpg,cat
F:\NTSE\lab03\output\random_dataset\dataset_9407.jpg,output/random_dataset/dataset_9407.jpg,cat
F:\NTSE\lab03\output\random_dataset\dataset_4138.jpg,output/random_dataset/dataset_4138.jpg,cat
F:\NTSE\lab03\output\random_dataset\dataset_9519.jpg,output/random_dataset/dataset_9519.jpg,cat
F:\NTSE\lab03\output\random_dataset\dataset_7296.jpg,output/random_dataset/dataset_7296.jpg,cat
F:\NTSE\lab03\output\random_dataset\dataset_3383.jpg,output/random_dataset/dataset_3383.jpg,cat
F:\NTSE\lab03\output\random_dataset\dataset_7754.jpg,output/random_dataset/dataset_7754.jpg,cat
F:\NTSE\lab03\output\random_dataset\dataset_5723.jpg,output/random_dataset/dataset_5723.jpg,cat
F:\NTSE\lab03\output\random_dataset\dataset_3646.jpg,output/random_dataset/dataset_3646.jpg,cat
F:\NTSE\lab03\output\random_dataset\dataset_9198.jpg,output/random_dataset/dataset_9198.jpg,cat
F:\NTSE\lab03\output\random_dataset\dataset_2033.jpg,output/random_dataset/dataset_2033.jpg,cat
F:\NTSE\lab03\output\random_dataset\dataset_901.jpg,output/random_dataset/dataset_901.jpg,cat
F:\NTSE\lab03\output\random_dataset\dataset_6412.jpg,output/random_dataset/dataset_6412.jpg,cat
F:\NTSE\lab03\output\random_dataset\dataset_7164.jpg,output/random_dataset/dataset_7164.jpg,cat
F:\NTSE\lab03\output\random_dataset\dataset_1144.jpg,output/random_dataset/dataset_1144.jpg,cat
F:\NTSE\lab03\output\random_dataset\dataset_9476.jpg,output/random_dataset/dataset_9476.jpg,cat
F:\NTSE\lab03\output\random_dataset\dataset_5989.jpg,output/random_dataset/dataset_5989.jpg,cat
F:\NTSE\lab03\output\random_dataset\dataset_1936.jpg,output/random_dataset/dataset_1936.jpg,cat
F:\NTSE\lab03\output\random_dataset\dataset_5350.jpg,output/random_dataset/dataset_5350.jpg,cat
F:\NTSE\lab03\output\random_dataset\dataset_3888.jpg,output/random_dataset/dataset_3888.jpg,cat
F:\NTSE\lab03\output\random_dataset\dataset_3390.jpg,output/random_dataset/dataset_3390.jpg,cat
F:\NTSE\lab03\output\random_dataset\dataset_2032.jpg,output/random_dataset/dataset_2032.jpg,cat
F:\NTSE\lab03\output\random_dataset\dataset_1898.jpg,output/random_dataset/dataset_1898.jpg,cat
F:\NTSE\lab03\output\random_dataset\dataset_3115.jpg,output/random_dataset/dataset_3115.jpg,cat
F:\NTSE\lab03\output\random_dataset\dataset_2806.jpg,output/random_dataset/dataset_2806.jpg,cat
F:\NTSE\lab03\output\random_dataset\dataset_6123.jpg,output/random_dataset/dataset_6123.jpg,cat
F:\NTSE\lab03\output\random_dataset\dataset_6109.jpg,output/random_dataset/dataset_6109.jpg,cat
F:\NTSE\lab03\output\random_dataset\dataset_3843.jpg,output/random_dataset/dataset_3843.jpg,cat
F:\NTSE\lab03\output\random_dataset\dataset_1750.jpg,output/random_dataset/dataset_1750.jpg,cat
F:\NTSE\lab03\output\random_dataset\dataset_431.jpg,output/random_dataset/dataset_431.jpg,cat
F:\NTSE\lab03\output\random_dataset\dataset_1865.jpg,output/random_dataset/dataset_1865.jpg,cat
F:\NTSE\lab03\output\random_dataset\dataset_1166.jpg,output/random_dataset/dataset_1166.jpg,cat
F:\NTSE\lab03\output\random_dataset\dataset_6539.jpg,output/random_dataset/dataset_6539.jpg,cat
F:\NTSE\lab03\output\random_dataset\dataset_3189.jpg,output/random_dataset/dataset_3189.jpg,cat
F:\NTSE\lab03\output\random_dataset\dataset_3192.jpg,output/random_dataset/dataset_3192.jpg,cat
F:\NTSE\lab03\output\random_dataset\dataset_8240.jpg,output/random_dataset/dataset_8240.jpg,cat
F:\NTSE\lab03\output\random_dataset\dataset_4611.jpg,output/random_dataset/dataset_4611.jpg,cat
F:\NTSE\lab03\output\random_dataset\dataset_9067.jpg,output/random_dataset/dataset_9067.jpg,cat
F:\NTSE\lab03\output\random_dataset\dataset_6340.jpg,output/random_dataset/dataset_6340.jpg,cat
F:\NTSE\lab03\output\random_dataset\dataset_6822.jpg,output/random_dataset/dataset_6822.jpg,cat
F:\NTSE\lab03\output\random_dataset\dataset_1958.jpg,output/random_dataset/dataset_1958.jpg,cat
F:\NTSE\lab03\output\random_dataset\dataset_2541.jpg,output/random_dataset/dataset_2541.jpg,cat
F:\NTSE\lab03\output\random_dataset\dataset_7898.jpg,output/random_dataset/dataset_7898.jpg,cat
F:\NTSE\lab03\output\random_dataset\dataset_696.jpg,output/random_dataset/dataset_696.jpg,cat
F:\NTSE\lab03\output\random_dataset\dataset_8136.jpg,output/random_dataset/dataset_8136.jpg,cat
F:\NTSE\lab03\output\random_dataset\dataset_3615.jpg,output/random_dataset/dataset_3615.jpg,cat
F:\NTSE\lab03\output\random_dataset\dataset_9289.jpg,output/random_dataset/dataset_9289.jpg,cat
F:\NTSE\lab03\output\random_dataset\dataset_8269.jpg,output/random_dataset/dataset_8269.jpg,cat
F:\NTSE\lab03\output\random_dataset\dataset_1517.jpg,output/random_dataset/dataset_1517.jpg,cat
F:\NTSE\lab03\output\random_dataset\dataset_6659.jpg,output/random_dataset/dataset_6659.jpg,cat
F:\NTSE\lab03\output\random_dataset\dataset_5940.jpg,output/random_dataset/dataset_5940.jpg,cat
F:\NTSE\lab03\output\random_dataset\dataset_3682.jpg,output/random_dataset/dataset_3682.jpg,cat
F:\NTSE\lab03\output\random_dataset\dataset_88.jpg,output/random_dataset/dataset_88.jpg,cat
F:\NTSE\lab03\output\random_dataset\dataset_8702.jpg,output/random_dataset/dataset_8702.jpg,cat
F:\NTSE\lab03\output\random_dataset\dataset_9460.jpg,output/random_dataset/dataset_9460.jpg,cat
F:\NTSE\lab03\output\random_dataset\dataset_6181.jpg,output/random_dataset/dataset_6181.jpg,cat
F:\NTSE\lab03\output\random_dataset\dataset_3072.jpg,output/random_dataset/dataset_3072.jpg,cat
F:\NTSE\lab03\output\random_dataset\dataset_3482.jpg,output/random_dataset/dataset_3482.jpg,cat
F:\NTSE\lab03\output\random_dataset\dataset_1253.jpg,output/random_dataset/dataset_1253.jpg,cat
F:\NTSE\lab03\output\random_dataset\dataset_4159.jpg,output/random_dataset/dataset_4159.jpg,cat
F:\NTSE\lab03\output\random_dataset\dataset_8987.jpg,output/random_dataset/dataset_8987.jpg,cat
F:\NTSE\lab03\output\random_dataset\dataset_8020.jpg,output/random_dataset/dataset_8020.jpg,cat
F:\NTSE\lab03\output\random_dataset\dataset_2829.jpg,output/random_dataset/dataset_2829.jpg,cat
F:\NTSE\lab03\output\random_dataset\dataset_4939.jpg,output/random_dataset/dataset_4939.jpg,cat
F:\NTSE\lab03\output\random_dataset\dataset_6514.jpg,output/random_dataset/dataset_6514.jpg,cat
F:\NTSE\lab03\output\random_dataset\dataset_4180.jpg,output/random_dataset/dataset_4180.jpg,cat
F:\NTSE\lab03\output\random_dataset\dataset_5587.jpg,output/random_dataset/dataset_5587.jpg,cat
F:\NTSE\lab03\output\random_dataset\dataset_4708.jpg,output/random_dataset/dataset_4708.jpg,cat
F:\NTSE\lab03\output\random_dataset\dataset_159.jpg,output/random_dataset/dataset_159.jpg,cat
F:\NTSE\lab03\output\random_dataset\dataset_3457.jpg,output/random_dataset/dataset_3457.jpg,cat
F:\NTSE\lab03\output\random_dataset\dataset_415.jpg,output/random_dataset/dataset_415.jpg,cat
F:\NTSE\lab03\output\random_dataset\dataset_6398.jpg,output/random_dataset/dataset_6398.jpg,cat
F:\NTSE\lab03\output\random_dataset\dataset_5821.jpg,output/random_dataset/dataset_5821.jpg,cat
F:\NTSE\lab03\output\random_dataset\dataset_445.jpg,output/random_dataset/dataset_445.jpg,cat
F:\NTSE\lab03\output\random_dataset\dataset_5791.jpg,output/random_dataset/dataset_5791.jpg,cat
F:\NTSE\lab03\output\random_dataset\dataset_5471.jpg,output/random_dataset/dataset_5471.jpg,cat
F:\NTSE\lab03\output\random_dataset\dataset_4961.jpg,output/random_dataset/dataset_4961.jpg,cat
F:\NTSE\lab03\output\random_dataset\dataset_1694.jpg,output/random_dataset/dataset_1694.jpg,cat
F:\NTSE\lab03\output\random_dataset\dataset_4546.jpg,output/random_dataset/dataset_4546.jpg,cat
F:\NTSE\lab03\output\random_dataset\dataset_7430.jpg,output/random_dataset/dataset_7430.jpg,cat
F:\NTSE\lab03\output\random_dataset\dataset_9248.jpg,output/random_dataset/dataset_9248.jpg,cat
F:\NTSE\lab03\output\random_dataset\dataset_5338.jpg,output/random_dataset/dataset_5338.jpg,cat
F:\NTSE\lab03\output\random_dataset\dataset_3496.jpg,output/random_dataset/dataset_3496.jpg,cat
F:\NTSE\lab03\output\random_dataset\dataset_2911.jpg,output/random_dataset/dataset_2911.jpg,cat
F:\NTSE\lab03\output\random_dataset\dataset_4603.jpg,output/random_dataset/dataset_4603.jpg,cat
F:\NTSE\lab03\output\random_dataset\dataset_6463.jpg,output/random_dataset/dataset_6463.jpg,cat
F:\NTSE\lab03\output\random_dataset\dataset_8135.jpg,output/random_dataset/dataset_8135.jpg,cat
F:\NTSE\lab03\output\random_dataset\dataset_2256.jpg,output/random_dataset/dataset_2256.jpg,cat
F:\NTSE\lab03\output\random_dataset\dataset_1533.jpg,output/random_dataset/dataset_1533.jpg,cat
F:\NTSE\lab03\output\random_dataset\dataset_1233.jpg,output/random_dataset/dataset_1233.jpg,cat
F:\NTSE\lab03\output\random_dataset\dataset_3005.jpg,output/random_dataset/dataset_3005.jpg,cat
F:\NTSE\lab03\output\random_dataset\dataset_5542.jpg,output/random_dataset/dataset_5542.jpg,cat
F:\NTSE\lab03\output\random_dataset\dataset_9149.jpg,output/random_dataset/dataset_9149.jpg,cat
F:\NTSE\lab03\output\random_dataset\dataset_7307.jpg,output/random_dataset/dataset_7307.jpg,cat
F:\NTSE\lab03\output\random_dataset\dataset_6921.jpg,output/random_dataset/dataset_6921.jpg,cat
F:\NTSE\lab03\output\random_dataset\dataset_5562.jpg,output/random_dataset/dataset_5562.jpg,cat
F:\NTSE\lab03\output\random_dataset\dataset_2838.jpg,output/random_dataset/dataset_2838.jpg,cat
F:\NTSE\lab03\output\random_dataset\dataset_3049.jpg,output/random_dataset/dataset_3049.jpg,cat
F:\NTSE\lab03\output\random_dataset\dataset_4162.jpg,output/random_dataset/dataset_4162.jpg,cat
F:\NTSE\lab03\output\random_dataset\dataset_4740.jpg,output/random_dataset/dataset_4740.jpg,cat
F:\NTSE\lab03\output\random_dataset\dataset_6.jpg,output/random_dataset/dataset_6.jpg,cat
F:\NTSE\lab03\output\random_dataset\dataset_4124.jpg,output/random_dataset/dataset_4124.jpg,cat
F:\NTSE\lab03\output\random_dataset\dataset_4830.jpg,output/random_dataset/dataset_4830.jpg,cat
F:\NTSE\lab03\output\random_dataset\dataset_219.jpg,output/random_dataset/dataset_219.jpg,cat
F:\NTSE\lab03\output\random_dataset\dataset_6477.jpg,output/random_dataset/dataset_6477.jpg,cat
F:\NTSE\lab03\output\random_dataset\dataset_7843.jpg,output/random_dataset/dataset_7843.jpg,cat
F:\NTSE\lab03\output\random_dataset\dataset_7763.jpg,output/random_dataset/dataset_7763.jpg,cat
F:\NTSE\lab03\output\random_dataset\dataset_8272.jpg,output/random_dataset/dataset_8272.jpg,cat
F:\NTSE\lab03\output\random_dataset\dataset_7973.jpg,output/random_dataset/dataset_7973.jpg,cat
F:\NTSE\lab03\output\random_dataset\dataset_1228.jpg,output/random_dataset/dataset_1228.jpg,cat
F:\NTSE\lab03\output\random_dataset\dataset_2175.jpg,output/random_dataset/dataset_2175.jpg,cat
F:\NTSE\lab03\output\random_dataset\dataset_203.jpg,output/random_dataset/dataset_203.jpg,cat
F:\NTSE\lab03\output\random_dataset\dataset_5721.jpg,output/random_dataset/dataset_5721.jpg,cat
F:\NTSE\lab03\output\random_dataset\dataset_586.jpg,output/random_dataset/dataset_586.jpg,cat
F:\NTSE\lab03\output\random_dataset\dataset_6253.jpg,output/random_dataset/dataset_6253.jpg,cat
F:\NTSE\lab03\output\random_dataset\dataset_9000.jpg,output/random_dataset/dataset_9000.jpg,cat
F:\NTSE\lab03\output\random_dataset\dataset_7410.jpg,output/random_dataset/dataset_7410.jpg,cat
F:\NTSE\lab03\output\random_dataset\dataset_1195.jpg,output/random_dataset/dataset_1195.jpg,cat
F:\NTSE\lab03\output\random_dataset\dataset_4628.jpg,output/random_dataset/dataset_4628.jpg,cat
F:\NTSE\lab03\output\random_dataset\dataset_7724.jpg,output/random_dataset/dataset_7724.jpg,cat
F:\NTSE\lab03\output\random_dataset\dataset_9935.jpg,output/random_dataset/dataset_9935.jpg,cat
F:\NTSE\lab03\output\random_dataset\dataset_9786.jpg,output/random_dataset/dataset_9786.jpg,cat
F:\NTSE\lab03\output\random_dataset\dataset_241.jpg,output/random_dataset/dataset_241.jpg,cat
F:\NTSE\lab03\output\random_dataset\dataset_4655.jpg,output/random_dataset/dataset_4655.jpg,cat
F:\NTSE\lab03\output\random_dataset\dataset_7346.jpg,output/random_dataset/dataset_7346.jpg,cat
F:\NTSE\lab03\output\random_dataset\dataset_7072.jpg,output/random_dataset/dataset_7072.jpg,cat
F:\NTSE\lab03\output\random_dataset\dataset_6567.jpg,output/random_dataset/dataset_6567.jpg,cat
F:\NTSE\lab03\output\random_dataset\dataset_9092.jpg,output/random_dataset/dataset_9092.jpg,cat
F:\NTSE\lab03\output\random_dataset\dataset_5907.jpg,output/random_dataset/dataset_5907.jpg,cat
F:\NTSE\lab03\output\random_dataset\dataset_4213.jpg,output/random_dataset/dataset_4213.jpg,cat
F:\NTSE\lab03\output\random_dataset\dataset_6341.jpg,output/random_dataset/dataset_6341.jpg,cat
F:\NTSE\lab03\output\random_dataset\dataset_7590.jpg,output/random_dataset/dataset_7590.jpg,cat
F:\NTSE\lab03\output\random_dataset\dataset_594.jpg,output/random_dataset/dataset_594.jpg,cat
F:\NTSE\lab03\output\random_dataset\dataset_9062.jpg,output/random_dataset/dataset_9062.jpg,cat
F:\NTSE\lab03\output\random_dataset\dataset_6639.jpg,output/random_dataset/dataset_6639.jpg,cat
F:\NTSE\lab03\output\random_dataset\dataset_2935.jpg,output/random_dataset/dataset_2935.jpg,cat
F:\NTSE\lab03\output\random_dataset\dataset_9849.jpg,output/random_dataset/dataset_9849.jpg,cat
F:\NTSE\lab03\output\random_dataset\dataset_9685.jpg,output/random_dataset/dataset_9685.jpg,cat
F:\NTSE\lab03\output\random_dataset\dataset_9785.jpg,output/random_dataset/dataset_9785.jpg,cat
F:\NTSE\lab03\output\random_dataset\dataset_3158.jpg,output/random_dataset/dataset_3158.jpg,cat
F:\NTSE\lab03\output\random_dataset\dataset_1739.jpg,output/random_dataset/dataset_1739.jpg,cat
F:\NTSE\lab03\output\random_dataset\dataset_6717.jpg,output/random_dataset/dataset_6717.jpg,cat
F:\NTSE\lab03\output\random_dataset\dataset_9900.jpg,output/random_dataset/dataset_9900.jpg,cat
F:\NTSE\lab03\output\random_dataset\dataset_1529.jpg,output/random_dataset/dataset_1529.jpg,cat
F:\NTSE\lab03\output\random_dataset\dataset_3896.jpg,output/random_dataset/dataset_3896.jpg,cat
F:\NTSE\lab03\output\random_dataset\dataset_3979.jpg,output/random_dataset/dataset_3979.jpg,cat
F:\NTSE\lab03\output\random_dataset\dataset_6688.jpg,output/random_dataset/dataset_6688.jpg,cat
F:\NTSE\lab03\output\random_dataset\dataset_192.jpg,output/random_dataset/dataset_192.jpg,cat
F:\NTSE\lab03\output\random_dataset\dataset_5236.jpg,output/random_dataset/dataset_5236.jpg,cat
F:\NTSE\lab03\output\random_dataset\dataset_6602.jpg,output/random_dataset/dataset_6602.jpg,cat
F:\NTSE\lab03\output\random_dataset\dataset_7705.jpg,output/random_dataset/dataset_7705.jpg,cat
F:\NTSE\lab03\output\random_dataset\dataset_4931.jpg,output/random_dataset/dataset_4931.jpg,cat
F:\NTSE\lab03\output\random_dataset\dataset_4960.jpg,output/random_dataset/dataset_4960.jpg,cat
F:\NTSE\lab03\output\random_dataset\dataset_7421.jpg,output/random_dataset/dataset_7421.jpg,cat
F:\NTSE\lab03\output\random_dataset\dataset_3084.jpg,output/random_dataset/dataset_3084.jpg,cat
F:\NTSE\lab03\output\random_dataset\dataset_4329.jpg,output/random_dataset/dataset_4329.jpg,cat
F:\NTSE\lab03\output\random_dataset\dataset_800.jpg,output/random_dataset/dataset_800.jpg,cat
F:\NTSE\lab03\output\random_dataset\dataset_2182.jpg,output/random_dataset/dataset_2182.jpg,cat
F:\NTSE\lab03\output\random_dataset\dataset_9859.jpg,output/random_dataset/dataset_9859.jpg,cat
F:\NTSE\lab03\output\random_dataset\dataset_8900.jpg,output/random_dataset/dataset_8900.jpg,cat
F:\NTSE\lab03\output\random_dataset\dataset_8470.jpg,output/random_dataset/dataset_8470.jpg,cat
F:\NTSE\lab03\output\random_dataset\dataset_2121.jpg,output/random_dataset/dataset_2121.jpg,cat
F:\NTSE\lab03\output\random_dataset\dataset_7061.jpg,output/random_dataset/dataset_7061.jpg,cat
F:\NTSE\lab03\output\random_dataset\dataset_9147.jpg,output/random_dataset/dataset_9147.jpg,cat
F:\NTSE\lab03\output\random_dataset\dataset_3947.jpg,output/random_dataset/dataset_3947.jpg,cat
F:\NTSE\lab03\output\random_dataset\dataset_7452.jpg,output/random_dataset/dataset_7452.jpg,cat
F:\NTSE\lab03\output\random_dataset\dataset_3768.jpg,output/random_dataset/dataset_3768.jpg,cat
F:\NTSE\lab03\output\random_dataset\dataset_8184.jpg,output/random_dataset/dataset_8184.jpg,cat
F:\NTSE\lab03\output\random_dataset\dataset_9663.jpg,output/random_dataset/dataset_9663.jpg,cat
F:\NTSE\lab03\output\random_dataset\dataset_7638.jpg,output/random_dataset/dataset_7638.jpg,cat
F:\NTSE\lab03\output\random_dataset\dataset_2590.jpg,output/random_dataset/dataset_2590.jpg,cat
F:\NTSE\lab03\output\random_dataset\dataset_7052.jpg,output/random_dataset/dataset_7052.jpg,cat
F:\NTSE\lab03\output\random_dataset\dataset_2719.jpg,output/random_dataset/dataset_2719.jpg,cat
F:\NTSE\lab03\output\random_dataset\dataset_8669.jpg,output/random_dataset/dataset_8669.jpg,cat
F:\NTSE\lab03\output\random_dataset\dataset_9554.jpg,output/random_dataset/dataset_9554.jpg,cat
F:\NTSE\lab03\output\random_dataset\dataset_1317.jpg,output/random_dataset/dataset_1317.jpg,cat
F:\NTSE\lab03\output\random_dataset\dataset_5268.jpg,output/random_dataset/dataset_5268.jpg,cat
F:\NTSE\lab03\output\random_dataset\dataset_8243.jpg,output/random_dataset/dataset_8243.jpg,cat
F:\NTSE\lab03\output\random_dataset\dataset_2770.jpg,output/random_dataset/dataset_2770.jpg,cat
F:\NTSE\lab03\output\random_dataset\dataset_9928.jpg,output/random_dataset/dataset_9928.jpg,cat
F:\NTSE\lab03\output\random_dataset\dataset_5008.jpg,output/random_dataset/dataset_5008.jpg,cat
F:\NTSE\lab03\output\random_dataset\dataset_2845.jpg,output/random_dataset/dataset_2845.jpg,cat
F:\NTSE\lab03\output\random_dataset\dataset_6272.jpg,output/random_dataset/dataset_6272.jpg,cat
F:\NTSE\lab03\output\random_dataset\dataset_1400.jpg,output/random_dataset/dataset_1400.jpg,cat
F:\NTSE\lab03\output\random_dataset\dataset_6696.jpg,output/random_dataset/dataset_6696.jpg,cat
F:\NTSE\lab03\output\random_dataset\dataset_7864.jpg,output/random_dataset/dataset_7864.jpg,cat
F:\NTSE\lab03\output\random_dataset\dataset_2959.jpg,output/random_dataset/dataset_2959.jpg,cat
F:\NTSE\lab03\output\random_dataset\dataset_9774.jpg,output/random_dataset/dataset_9774.jpg,cat
F:\NTSE\lab03\output\random_dataset\dataset_5079.jpg,output/random_dataset/dataset_5079.jpg,cat
F:\NTSE\lab03\output\random_dataset\dataset_5599.jpg,output/random_dataset/dataset_5599.jpg,cat
F:\NTSE\lab03\output\random_dataset\dataset_4263.jpg,output/random_dataset/dataset_4263.jpg,cat
F:\NTSE\lab03\output\random_dataset\dataset_7681.jpg,output/random_dataset/dataset_7681.jpg,cat
F:\NTSE\lab03\output\random_dataset\dataset_8795.jpg,output/random_dataset/dataset_8795.jpg,cat
F:\NTSE\lab03\output\random_dataset\dataset_573.jpg,output/random_dataset/dataset_573.jpg,cat
F:\NTSE\lab03\output\random_dataset\dataset_7248.jpg,output/random_dataset/dataset_7248.jpg,cat
F:\NTSE\lab03\output\random_dataset\dataset_3595.jpg,output/random_dataset/dataset_3595.jpg,cat
F:\NTSE\lab03\output\random_dataset\dataset_5308.jpg,output/random_dataset/dataset_5308.jpg,cat
F:\NTSE\lab03\output\random_dataset\dataset_6176.jpg,output/random_dataset/dataset_6176.jpg,cat
F:\NTSE\lab03\output\random_dataset\dataset_565.jpg,output/random_dataset/dataset_565.jpg,cat
F:\NTSE\lab03\output\random_dataset\dataset_9471.jpg,output/random_dataset/dataset_9471.jpg,cat
F:\NTSE\lab03\output\random_dataset\dataset_3601.jpg,output/random_dataset/dataset_3601.jpg,cat
F:\NTSE\lab03\output\random_dataset\dataset_2562.jpg,output/random_dataset/dataset_2562.jpg,cat
F:\NTSE\lab03\output\random_dataset\dataset_7769.jpg,output/random_dataset/dataset_7769.jpg,cat
F:\NTSE\lab03\output\random_dataset\dataset_3836.jpg,output/random_dataset/dataset_3836.jpg,cat
F:\NTSE\lab03\output\random_dataset\dataset_2776.jpg,output/random_dataset/dataset_2776.jpg,cat
F:\NTSE\lab03\output\random_dataset\dataset_7619.jpg,output/random_dataset/dataset_7619.jpg,cat
F:\NTSE\lab03\output\random_dataset\dataset_3107.jpg,output/random_dataset/dataset_3107.jpg,cat
F:\NTSE\lab03\output\random_dataset\dataset_2212.jpg,output/random_dataset/dataset_2212.jpg,cat
F:\NTSE\lab03\output\random_dataset\dataset_2598.jpg,output/random_dataset/dataset_2598.jpg,cat
F:\NTSE\lab03\output\random_dataset\dataset_1883.jpg,output/random_dataset/dataset_1883.jpg,cat
F:\NTSE\lab03\output\random_dataset\dataset_2144.jpg,output/random_dataset/dataset_2144.jpg,cat
F:\NTSE\lab03\output\random_dataset\dataset_3721.jpg,output/random_dataset/dataset_3721.jpg,cat
F:\NTSE\lab03\output\random_dataset\dataset_3856.jpg,output/random_dataset/dataset_3856.jpg,cat
F:\NTSE\lab03\output\random_dataset\dataset_329.jpg,output/random_dataset/dataset_329.jpg,cat
F:\NTSE\lab03\output\random_dataset\dataset_873.jpg,output/random_dataset/dataset_873.jpg,cat
F:\NTSE\lab03\output\random_dataset\dataset_3193.jpg,output/random_dataset/dataset_3193.jpg,cat
F:\NTSE\lab03\output\random_dataset\dataset_2945.jpg,output/random_dataset/dataset_2945.jpg,cat
F:\NTSE\lab03\output\random_dataset\dataset_5554.jpg,output/random_dataset/dataset_5554.jpg,cat
F:\NTSE\lab03\output\random_dataset\dataset_5949.jpg,output/random_dataset/dataset_5949.jpg,cat
F:\NTSE\lab03\output\random_dataset\dataset_5885.jpg,output/random_dataset/dataset_5885.jpg,cat
F:\NTSE\lab03\output\random_dataset\dataset_1009.jpg,output/random_dataset/dataset_1009.jpg,cat
F:\NTSE\lab03\output\random_dataset\dataset_783.jpg,output/random_dataset/dataset_783.jpg,dog
F:\NTSE\lab03\output\random_dataset\dataset_3513.jpg,output/random_dataset/dataset_3513.jpg,dog
F:\NTSE\lab03\output\random_dataset\dataset_9479.jpg,output/random_dataset/dataset_9479.jpg,dog
F:\NTSE\lab03\output\random_dataset\dataset_7321.jpg,output/random_dataset/dataset_7321.jpg,dog
F:\NTSE\lab03\output\random_dataset\dataset_9681.jpg,output/random_dataset/dataset_9681.jpg,dog
F:\NTSE\lab03\output\random_dataset\dataset_64.jpg,output/random_dataset/dataset_64.jpg,dog
F:\NTSE\lab03\output\random_dataset\dataset_6145.jpg,output/random_dataset/dataset_6145.jpg,dog
F:\NTSE\lab03\output\random_dataset\dataset_2927.jpg,output/random_dataset/dataset_2927.jpg,dog
F:\NTSE\lab03\output\random_dataset\dataset_9885.jpg,output/random_dataset/dataset_9885.jpg,dog
F:\NTSE\lab03\output\random_dataset\dataset_3663.jpg,output/random_dataset/dataset_3663.jpg,dog
F:\NTSE\lab03\output\random_dataset\dataset_7940.jpg,output/random_dataset/dataset_7940.jpg,dog
F:\NTSE\lab03\output\random_dataset\dataset_8483.jpg,output/random_dataset/dataset_8483.jpg,dog
F:\NTSE\lab03\output\random_dataset\dataset_1644.jpg,output/random_dataset/dataset_1644.jpg,dog
F:\NTSE\lab03\output\random_dataset\dataset_2633.jpg,output/random_dataset/dataset_2633.jpg,dog
F:\NTSE\lab03\output\random_dataset\dataset_5297.jpg,output/random_dataset/dataset_5297.jpg,dog
F:\NTSE\lab03\output\random_dataset\dataset_4360.jpg,output/random_dataset/dataset_4360.jpg,dog
F:\NTSE\lab03\output\random_dataset\dataset_6736.jpg,output/random_dataset/dataset_6736.jpg,dog
F:\NTSE\lab03\output\random_dataset\dataset_8228.jpg,output/random_dataset/dataset_8228.jpg,dog
F:\NTSE\lab03\output\random_dataset\dataset_2629.jpg,output/random_dataset/dataset_2629.jpg,dog
F:\NTSE\lab03\output\random_dataset\dataset_8011.jpg,output/random_dataset/dataset_8011.jpg,dog
F:\NTSE\lab03\output\random_dataset\dataset_6835.jpg,output/random_dataset/dataset_6835.jpg,dog
F:\NTSE\lab03\output\random_dataset\dataset_1131.jpg,output/random_dataset/dataset_1131.jpg,dog
F:\NTSE\lab03\output\random_dataset\dataset_9806.jpg,output/random_dataset/dataset_9806.jpg,dog
F:\NTSE\lab03\output\random_dataset\dataset_1839.jpg,output/random_dataset/dataset_1839.jpg,dog
F:\NTSE\lab03\output\random_dataset\dataset_7722.jpg,output/random_dataset/dataset_7722.jpg,dog
F:\NTSE\lab03\output\random_dataset\dataset_941.jpg,output/random_dataset/dataset_941.jpg,dog
F:\NTSE\lab03\output\random_dataset\dataset_9313.jpg,output/random_dataset/dataset_9313.jpg,dog
F:\NTSE\lab03\output\random_dataset\dataset_4419.jpg,output/random_dataset/dataset_4419.jpg,dog
F:\NTSE\lab03\output\random_dataset\dataset_3577.jpg,output/random_dataset/dataset_3577.jpg,dog
F:\NTSE\lab03\output\random_dataset\dataset_4816.jpg,output/random_dataset/dataset_4816.jpg,dog
F:\NTSE\lab03\output\random_dataset\dataset_1561.jpg,output/random_dataset/dataset_1561.jpg,dog
F:\NTSE\lab03\output\random_dataset\dataset_7416.jpg,output/random_dataset/dataset_7416.jpg,dog
F:\NTSE\lab03\output\random_dataset\dataset_1245.jpg,output/random_dataset/dataset_1245.jpg,dog
F:\NTSE\lab03\output\random_dataset\dataset_9538.jpg,output/random_dataset/dataset_9538.jpg,dog
F:\NTSE\lab03\output\random_dataset\dataset_2123.jpg,output/random_dataset/dataset_2123.jpg,dog
F:\NTSE\lab03\output\random_dataset\dataset_4927.jpg,output/random_dataset/dataset_4927.jpg,dog
F:\NTSE\lab03\output\random_dataset\dataset_5638.jpg,output/random_dataset/dataset_5638.jpg,dog
F:\NTSE\lab03\output\random_dataset\dataset_6521.jpg,output/random_dataset/dataset_6521.jpg,dog
F:\NTSE\lab03\output\random_dataset\dataset_962.jpg,output/random_dataset/dataset_962.jpg,dog
F:\NTSE\lab03\output\random_dataset\dataset_1352.jpg,output/random_dataset/dataset_1352.jpg,dog
F:\NTSE\lab03\output\random_dataset\dataset_9395.jpg,output/random_dataset/dataset_9395.jpg,dog
F:\NTSE\lab03\output\random_dataset\dataset_8740.jpg,output/random_dataset/dataset_8740.jpg,dog
F:\NTSE\lab03\output\random_dataset\dataset_1695.jpg,output/random_dataset/dataset_1695.jpg,dog
F:\NTSE\lab03\output\random_dataset\dataset_6421.jpg,output/random_dataset/dataset_6421.jpg,dog
F:\NTSE\lab03\output\random_dataset\dataset_2784.jpg,output/random_dataset/dataset_2784.jpg,dog
F:\NTSE\lab03\output\random_dataset\dataset_6254.jpg,output/random_dataset/dataset_6254.jpg,dog
F:\NTSE\lab03\output\random_dataset\dataset_8403.jpg,output/random_dataset/dataset_8403.jpg,dog
F:\NTSE\lab03\output\random_dataset\dataset_4576.jpg,output/random_dataset/dataset_4576.jpg,dog
F:\NTSE\lab03\output\random_dataset\dataset_3699.jpg,output/random_dataset/dataset_3699.jpg,dog
F:\NTSE\lab03\output\random_dataset\dataset_2858.jpg,output/random_dataset/dataset_2858.jpg,dog
F:\NTSE\lab03\output\random_dataset\dataset_7107.jpg,output/random_dataset/dataset_7107.jpg,dog
F:\NTSE\lab03\output\random_dataset\dataset_0.jpg,output/random_dataset/dataset_0.jpg,dog
F:\NTSE\lab03\output\random_dataset\dataset_9374.jpg,output/random_dataset/dataset_9374.jpg,dog
F:\NTSE\lab03\output\random_dataset\dataset_4559.jpg,output/random_dataset/dataset_4559.jpg,dog
F:\NTSE\lab03\output\random_dataset\dataset_5364.jpg,output/random_dataset/dataset_5364.jpg,dog
F:\NTSE\lab03\output\random_dataset\dataset_6190.jpg,output/random_dataset/dataset_6190.jpg,dog
F:\NTSE\lab03\output\random_dataset\dataset_528.jpg,output/random_dataset/dataset_528.jpg,dog
F:\NTSE\lab03\output\random_dataset\dataset_2503.jpg,output/random_dataset/dataset_2503.jpg,dog
F:\NTSE\lab03\output\random_dataset\dataset_4697.jpg,output/random_dataset/dataset_4697.jpg,dog
F:\NTSE\lab03\output\random_dataset\dataset_1941.jpg,output/random_dataset/dataset_1941.jpg,dog
F:\NTSE\lab03\output\random_dataset\dataset_4567.jpg,output/random_dataset/dataset_4567.jpg,dog
F:\NTSE\lab03\output\random_dataset\dataset_1844.jpg,output/random_dataset/dataset_1844.jpg,dog
F:\NTSE\lab03\output\random_dataset\dataset_9413.jpg,output/random_dataset/dataset_9413.jpg,dog
F:\NTSE\lab03\output\random_dataset\dataset_2497.jpg,output/random_dataset/dataset_2497.jpg,dog
F:\NTSE\lab03\output\random_dataset\dataset_8698.jpg,output/random_dataset/dataset_8698.jpg,dog
F:\NTSE\lab03\output\random_dataset\dataset_1646.jpg,output/random_dataset/dataset_1646.jpg,dog
F:\NTSE\lab03\output\random_dataset\dataset_4429.jpg,output/random_dataset/dataset_4429.jpg,dog
F:\NTSE\lab03\output\random_dataset\dataset_4369.jpg,output/random_dataset/dataset_4369.jpg,dog
F:\NTSE\lab03\output\random_dataset\dataset_8466.jpg,output/random_dataset/dataset_8466.jpg,dog
F:\NTSE\lab03\output\random_dataset\dataset_7835.jpg,output/random_dataset/dataset_7835.jpg,dog
F:\NTSE\lab03\output\random_dataset\dataset_9488.jpg,output/random_dataset/dataset_9488.jpg,dog
F:\NTSE\lab03\output\random_dataset\dataset_9049.jpg,output/random_dataset/dataset_9049.jpg,dog
F:\NTSE\lab03\output\random_dataset\dataset_7129.jpg,output/random_dataset/dataset_7129.jpg,dog
F:\NTSE\lab03\output\random_dataset\dataset_7383.jpg,output/random_dataset/dataset_7383.jpg,dog
F:\NTSE\lab03\output\random_dataset\dataset_7116.jpg,output/random_dataset/dataset_7116.jpg,dog
F:\NTSE\lab03\output\random_dataset\dataset_1806.jpg,output/random_dataset/dataset_1806.jpg,dog
F:\NTSE\lab03\output\random_dataset\dataset_6169.jpg,output/random_dataset/dataset_6169.jpg,dog
F:\NTSE\lab03\output\random_dataset\dataset_8085.jpg,output/random_dataset/dataset_8085.jpg,dog
F:\NTSE\lab03\output\random_dataset\dataset_6276.jpg,output/random_dataset/dataset_6276.jpg,dog
F:\NTSE\lab03\output\random_dataset\dataset_7134.jpg,output/random_dataset/dataset_7134.jpg,dog
F:\NTSE\lab03\output\random_dataset\dataset_1384.jpg,output/random_dataset/dataset_1384.jpg,dog
F:\NTSE\lab03\output\random_dataset\dataset_5707.jpg,output/random_dataset/dataset_5707.jpg,dog
F:\NTSE\lab03\output\random_dataset\dataset_6399.jpg,output/random_dataset/dataset_6399.jpg,dog
F:\NTSE\lab03\output\random_dataset\dataset_5691.jpg,output/random_dataset/dataset_5691.jpg,dog
F:\NTSE\lab03\output\random_dataset\dataset_4771.jpg,output/random_dataset/dataset_4771.jpg,dog
F:\NTSE\lab03\output\random_dataset\dataset_6098.jpg,output/random_dataset/dataset_6098.jpg,dog
F:\NTSE\lab03\output\random_dataset\dataset_2505.jpg,output/random_dataset/dataset_2505.jpg,dog
F:\NTSE\lab03\output\random_dataset\dataset_5174.jpg,output/random_dataset/dataset_5174.jpg,dog
F:\NTSE\lab03\output\random_dataset\dataset_5299.jpg,output/random_dataset/dataset_5299.jpg,dog
F:\NTSE\lab03\output\random_dataset\dataset_2289.jpg,output/random_dataset/dataset_2289.jpg,dog
F:\NTSE\lab03\output\random_dataset\dataset_6465.jpg,output/random_dataset/dataset_6465.jpg,dog
F:\NTSE\lab03\output\random_dataset\dataset_8201.jpg,output/random_dataset/dataset_8201.jpg,dog
F:\NTSE\lab03\output\random_dataset\dataset_3151.jpg,output/random_dataset/dataset_3151.jpg,dog
F:\NTSE\lab03\output\random_dataset\dataset_4873.jpg,output/random_dataset/dataset_4873.jpg,dog
F:\NTSE\lab03\output\random_dataset\dataset_5882.jpg,output/random_dataset/dataset_5882.jpg,dog
F:\NTSE\lab03\output\random_dataset\dataset_6329.jpg,output/random_dataset/dataset_6329.jpg,dog
F:\NTSE\lab03\output\random_dataset\dataset_2265.jpg,output/random_dataset/dataset_2265.jpg,dog
F:\NTSE\lab03\output\random_dataset\dataset_3220.jpg,output/random_dataset/dataset_3220.jpg,dog
F:\NTSE\lab03\output\random_dataset\dataset_1052.jpg,output/random_dataset/dataset_1052.jpg,dog
F:\NTSE\lab03\output\random_dataset\dataset_5324.jpg,output/random_dataset/dataset_5324.jpg,dog
F:\NTSE\lab03\output\random_dataset\dataset_2606.jpg,output/random_dataset/dataset_2606.jpg,dog
F:\NTSE\lab03\output\random_dataset\dataset_774.jpg,output/random_dataset/dataset_774.jpg,dog
F:\NTSE\lab03\output\random_dataset\dataset_5654.jpg,output/random_dataset/dataset_5654.jpg,dog
F:\NTSE\lab03\output\random_dataset\dataset_2370.jpg,output/random_dataset/dataset_2370.jpg,dog
F:\NTSE\lab03\output\random_dataset\dataset_3389.jpg,output/random_dataset/dataset_3389.jpg,dog
F:\NTSE\lab03\output\random_dataset\dataset_4672.jpg,output/random_dataset/dataset_4672.jpg,dog
F:\NTSE\lab03\output\random_dataset\dataset_5318.jpg,output/random_dataset/dataset_5318.jpg,dog
F:\NTSE\lab03\output\random_dataset\dataset_714.jpg,output/random_dataset/dataset_714.jpg,dog
F:\NTSE\lab03\output\random_dataset\dataset_6167.jpg,output/random_dataset/dataset_6167.jpg,dog
F:\NTSE\lab03\output\random_dataset\dataset_828.jpg,output/random_dataset/dataset_828.jpg,dog
F:\NTSE\lab03\output\random_dataset\dataset_7552.jpg,output/random_dataset/dataset_7552.jpg,dog
F:\NTSE\lab03\output\random_dataset\dataset_7652.jpg,output/random_dataset/dataset_7652.jpg,dog
F:\NTSE\lab03\output\random_dataset\dataset_9776.jpg,output/random_dataset/dataset_9776.jpg,dog
F:\NTSE\lab03\output\random_dataset\dataset_7465.jpg,output/random_dataset/dataset_7465.jpg,dog
F:\NTSE\lab03\output\random_dataset\dataset_3607.jpg,output/random_dataset/dataset_3607.jpg,dog
F:\NTSE\lab03\output\random_dataset\dataset_4571.jpg,output/random_dataset/dataset_4571.jpg,dog
F:\NTSE\lab03\output\random_dataset\dataset_1020.jpg,output/random_dataset/dataset_1020.jpg,dog
F:\NTSE\lab03\output\random_dataset\dataset_9143.jpg,output/random_dataset/dataset_9143.jpg,dog
F:\NTSE\lab03\output\random_dataset\dataset_2243.jpg,output/random_dataset/dataset_2243.jpg,dog
F:\NTSE\lab03\output\random_dataset\dataset_2864.jpg,output/random_dataset/dataset_2864.jpg,dog
F:\NTSE\lab03\output\random_dataset\dataset_9026.jpg,output/random_dataset/dataset_9026.jpg,dog
F:\NTSE\lab03\output\random_dataset\dataset_1877.jpg,output/random_dataset/dataset_1877.jpg,dog
F:\NTSE\lab03\output\random_dataset\dataset_7081.jpg,output/random_dataset/dataset_7081.jpg,dog
F:\NTSE\lab03\output\random_dataset\dataset_9807.jpg,output/random_dataset/dataset_9807.jpg,dog
F:\NTSE\lab03\output\random_dataset\dataset_6085.jpg,output/random_dataset/dataset_6085.jpg,dog
F:\NTSE\lab03\output\random_dataset\dataset_4430.jpg,output/random_dataset/dataset_4430.jpg,dog
F:\NTSE\lab03\output\random_dataset\dataset_1638.jpg,output/random_dataset/dataset_1638.jpg,dog
F:\NTSE\lab03\output\random_dataset\dataset_2050.jpg,output/random_dataset/dataset_2050.jpg,dog
F:\NTSE\lab03\output\random_dataset\dataset_1861.jpg,output/random_dataset/dataset_1861.jpg,dog
F:\NTSE\lab03\output\random_dataset\dataset_6034.jpg,output/random_dataset/dataset_6034.jpg,dog
F:\NTSE\lab03\output\random_dataset\dataset_8053.jpg,output/random_dataset/dataset_8053.jpg,dog
F:\NTSE\lab03\output\random_dataset\dataset_766.jpg,output/random_dataset/dataset_766.jpg,dog
F:\NTSE\lab03\output\random_dataset\dataset_4757.jpg,output/random_dataset/dataset_4757.jpg,dog
F:\NTSE\lab03\output\random_dataset\dataset_5862.jpg,output/random_dataset/dataset_5862.jpg,dog
F:\NTSE\lab03\output\random_dataset\dataset_8566.jpg,output/random_dataset/dataset_8566.jpg,dog
F:\NTSE\lab03\output\random_dataset\dataset_428.jpg,output/random_dataset/dataset_428.jpg,dog
F:\NTSE\lab03\output\random_dataset\dataset_7428.jpg,output/random_dataset/dataset_7428.jpg,dog
F:\NTSE\lab03\output\random_dataset\dataset_3629.jpg,output/random_dataset/dataset_3629.jpg,dog
F:\NTSE\lab03\output\random_dataset\dataset_3645.jpg,output/random_dataset/dataset_3645.jpg,dog
F:\NTSE\lab03\output\random_dataset\dataset_6742.jpg,output/random_dataset/dataset_6742.jpg,dog
F:\NTSE\lab03\output\random_dataset\dataset_2438.jpg,output/random_dataset/dataset_2438.jpg,dog
F:\NTSE\lab03\output\random_dataset\dataset_1325.jpg,output/random_dataset/dataset_1325.jpg,dog
F:\NTSE\lab03\output\random_dataset\dataset_9024.jpg,output/random_dataset/dataset_9024.jpg,dog
F:\NTSE\lab03\output\random_dataset\dataset_5646.jpg,output/random_dataset/dataset_5646.jpg,dog
F:\NTSE\lab03\output\random_dataset\dataset_1674.jpg,output/random_dataset/dataset_1674.jpg,dog
F:\NTSE\lab03\output\random_dataset\dataset_9867.jpg,output/random_dataset/dataset_9867.jpg,dog
F:\NTSE\lab03\output\random_dataset\dataset_8761.jpg,output/random_dataset/dataset_8761.jpg,dog
F:\NTSE\lab03\output\random_dataset\dataset_4334.jpg,output/random_dataset/dataset_4334.jpg,dog
F:\NTSE\lab03\output\random_dataset\dataset_7304.jpg,output/random_dataset/dataset_7304.jpg,dog
F:\NTSE\lab03\output\random_dataset\dataset_8506.jpg,output/random_dataset/dataset_8506.jpg,dog
F:\NTSE\lab03\output\random_dataset\dataset_2278.jpg,output/random_dataset/dataset_2278.jpg,dog
F:\NTSE\lab03\output\random_dataset\dataset_4508.jpg,output/random_dataset/dataset_4508.jpg,dog
F:\NTSE\lab03\output\random_dataset\dataset_1050.jpg,output/random_dataset/dataset_1050.jpg,dog
F:\NTSE\lab03\output\random_dataset\dataset_4891.jpg,output/random_dataset/dataset_4891.jpg,dog
F:\NTSE\lab03\output\random_dataset\dataset_2271.jpg,output/random_dataset/dataset_2271.jpg,dog
F:\NTSE\lab03\output\random_dataset\dataset_7380.jpg,output/random_dataset/dataset_7380.jpg,dog
F:\NTSE\lab03\output\random_dataset\dataset_9621.jpg,output/random_dataset/dataset_9621.jpg,dog
F:\NTSE\lab03\output\random_dataset\dataset_3610.jpg,output/random_dataset/dataset_3610.jpg,dog
F:\NTSE\lab03\output\random_dataset\dataset_7906.jpg,output/random_dataset/dataset_7906.jpg,dog
F:\NTSE\lab03\output\random_dataset\dataset_2314.jpg,output/random_dataset/dataset_2314.jpg,dog
F:\NTSE\lab03\output\random_dataset\dataset_6309.jpg,output/random_dataset/dataset_6309.jpg,dog
F:\NTSE\lab03\output\random_dataset\dataset_1180.jpg,output/random_dataset/dataset_1180.jpg,dog
F:\NTSE\lab03\output\random_dataset\dataset_5279.jpg,output/random_dataset/dataset_5279.jpg,dog
F:\NTSE\lab03\output\random_dataset\dataset_7675.jpg,output/random_dataset/dataset_7675.jpg,dog
F:\NTSE\lab03\output\random_dataset\dataset_7455.jpg,output/random_dataset/dataset_7455.jpg,dog
F:\NTSE\lab03\output\random_dataset\dataset_4916.jpg,output/random_dataset/dataset_4916.jpg,dog
F:\NTSE\lab03\output\random_dataset\dataset_996.jpg,output/random_dataset/dataset_996.jpg,dog
F:\NTSE\lab03\output\random_dataset\dataset_8841.jpg,output/random_dataset/dataset_8841.jpg,dog
F:\NTSE\lab03\output\random_dataset\dataset_5637.jpg,output/random_dataset/dataset_5637.jpg,dog
F:\NTSE\lab03\output\random_dataset\dataset_4335.jpg,output/random_dataset/dataset_4335.jpg,dog
F:\NTSE\lab03\output\random_dataset\dataset_6136.jpg,output/random_dataset/dataset_6136.jpg,dog
F:\NTSE\lab03\output\random_dataset\dataset_2769.jpg,output/random_dataset/dataset_2769.jpg,dog
F:\NTSE\lab03\output\random_dataset\dataset_598.jpg,output/random_dataset/dataset_598.jpg,dog
F:\NTSE\lab03\output\random_dataset\dataset_6370.jpg,output/random_dataset/dataset_6370.jpg,dog
F:\NTSE\lab03\output\random_dataset\dataset_4153.jpg,output/random_dataset/dataset_4153.jpg,dog
F:\NTSE\lab03\output\random_dataset\dataset_6450.jpg,output/random_dataset/dataset_6450.jpg,dog
F:\NTSE\lab03\output\random_dataset\dataset_8259.jpg,output/random_dataset/dataset_8259.jpg,dog
F:\NTSE\lab03\output\random_dataset\dataset_4696.jpg,output/random_dataset/dataset_4696.jpg,dog
F:\NTSE\lab03\output\random_dataset\dataset_3588.jpg,output/random_dataset/dataset_3588.jpg,dog
F:\NTSE\lab03\output\random_dataset\dataset_2777.jpg,output/random_dataset/dataset_2777.jpg,dog
F:\NTSE\lab03\output\random_dataset\dataset_6178.jpg,output/random_dataset/dataset_6178.jpg,dog
F:\NTSE\lab03\output\random_dataset\dataset_2387.jpg,output/random_dataset/dataset_2387.jpg,dog
F:\NTSE\lab03\output\random_dataset\dataset_2635.jpg,output/random_dataset/dataset_2635.jpg,dog
F:\NTSE\lab03\output\random_dataset\dataset_3503.jpg,output/random_dataset/dataset_3503.jpg,dog
F:\NTSE\lab03\output\random_dataset\dataset_7230.jpg,output/random_dataset/dataset_7230.jpg,dog
F:\NTSE\lab03\output\random_dataset\dataset_9565.jpg,output/random_dataset/dataset_9565.jpg,dog
F:\NTSE\lab03\output\random_dataset\dataset_724.jpg,output/random_dataset/dataset_724.jpg,dog
F:\NTSE\lab03\output\random_dataset\dataset_4615.jpg,output/random_dataset/dataset_4615.jpg,dog
F:\NTSE\lab03\output\random_dataset\dataset_5592.jpg,output/random_dataset/dataset_5592.jpg,dog
F:\NTSE\lab03\output\random_dataset\dataset_9423.jpg,output/random_dataset/dataset_9423.jpg,dog
F:\NTSE\lab03\output\random_dataset\dataset_4692.jpg,output/random_dataset/dataset_4692.jpg,dog
F:\NTSE\lab03\output\random_dataset\dataset_7614.jpg,output/random_dataset/dataset_7614.jpg,dog
F:\NTSE\lab03\output\random_dataset\dataset_2436.jpg,output/random_dataset/dataset_2436.jpg,dog
F:\NTSE\lab03\output\random_dataset\dataset_4616.jpg,output/random_dataset/dataset_4616.jpg,dog
F:\NTSE\lab03\output\random_dataset\dataset_8848.jpg,output/random_dataset/dataset_8848.jpg,dog
F:\NTSE\lab03\output\random_dataset\dataset_8704.jpg,output/random_dataset/dataset_8704.jpg,dog
F:\NTSE\lab03\output\random_dataset\dataset_3492.jpg,output/random_dataset/dataset_3492.jpg,dog
F:\NTSE\lab03\output\random_dataset\dataset_8486.jpg,output/random_dataset/dataset_8486.jpg,dog
F:\NTSE\lab03\output\random_dataset\dataset_8391.jpg,output/random_dataset/dataset_8391.jpg,dog
F:\NTSE\lab03\output\random_dataset\dataset_9204.jpg,output/random_dataset/dataset_9204.jpg,dog
F:\NTSE\lab03\output\random_dataset\dataset_238.jpg,output/random_dataset/dataset_238.jpg,dog
F:\NTSE\lab03\output\random_dataset\dataset_9619.jpg,output/random_dataset/dataset_9619.jpg,dog
F:\NTSE\lab03\output\random_dataset\dataset_1306.jpg,output/random_dataset/dataset_1306.jpg,dog
F:\NTSE\lab03\output\random_dataset\dataset_6347.jpg,output/random_dataset/dataset_6347.jpg,dog
F:\NTSE\lab03\output\random_dataset\dataset_1927.jpg,output/random_dataset/dataset_1927.jpg,dog
F:\NTSE\lab03\output\random_dataset\dataset_8766.jpg,output/random_dataset/dataset_8766.jpg,dog
F:\NTSE\lab03\output\random_dataset\dataset_7019.jpg,output/random_dataset/dataset_7019.jpg,dog
F:\NTSE\lab03\output\random_dataset\dataset_4467.jpg,output/random_dataset/dataset_4467.jpg,dog
F:\NTSE\lab03\output\random_dataset\dataset_2316.jpg,output/random_dataset/dataset_2316.jpg,dog
F:\NTSE\lab03\output\random_dataset\dataset_5481.jpg,output/random_dataset/dataset_5481.jpg,dog
F:\NTSE\lab03\output\random_dataset\dataset_141.jpg,output/random_dataset/dataset_141.jpg,dog
F:\NTSE\lab03\output\random_dataset\dataset_1315.jpg,output/random_dataset/dataset_1315.jpg,dog
F:\NTSE\lab03\output\random_dataset\dataset_9195.jpg,output/random_dataset/dataset_9195.jpg,dog
F:\NTSE\lab03\output\random_dataset\dataset_8374.jpg,output/random_dataset/dataset_8374.jpg,dog
F:\NTSE\lab03\output\random_dataset\dataset_4125.jpg,output/random_dataset/dataset_4125.jpg,dog
F:\NTSE\lab03\output\random_dataset\dataset_1666.jpg,output/random_dataset/dataset_1666.jpg,dog
F:\NTSE\lab03\output\random_dataset\dataset_5919.jpg,output/random_dataset/dataset_5919.jpg,dog
F:\NTSE\lab03\output\random_dataset\dataset_62.jpg,output/random_dataset/dataset_62.jpg,dog
F:\NTSE\lab03\output\random_dataset\dataset_2865.jpg,output/random_dataset/dataset_2865.jpg,dog
F:\NTSE\lab03\output\random_dataset\dataset_1573.jpg,output/random_dataset/dataset_1573.jpg,dog
F:\NTSE\lab03\output\random_dataset\dataset_4384.jpg,output/random_dataset/dataset_4384.jpg,dog
F:\NTSE\lab03\output\random_dataset\dataset_9155.jpg,output/random_dataset/dataset_9155.jpg,dog
F:\NTSE\lab03\output\random_dataset\dataset_4182.jpg,output/random_dataset/dataset_4182.jpg,dog
F:\NTSE\lab03\output\random_dataset\dataset_7759.jpg,output/random_dataset/dataset_7759.jpg,dog
F:\NTSE\lab03\output\random_dataset\dataset_5859.jpg,output/random_dataset/dataset_5859.jpg,dog
F:\NTSE\lab03\output\random_dataset\dataset_7896.jpg,output/random_dataset/dataset_7896.jpg,dog
F:\NTSE\lab03\output\random_dataset\dataset_1408.jpg,output/random_dataset/dataset_1408.jpg,dog
F:\NTSE\lab03\output\random_dataset\dataset_6324.jpg,output/random_dataset/dataset_6324.jpg,dog
F:\NTSE\lab03\output\random_dataset\dataset_5551.jpg,output/random_dataset/dataset_5551.jpg,dog
F:\NTSE\lab03\output\random_dataset\dataset_3478.jpg,output/random_dataset/dataset_3478.jpg,dog
F:\NTSE\lab03\output\random_dataset\dataset_3209.jpg,output/random_dataset/dataset_3209.jpg,dog
F:\NTSE\lab03\output\random_dataset\dataset_8534.jpg,output/random_dataset/dataset_8534.jpg,dog
F:\NTSE\lab03\output\random_dataset\dataset_5503.jpg,output/random_dataset/dataset_5503.jpg,dog
F:\NTSE\lab03\output\random_dataset\dataset_6963.jpg,output/random_dataset/dataset_6963.jpg,dog
F:\NTSE\lab03\output\random_dataset\dataset_9767.jpg,output/random_dataset/dataset_9767.jpg,dog
F:\NTSE\lab03\output\random_dataset\dataset_2009.jpg,output/random_dataset/dataset_2009.jpg,dog
F:\NTSE\lab03\output\random_dataset\dataset_3939.jpg,output/random_dataset/dataset_3939.jpg,dog
F:\NTSE\lab03\output\random_dataset\dataset_1074.jpg,output/random_dataset/dataset_1074.jpg,dog
F:\NTSE\lab03\output\random_dataset\dataset_4986.jpg,output/random_dataset/dataset_4986.jpg,dog
F:\NTSE\lab03\output\random_dataset\dataset_250.jpg,output/random_dataset/dataset_250.jpg,dog
F:\NTSE\lab03\output\random_dataset\dataset_6613.jpg,output/random_dataset/dataset_6613.jpg,dog
F:\NTSE\lab03\output\random_dataset\dataset_3249.jpg,output/random_dataset/dataset_3249.jpg,dog
F:\NTSE\lab03\output\random_dataset\dataset_8884.jpg,output/random_dataset/dataset_8884.jpg,dog
F:\NTSE\lab03\output\random_dataset\dataset_5856.jpg,output/random_dataset/dataset_5856.jpg,dog
F:\NTSE\lab03\output\random_dataset\dataset_1041.jpg,output/random_dataset/dataset_1041.jpg,dog
F:\NTSE\lab03\output\random_dataset\dataset_9888.jpg,output/random_dataset/dataset_9888.jpg,dog
F:\NTSE\lab03\output\random_dataset\dataset_667.jpg,output/random_dataset/dataset_667.jpg,dog
F:\NTSE\lab03\output\random_dataset\dataset_1387.jpg,output/random_dataset/dataset_1387.jpg,dog
F:\NTSE\lab03\output\random_dataset\dataset_9870.jpg,output/random_dataset/dataset_9870.jpg,dog
F:\NTSE\lab03\output\random_dataset\dataset_510.jpg,output/random_dataset/dataset_510.jpg,dog
F:\NTSE\lab03\output\random_dataset\dataset_2868.jpg,output/random_dataset/dataset_2868.jpg,dog
F:\NTSE\lab03\output\random_dataset\dataset_3101.jpg,output/random_dataset/dataset_3101.jpg,dog
F:\NTSE\lab03\output\random_dataset\dataset_8832.jpg,output/random_dataset/dataset_8832.jpg,dog
F:\NTSE\lab03\output\random_dataset\dataset_1391.jpg,output/random_dataset/dataset_1391.jpg,dog
F:\NTSE\lab03\output\random_dataset\dataset_2956.jpg,output/random_dataset/dataset_2956.jpg,dog
F:\NTSE\lab03\output\random_dataset\dataset_4537.jpg,output/random_dataset/dataset_4537.jpg,dog
F:\NTSE\lab03\output\random_dataset\dataset_1075.jpg,output/random_dataset/dataset_1075.jpg,dog
F:\NTSE\lab03\output\random_dataset\dataset_7453.jpg,output/random_dataset/dataset_7453.jpg,dog
F:\NTSE\lab03\output\random_dataset\dataset_70.jpg,output/random_dataset/dataset_70.jpg,dog
F:\NTSE\lab03\output\random_dataset\dataset_6557.jpg,output/random_dataset/dataset_6557.jpg,dog
F:\NTSE\lab03\output\random_dataset\dataset_2931.jpg,output/random_dataset/dataset_2931.jpg,dog
F:\NTSE\lab03\output\random_dataset\dataset_3366.jpg,output/random_dataset/dataset_3366.jpg,dog
F:\NTSE\lab03\output\random_dataset\dataset_9733.jpg,output/random_dataset/dataset_9733.jpg,dog
F:\NTSE\lab03\output\random_dataset\dataset_3728.jpg,output/random_dataset/dataset_3728.jpg,dog
F:\NTSE\lab03\output\random_dataset\dataset_4351.jpg,output/random_dataset/dataset_4351.jpg,dog
F:\NTSE\lab03\output\random_dataset\dataset_2852.jpg,output/random_dataset/dataset_2852.jpg,dog
F:\NTSE\lab03\output\random_dataset\dataset_9993.jpg,output/random_dataset/dataset_9993.jpg,dog
F:\NTSE\lab03\output\random_dataset\dataset_6975.jpg,output/random_dataset/dataset_6975.jpg,dog
F:\NTSE\lab03\output\random_dataset\dataset_1932.jpg,output/random_dataset/dataset_1932.jpg,dog
F:\NTSE\lab03\output\random_dataset\dataset_9713.jpg,output/random_dataset/dataset_9713.jpg,dog
F:\NTSE\lab03\output\random_dataset\dataset_7331.jpg,output/random_dataset/dataset_7331.jpg,dog
F:\NTSE\lab03\output\random_dataset\dataset_9968.jpg,output/random_dataset/dataset_9968.jpg,dog
F:\NTSE\lab03\output\random_dataset\dataset_8275.jpg,output/random_dataset/dataset_8275.jpg,dog
F:\NTSE\lab03\output\random_dataset\dataset_7357.jpg,output/random_dataset/dataset_7357.jpg,dog
F:\NTSE\lab03\output\random_dataset\dataset_9312.jpg,output/random_dataset/dataset_9312.jpg,dog
F:\NTSE\lab03\output\random_dataset\dataset_9197.jpg,output/random_dataset/dataset_9197.jpg,dog
F:\NTSE\lab03\output\random_dataset\dataset_4922.jpg,output/random_dataset/dataset_4922.jpg,dog
F:\NTSE\lab03\output\random_dataset\dataset_9422.jpg,output/random_dataset/dataset_9422.jpg,dog
F:\NTSE\lab03\output\random_dataset\dataset_1761.jpg,output/random_dataset/dataset_1761.jpg,dog
F:\NTSE\lab03\output\random_dataset\dataset_5506.jpg,output/random_dataset/dataset_5506.jpg,dog
F:\NTSE\lab03\output\random_dataset\dataset_6948.jpg,output/random_dataset/dataset_6948.jpg,dog
F:\NTSE\lab03\output\random_dataset\dataset_1799.jpg,output/random_dataset/dataset_1799.jpg,dog
F:\NTSE\lab03\output\random_dataset\dataset_6773.jpg,output/random_dataset/dataset_6773.jpg,dog
F:\NTSE\lab03\output\random_dataset\dataset_9877.jpg,output/random_dataset/dataset_9877.jpg,dog
F:\NTSE\lab03\output\random_dataset\dataset_5394.jpg,output/random_dataset/dataset_5394.jpg,dog
F:\NTSE\lab03\output\random_dataset\dataset_8347.jpg,output/random_dataset/dataset_8347.jpg,dog
F:\NTSE\lab03\output\random_dataset\dataset_1282.jpg,output/random_dataset/dataset_1282.jpg,dog
F:\NTSE\lab03\output\random_dataset\dataset_8004.jpg,output/random_dataset/dataset_8004.jpg,dog
F:\NTSE\lab03\output\random_dataset\dataset_5896.jpg,output/random_dataset/dataset_5896.jpg,dog
F:\NTSE\lab03\output\random_dataset\dataset_6868.jpg,output/random_dataset/dataset_6868.jpg,dog
F:\NTSE\lab03\output\random_dataset\dataset_3367.jpg,output/random_dataset/dataset_3367.jpg,dog
F:\NTSE\lab03\output\random_dataset\dataset_2219.jpg,output/random_dataset/dataset_2219.jpg,dog
F:\NTSE\lab03\output\random_dataset\dataset_4098.jpg,output/random_dataset/dataset_4098.jpg,dog
F:\NTSE\lab03\output\random_dataset\dataset_2026.jpg,output/random_dataset/dataset_2026.jpg,dog
F:\NTSE\lab03\output\random_dataset\dataset_988.jpg,output/random_dataset/dataset_988.jpg,dog
F:\NTSE\lab03\output\random_dataset\dataset_5180.jpg,output/random_dataset/dataset_5180.jpg,dog
F:\NTSE\lab03\output\random_dataset\dataset_6313.jpg,output/random_dataset/dataset_6313.jpg,dog
F:\NTSE\lab03\output\random_dataset\dataset_1182.jpg,output/random_dataset/dataset_1182.jpg,dog
F:\NTSE\lab03\output\random_dataset\dataset_8679.jpg,output/random_dataset/dataset_8679.jpg,dog
F:\NTSE\lab03\output\random_dataset\dataset_5098.jpg,output/random_dataset/dataset_5098.jpg,dog
F:\NTSE\lab03\output\random_dataset\dataset_8285.jpg,output/random_dataset/dataset_8285.jpg,dog
F:\NTSE\lab03\output\random_dataset\dataset_9108.jpg,output/random_dataset/dataset_9108.jpg,dog
F:\NTSE\lab03\output\random_dataset\dataset_4115.jpg,output/random_dataset/dataset_4115.jpg,dog
F:\NTSE\lab03\output\random_dataset\dataset_294.jpg,output/random_dataset/dataset_294.jpg,dog
F:\NTSE\lab03\output\random_dataset\dataset_9835.jpg,output/random_dataset/dataset_9835.jpg,dog
F:\NTSE\lab03\output\random_dataset\dataset_608.jpg,output/random_dataset/dataset_608.jpg,dog
F:\NTSE\lab03\output\random_dataset\dataset_2571.jpg,output/random_dataset/dataset_2571.jpg,dog
F:\NTSE\lab03\output\random_dataset\dataset_3130.jpg,output/random_dataset/dataset_3130.jpg,dog
F:\NTSE\lab03\output\random_dataset\dataset_2193.jpg,output/random_dataset/dataset_2193.jpg,dog
F:\NTSE\lab03\output\random_dataset\dataset_9264.jpg,output/random_dataset/dataset_9264.jpg,dog
F:\NTSE\lab03\output\random_dataset\dataset_9463.jpg,output/random_dataset/dataset_9463.jpg,dog
F:\NTSE\lab03\output\random_dataset\dataset_2658.jpg,output/random_dataset/dataset_2658.jpg,dog
F:\NTSE\lab03\output\random_dataset\dataset_5097.jpg,output/random_dataset/dataset_5097.jpg,dog
F:\NTSE\lab03\output\random_dataset\dataset_7363.jpg,output/random_dataset/dataset_7363.jpg,dog
F:\NTSE\lab03\output\random_dataset\dataset_641.jpg,output/random_dataset/dataset_641.jpg,dog
F:\NTSE\lab03\output\random_dataset\dataset_74.jpg,output/random_dataset/dataset_74.jpg,dog
F:\NTSE\lab03\output\random_dataset\dataset_7095.jpg,output/random_dataset/dataset_7095.jpg,dog
F:\NTSE\lab03\output\random_dataset\dataset_5421.jpg,output/random_dataset/dataset_5421.jpg,dog
F:\NTSE\lab03\output\random_dataset\dataset_4189.jpg,output/random_dataset/dataset_4189.jpg,dog
F:\NTSE\lab03\output\random_dataset\dataset_4871.jpg,output/random_dataset/dataset_4871.jpg,dog
F:\NTSE\lab03\output\random_dataset\dataset_7582.jpg,output/random_dataset/dataset_7582.jpg,dog
F:\NTSE\lab03\output\random_dataset\dataset_2111.jpg,output/random_dataset/dataset_2111.jpg,dog
F:\NTSE\lab03\output\random_dataset\dataset_405.jpg,output/random_dataset/dataset_405.jpg,dog
F:\NTSE\lab03\output\random_dataset\dataset_5970.jpg,output/random_dataset/dataset_5970.jpg,dog
F:\NTSE\lab03\output\random_dataset\dataset_4863.jpg,output/random_dataset/dataset_4863.jpg,dog
F:\NTSE\lab03\output\random_dataset\dataset_96.jpg,output/random_dataset/dataset_96.jpg,dog
F:\NTSE\lab03\output\random_dataset\dataset_677.jpg,output/random_dataset/dataset_677.jpg,dog
F:\NTSE\lab03\output\random_dataset\dataset_2384.jpg,output/random_dataset/dataset_2384.jpg,dog
F:\NTSE\lab03\output\random_dataset\dataset_992.jpg,output/random_dataset/dataset_992.jpg,dog
F:\NTSE\lab03\output\random_dataset\dataset_7422.jpg,output/random_dataset/dataset_7422.jpg,dog
F:\NTSE\lab03\output\random_dataset\dataset_9078.jpg,output/random_dataset/dataset_9078.jpg,dog
F:\NTSE\lab03\output\random_dataset\dataset_4241.jpg,output/random_dataset/dataset_4241.jpg,dog
F:\NTSE\lab03\output\random_dataset\dataset_1680.jpg,output/random_dataset/dataset_1680.jpg,dog
F:\NTSE\lab03\output\random_dataset\dataset_4624.jpg,output/random_dataset/dataset_4624.jpg,dog
F:\NTSE\lab03\output\random_dataset\dataset_1046.jpg,output/random_dataset/dataset_1046.jpg,dog
F:\NTSE\lab03\output\random_dataset\dataset_2075.jpg,output/random_dataset/dataset_2075.jpg,dog
F:\NTSE\lab03\output\random_dataset\dataset_7862.jpg,output/random_dataset/dataset_7862.jpg,dog
F:\NTSE\lab03\output\random_dataset\dataset_8871.jpg,output/random_dataset/dataset_8871.jpg,dog
F:\NTSE\lab03\output\random_dataset\dataset_688.jpg,output/random_dataset/dataset_688.jpg,dog
F:\NTSE\lab03\output\random_dataset\dataset_7535.jpg,output/random_dataset/dataset_7535.jpg,dog
F:\NTSE\lab03\output\random_dataset\dataset_2269.jpg,output/random_dataset/dataset_2269.jpg,dog
F:\NTSE\lab03\output\random_dataset\dataset_2979.jpg,output/random_dataset/dataset_2979.jpg,dog
F:\NTSE\lab03\output\random_dataset\dataset_3350.jpg,output/random_dataset/dataset_3350.jpg,dog
F:\NTSE\lab03\output\random_dataset\dataset_5486.jpg,output/random_dataset/dataset_5486.jpg,dog
F:\NTSE\lab03\output\random_dataset\dataset_5034.jpg,output/random_dataset/dataset_5034.jpg,dog
F:\NTSE\lab03\output\random_dataset\dataset_5038.jpg,output/random_dataset/dataset_5038.jpg,dog
F:\NTSE\lab03\output\random_dataset\dataset_9185.jpg,output/random_dataset/dataset_9185.jpg,dog
F:\NTSE\lab03\output\random_dataset\dataset_3429.jpg,output/random_dataset/dataset_3429.jpg,dog
F:\NTSE\lab03\output\random_dataset\dataset_6855.jpg,output/random_dataset/dataset_6855.jpg,dog
F:\NTSE\lab03\output\random_dataset\dataset_938.jpg,output/random_dataset/dataset_938.jpg,dog
F:\NTSE\lab03\output\random_dataset\dataset_8341.jpg,output/random_dataset/dataset_8341.jpg,dog
F:\NTSE\lab03\output\random_dataset\dataset_1189.jpg,output/random_dataset/dataset_1189.jpg,dog
F:\NTSE\lab03\output\random_dataset\dataset_3236.jpg,output/random_dataset/dataset_3236.jpg,dog
F:\NTSE\lab03\output\random_dataset\dataset_4038.jpg,output/random_dataset/dataset_4038.jpg,dog
F:\NTSE\lab03\output\random_dataset\dataset_5818.jpg,output/random_dataset/dataset_5818.jpg,dog
F:\NTSE\lab03\output\random_dataset\dataset_8716.jpg,output/random_dataset/dataset_8716.jpg,dog
F:\NTSE\lab03\output\random_dataset\dataset_7014.jpg,output/random_dataset/dataset_7014.jpg,dog
F:\NTSE\lab03\output\random_dataset\dataset_1972.jpg,output/random_dataset/dataset_1972.jpg,dog
F:\NTSE\lab03\output\random_dataset\dataset_7680.jpg,output/random_dataset/dataset_7680.jpg,dog
F:\NTSE\lab03\output\random_dataset\dataset_5960.jpg,output/random_dataset/dataset_5960.jpg,dog
F:\NTSE\lab03\output\random_dataset\dataset_752.jpg,output/random_dataset/dataset_752.jpg,dog
F:\NTSE\lab03\output\random_dataset\dataset_9015.jpg,output/random_dataset/dataset_9015.jpg,dog
F:\NTSE\lab03\output\random_dataset\dataset_8722.jpg,output/random_dataset/dataset_8722.jpg,dog
F:\NTSE\lab03\output\random_dataset\dataset_5764.jpg,output/random_dataset/dataset_5764.jpg,dog
F:\NTSE\lab03\output\random_dataset\dataset_293.jpg,output/random_dataset/dataset_293.jpg,dog
F:\NTSE\lab03\output\random_dataset\dataset_1477.jpg,output/random_dataset/dataset_1477.jpg,dog
F:\NTSE\lab03\output\random_dataset\dataset_6884.jpg,output/random_dataset/dataset_6884.jpg,dog
F:\NTSE\lab03\output\random_dataset\dataset_5435.jpg,output/random_dataset/dataset_5435.jpg,dog
F:\NTSE\lab03\output\random_dataset\dataset_8348.jpg,output/random_dataset/dataset_8348.jpg,dog
F:\NTSE\lab03\output\random_dataset\dataset_3017.jpg,output/random_dataset/dataset_3017.jpg,dog
F:\NTSE\lab03\output\random_dataset\dataset_9540.jpg,output/random_dataset/dataset_9540.jpg,dog
F:\NTSE\lab03\output\random_dataset\dataset_8402.jpg,output/random_dataset/dataset_8402.jpg,dog
F:\NTSE\lab03\output\random_dataset\dataset_553.jpg,output/random_dataset/dataset_553.jpg,dog
F:\NTSE\lab03\output\random_dataset\dataset_4840.jpg,output/random_dataset/dataset_4840.jpg,dog
F:\NTSE\lab03\output\random_dataset\dataset_5291.jpg,output/random_dataset/dataset_5291.jpg,dog
F:\NTSE\lab03\output\random_dataset\dataset_7262.jpg,output/random_dataset/dataset_7262.jpg,dog
F:\NTSE\lab03\output\random_dataset\dataset_9212.jpg,output/random_dataset/dataset_9212.jpg,dog
F:\NTSE\lab03\output\random_dataset\dataset_6273.jpg,output/random_dataset/dataset_6273.jpg,dog
F:\NTSE\lab03\output\random_dataset\dataset_3441.jpg,output/random_dataset/dataset_3441.jpg,dog
F:\NTSE\lab03\output\random_dataset\dataset_2936.jpg,output/random_dataset/dataset_2936.jpg,dog
F:\NTSE\lab03\output\random_dataset\dataset_3024.jpg,output/random_dataset/dataset_3024.jpg,dog
F:\NTSE\lab03\output\random_dataset\dataset_9998.jpg,output/random_dataset/dataset_9998.jpg,dog
F:\NTSE\lab03\output\random_dataset\dataset_9612.jpg,output/random_dataset/dataset_9612.jpg,dog
F:\NTSE\lab03\output\random_dataset\dataset_6405.jpg,output/random_dataset/dataset_6405.jpg,dog
F:\NTSE\lab03\output\random_dataset\dataset_7654.jpg,output/random_dataset/dataset_7654.jpg,dog
F:\NTSE\lab03\output\random_dataset\dataset_8199.jpg,output/random_dataset/dataset_8199.jpg,dog
F:\NTSE\lab03\output\random_dataset\dataset_3060.jpg,output/random_dataset/dataset_3060.jpg,dog
F:\NTSE\lab03\output\random_dataset\dataset_2397.jpg,output/random_dataset/dataset_2397.jpg,dog
F:\NTSE\lab03\output\random_dataset\dataset_3718.jpg,output/random_dataset/dataset_3718.jpg,dog
F:\NTSE\lab03\output\random_dataset\dataset_1493.jpg,output/random_dataset/dataset_1493.jpg,dog
F:\NTSE\lab03\output\random_dataset\dataset_5685.jpg,output/random_dataset/dataset_5685.jpg,dog
F:\NTSE\lab03\output\random_dataset\dataset_6225.jpg,output/random_dataset/dataset_6225.jpg,dog
F:\NTSE\lab03\output\random_dataset\dataset_6559.jpg,output/random_dataset/dataset_6559.jpg,dog
F:\NTSE\lab03\output\random_dataset\dataset_9826.jpg,output/random_dataset/dataset_9826.jpg,dog
F:\NTSE\lab03\output\random_dataset\dataset_5968.jpg,output/random_dataset/dataset_5968.jpg,dog
F:\NTSE\lab03\output\random_dataset\dataset_398.jpg,output/random_dataset/dataset_398.jpg,dog
F:\NTSE\lab03\output\random_dataset\dataset_1933.jpg,output/random_dataset/dataset_1933.jpg,dog
F:\NTSE\lab03\output\random_dataset\dataset_3241.jpg,output/random_dataset/dataset_3241.jpg,dog
F:\NTSE\lab03\output\random_dataset\dataset_1724.jpg,output/random_dataset/dataset_1724.jpg,dog
F:\NTSE\lab03\output\random_dataset\dataset_9272.jpg,output/random_dataset/dataset_9272.jpg,dog
F:\NTSE\lab03\output\random_dataset\dataset_8399.jpg,output/random_dataset/dataset_8399.jpg,dog
F:\NTSE\lab03\output\random_dataset\dataset_5614.jpg,output/random_dataset/dataset_5614.jpg,dog
F:\NTSE\lab03\output\random_dataset\dataset_1112.jpg,output/random_dataset/dataset_1112.jpg,dog
F:\NTSE\lab03\output\random_dataset\dataset_1497.jpg,output/random_dataset/dataset_1497.jpg,dog
F:\NTSE\lab03\output\random_dataset\dataset_1558.jpg,output/random_dataset/dataset_1558.jpg,dog
F:\NTSE\lab03\output\random_dataset\dataset_3261.jpg,output/random_dataset/dataset_3261.jpg,dog
F:\NTSE\lab03\output\random_dataset\dataset_6149.jpg,output/random_dataset/dataset_6149.jpg,dog
F:\NTSE\lab03\output\random_dataset\dataset_2068.jpg,output/random_dataset/dataset_2068.jpg,dog
F:\NTSE\lab03\output\random_dataset\dataset_1563.jpg,output/random_dataset/dataset_1563.jpg,dog
F:\NTSE\lab03\output\random_dataset\dataset_5262.jpg,output/random_dataset/dataset_5262.jpg,dog
F:\NTSE\lab03\output\random_dataset\dataset_1921.jpg,output/random_dataset/dataset_1921.jpg,dog
F:\NTSE\lab03\output\random_dataset\dataset_327.jpg,output/random_dataset/dataset_327.jpg,dog
F:\NTSE\lab03\output\random_dataset\dataset_4956.jpg,output/random_dataset/dataset_4956.jpg,dog
F:\NTSE\lab03\output\random_dataset\dataset_9568.jpg,output/random_dataset/dataset_9568.jpg,dog
F:\NTSE\lab03\output\random_dataset\dataset_6301.jpg,output/random_dataset/dataset_6301.jpg,dog
F:\NTSE\lab03\output\random_dataset\dataset_6627.jpg,output/random_dataset/dataset_6627.jpg,dog
F:\NTSE\lab03\output\random_dataset\dataset_7180.jpg,output/random_dataset/dataset_7180.jpg,dog
F:\NTSE\lab03\output\random_dataset\dataset_2209.jpg,output/random_dataset/dataset_2209.jpg,dog
F:\NTSE\lab03\output\random_dataset\dataset_9333.jpg,output/random_dataset/dataset_9333.jpg,dog
F:\NTSE\lab03\output\random_dataset\dataset_6565.jpg,output/random_dataset/dataset_6565.jpg,dog
F:\NTSE\lab03\output\random_dataset\dataset_4805.jpg,output/random_dataset/dataset_4805.jpg,dog
F:\NTSE\lab03\output\random_dataset\dataset_4154.jpg,output/random_dataset/dataset_4154.jpg,dog
F:\NTSE\lab03\output\random_dataset\dataset_4054.jpg,output/random_dataset/dataset_4054.jpg,dog
F:\NTSE\lab03\output\random_dataset\dataset_2245.jpg,output/random_dataset/dataset_2245.jpg,dog
F:\NTSE\lab03\output\random_dataset\dataset_8316.jpg,output/random_dataset/dataset_8316.jpg,dog
F:\NTSE\lab03\output\random_dataset\dataset_3356.jpg,output/random_dataset/dataset_3356.jpg,dog
F:\NTSE\lab03\output\random_dataset\dataset_6847.jpg,output/random_dataset/dataset_6847.jpg,dog
F:\NTSE\lab03\output\random_dataset\dataset_9696.jpg,output/random_dataset/dataset_9696.jpg,dog
F:\NTSE\lab03\output\random_dataset\dataset_325.jpg,output/random_dataset/dataset_325.jpg,dog
F:\NTSE\lab03\output\random_dataset\dataset_3040.jpg,output/random_dataset/dataset_3040.jpg,dog
F:\NTSE\lab03\output\random_dataset\dataset_9979.jpg,output/random_dataset/dataset_9979.jpg,dog
F:\NTSE\lab03\output\random_dataset\dataset_4372.jpg,output/random_dataset/dataset_4372.jpg,dog
F:\NTSE\lab03\output\random_dataset\dataset_2870.jpg,output/random_dataset/dataset_2870.jpg,dog
F:\NTSE\lab03\output\random_dataset\dataset_550.jpg,output/random_dataset/dataset_550.jpg,dog
F:\NTSE\lab03\output\random_dataset\dataset_1757.jpg,output/random_dataset/dataset_1757.jpg,dog
F:\NTSE\lab03\output\random_dataset\dataset_2834.jpg,output/random_dataset/dataset_2834.jpg,dog
F:\NTSE\lab03\output\random_dataset\dataset_296.jpg,output/random_dataset/dataset_296.jpg,dog
F:\NTSE\lab03\output\random_dataset\dataset_4934.jpg,output/random_dataset/dataset_4934.jpg,dog
F:\NTSE\lab03\output\random_dataset\dataset_2122.jpg,output/random_dataset/dataset_2122.jpg,dog
F:\NTSE\lab03\output\random_dataset\dataset_1663.jpg,output/random_dataset/dataset_1663.jpg,dog
F:\NTSE\lab03\output\random_dataset\dataset_6990.jpg,output/random_dataset/dataset_6990.jpg,dog
F:\NTSE\lab03\output\random_dataset\dataset_1341.jpg,output/random_dataset/dataset_1341.jpg,dog
F:\NTSE\lab03\output\random_dataset\dataset_5107.jpg,output/random_dataset/dataset_5107.jpg,dog
F:\NTSE\lab03\output\random_dataset\dataset_3166.jpg,output/random_dataset/dataset_3166.jpg,dog
F:\NTSE\lab03\output\random_dataset\dataset_5939.jpg,output/random_dataset/dataset_5939.jpg,dog
F:\NTSE\lab03\output\random_dataset\dataset_2670.jpg,output/random_dataset/dataset_2670.jpg,dog
F:\NTSE\lab03\output\random_dataset\dataset_9038.jpg,output/random_dataset/dataset_9038.jpg,dog
F:\NTSE\lab03\output\random_dataset\dataset_1874.jpg,output/random_dataset/dataset_1874.jpg,dog
F:\NTSE\lab03\output\random_dataset\dataset_5342.jpg,output/random_dataset/dataset_5342.jpg,dog
F:\NTSE\lab03\output\random_dataset\dataset_2174.jpg,output/random_dataset/dataset_2174.jpg,dog
F:\NTSE\lab03\output\random_dataset\dataset_6418.jpg,output/random_dataset/dataset_6418.jpg,dog
F:\NTSE\lab03\output\random_dataset\dataset_9654.jpg,output/random_dataset/dataset_9654.jpg,dog
F:\NTSE\lab03\output\random_dataset\dataset_3032.jpg,output/random_dataset/dataset_3032.jpg,dog
F:\NTSE\lab03\output\random_dataset\dataset_9387.jpg,output/random_dataset/dataset_9387.jpg,dog
F:\NTSE\lab03\output\random_dataset\dataset_2922.jpg,output/random_dataset/dataset_2922.jpg,dog
F:\NTSE\lab03\output\random_dataset\dataset_7483.jpg,output/random_dataset/dataset_7483.jpg,dog
F:\NTSE\lab03\output\random_dataset\dataset_1981.jpg,output/random_dataset/dataset_1981.jpg,dog
F:\NTSE\lab03\output\random_dataset\dataset_9643.jpg,output/random_dataset/dataset_9643.jpg,dog
F:\NTSE\lab03\output\random_dataset\dataset_8572.jpg,output/random_dataset/dataset_8572.jpg,dog
F:\NTSE\lab03\output\random_dataset\dataset_9944.jpg,output/random_dataset/dataset_9944.jpg,dog
F:\NTSE\lab03\output\random_dataset\dataset_7639.jpg,output/random_dataset/dataset_7639.jpg,dog
F:\NTSE\lab03\output\random_dataset\dataset_7067.jpg,output/random_dataset/dataset_7067.jpg,dog
F:\NTSE\lab03\output\random_dataset\dataset_877.jpg,output/random_dataset/dataset_877.jpg,dog
F:\NTSE\lab03\output\random_dataset\dataset_5604.jpg,output/random_dataset/dataset_5604.jpg,dog
F:\NTSE\lab03\output\random_dataset\dataset_2520.jpg,output/random_dataset/dataset_2520.jpg,dog
F:\NTSE\lab03\output\random_dataset\dataset_1830.jpg,output/random_dataset/dataset_1830.jpg,dog
F:\NTSE\lab03\output\random_dataset\dataset_8918.jpg,output/random_dataset/dataset_8918.jpg,dog
F:\NTSE\lab03\output\random_dataset\dataset_9430.jpg,output/random_dataset/dataset_9430.jpg,dog
F:\NTSE\lab03\output\random_dataset\dataset_9987.jpg,output/random_dataset/dataset_9987.jpg,dog
F:\NTSE\lab03\output\random_dataset\dataset_6009.jpg,output/random_dataset/dataset_6009.jpg,dog
F:\NTSE\lab03\output\random_dataset\dataset_5681.jpg,output/random_dataset/dataset_5681.jpg,dog
F:\NTSE\lab03\output\random_dataset\dataset_7411.jpg,output/random_dataset/dataset_7411.jpg,dog
F:\NTSE\lab03\output\random_dataset\dataset_7486.jpg,output/random_dataset/dataset_7486.jpg,dog
F:\NTSE\lab03\output\random_dataset\dataset_412.jpg,output/random_dataset/dataset_412.jpg,dog
F:\NTSE\lab03\output\random_dataset\dataset_1109.jpg,output/random_dataset/dataset_1109.jpg,dog
F:\NTSE\lab03\output\random_dataset\dataset_454.jpg,output/random_dataset/dataset_454.jpg,dog
F:\NTSE\lab03\output\random_dataset\dataset_9501.jpg,output/random_dataset/dataset_9501.jpg,dog
F:\NTSE\lab03\output\random_dataset\dataset_8424.jpg,output/random_dataset/dataset_8424.jpg,dog
F:\NTSE\lab03\output\random_dataset\dataset_8598.jpg,output/random_dataset/dataset_8598.jpg,dog
F:\NTSE\lab03\output\random_dataset\dataset_3358.jpg,output/random_dataset/dataset_3358.jpg,dog
F:\NTSE\lab03\output\random_dataset\dataset_7491.jpg,output/random_dataset/dataset_7491.jpg,dog
F:\NTSE\lab03\output\random_dataset\dataset_7648.jpg,output/random_dataset/dataset_7648.jpg,dog
F:\NTSE\lab03\output\random_dataset\dataset_3487.jpg,output/random_dataset/dataset_3487.jpg,dog
F:\NTSE\lab03\output\random_dataset\dataset_1238.jpg,output/random_dataset/dataset_1238.jpg,dog
F:\NTSE\lab03\output\random_dataset\dataset_4504.jpg,output/random_dataset/dataset_4504.jpg,dog
F:\NTSE\lab03\output\random_dataset\dataset_9660.jpg,output/random_dataset/dataset_9660.jpg,dog
F:\NTSE\lab03\output\random_dataset\dataset_9225.jpg,output/random_dataset/dataset_9225.jpg,dog
F:\NTSE\lab03\output\random_dataset\dataset_3765.jpg,output/random_dataset/dataset_3765.jpg,dog
F:\NTSE\lab03\output\random_dataset\dataset_9985.jpg,output/random_dataset/dataset_9985.jpg,dog
F:\NTSE\lab03\output\random_dataset\dataset_7807.jpg,output/random_dataset/dataset_7807.jpg,dog
F:\NTSE\lab03\output\random_dataset\dataset_5178.jpg,output/random_dataset/dataset_5178.jpg,dog
F:\NTSE\lab03\output\random_dataset\dataset_7156.jpg,output/random_dataset/dataset_7156.jpg,dog
F:\NTSE\lab03\output\random_dataset\dataset_6160.jpg,output/random_dataset/dataset_6160.jpg,dog
F:\NTSE\lab03\output\random_dataset\dataset_5591.jpg,output/random_dataset/dataset_5591.jpg,dog
F:\NTSE\lab03\output\random_dataset\dataset_6269.jpg,output/random_dataset/dataset_6269.jpg,dog
F:\NTSE\lab03\output\random_dataset\dataset_6336.jpg,output/random_dataset/dataset_6336.jpg,dog
F:\NTSE\lab03\output\random_dataset\dataset_5307.jpg,output/random_dataset/dataset_5307.jpg,dog
F:\NTSE\lab03\output\random_dataset\dataset_3596.jpg,output/random_dataset/dataset_3596.jpg,dog
F:\NTSE\lab03\output\random_dataset\dataset_7152.jpg,output/random_dataset/dataset_7152.jpg,dog
F:\NTSE\lab03\output\random_dataset\dataset_5186.jpg,output/random_dataset/dataset_5186.jpg,dog
F:\NTSE\lab03\output\random_dataset\dataset_3088.jpg,output/random_dataset/dataset_3088.jpg,dog
F:\NTSE\lab03\output\random_dataset\dataset_2108.jpg,output/random_dataset/dataset_2108.jpg,dog
F:\NTSE\lab03\output\random_dataset\dataset_934.jpg,output/random_dataset/dataset_934.jpg,dog
F:\NTSE\lab03\output\random_dataset\dataset_6906.jpg,output/random_dataset/dataset_6906.jpg,dog
F:\NTSE\lab03\output\random_dataset\dataset_1970.jpg,output/random_dataset/dataset_1970.jpg,dog
F:\NTSE\lab03\output\random_dataset\dataset_5809.jpg,output/random_dataset/dataset_5809.jpg,dog
F:\NTSE\lab03\output\random_dataset\dataset_2441.jpg,output/random_dataset/dataset_2441.jpg,dog
F:\NTSE\lab03\output\random_dataset\dataset_1762.jpg,output/random_dataset/dataset_1762.jpg,dog
F:\NTSE\lab03\output\random_dataset\dataset_8072.jpg,output/random_dataset/dataset_8072.jpg,dog
F:\NTSE\lab03\output\random_dataset\dataset_189.jpg,output/random_dataset/dataset_189.jpg,dog
F:\NTSE\lab03\output\random_dataset\dataset_2463.jpg,output/random_dataset/dataset_2463.jpg,dog
F:\NTSE\lab03\output\random_dataset\dataset_249.jpg,output/random_dataset/dataset_249.jpg,dog
F:\NTSE\lab03\output\random_dataset\dataset_8759.jpg,output/random_dataset/dataset_8759.jpg,dog
F:\NTSE\lab03\output\random_dataset\dataset_4592.jpg,output/random_dataset/dataset_4592.jpg,dog
F:\NTSE\lab03\output\random_dataset\dataset_5464.jpg,output/random_dataset/dataset_5464.jpg,dog
F:\NTSE\lab03\output\random_dataset\dataset_5642.jpg,output/random_dataset/dataset_5642.jpg,dog
F:\NTSE\lab03\output\random_dataset\dataset_8764.jpg,output/random_dataset/dataset_8764.jpg,dog
F:\NTSE\lab03\output\random_dataset\dataset_6651.jpg,output/random_dataset/dataset_6651.jpg,dog
F:\NTSE\lab03\output\random_dataset\dataset_6580.jpg,output/random_dataset/dataset_6580.jpg,dog
F:\NTSE\lab03\output\random_dataset\dataset_4337.jpg,output/random_dataset/dataset_4337.jpg,dog
F:\NTSE\lab03\output\random_dataset\dataset_9446.jpg,output/random_dataset/dataset_9446.jpg,dog
F:\NTSE\lab03\output\random_dataset\dataset_2600.jpg,output/random_dataset/dataset_2600.jpg,dog
F:\NTSE\lab03\output\random_dataset\dataset_545.jpg,output/random_dataset/dataset_545.jpg,dog
F:\NTSE\lab03\output\random_dataset\dataset_3188.jpg,output/random_dataset/dataset_3188.jpg,dog
F:\NTSE\lab03\output\random_dataset\dataset_6754.jpg,output/random_dataset/dataset_6754.jpg,dog
F:\NTSE\lab03\output\random_dataset\dataset_9856.jpg,output/random_dataset/dataset_9856.jpg,dog
F:\NTSE\lab03\output\random_dataset\dataset_3138.jpg,output/random_dataset/dataset_3138.jpg,dog
F:\NTSE\lab03\output\random_dataset\dataset_2836.jpg,output/random_dataset/dataset_2836.jpg,dog
F:\NTSE\lab03\output\random_dataset\dataset_5509.jpg,output/random_dataset/dataset_5509.jpg,dog
F:\NTSE\lab03\output\random_dataset\dataset_1214.jpg,output/random_dataset/dataset_1214.jpg,dog
F:\NTSE\lab03\output\random_dataset\dataset_1698.jpg,output/random_dataset/dataset_1698.jpg,dog
F:\NTSE\lab03\output\random_dataset\dataset_5767.jpg,output/random_dataset/dataset_5767.jpg,dog
F:\NTSE\lab03\output\random_dataset\dataset_8448.jpg,output/random_dataset/dataset_8448.jpg,dog
F:\NTSE\lab03\output\random_dataset\dataset_4466.jpg,output/random_dataset/dataset_4466.jpg,dog
F:\NTSE\lab03\output\random_dataset\dataset_140.jpg,output/random_dataset/dataset_140.jpg,dog
F:\NTSE\lab03\output\random_dataset\dataset_7677.jpg,output/random_dataset/dataset_7677.jpg,dog
F:\NTSE\lab03\output\random_dataset\dataset_9766.jpg,output/random_dataset/dataset_9766.jpg,dog
F:\NTSE\lab03\output\random_dataset\dataset_4699.jpg,output/random_dataset/dataset_4699.jpg,dog
F:\NTSE\lab03\output\random_dataset\dataset_4899.jpg,output/random_dataset/dataset_4899.jpg,dog
F:\NTSE\lab03\output\random_dataset\dataset_9071.jpg,output/random_dataset/dataset_9071.jpg,dog
F:\NTSE\lab03\output\random_dataset\dataset_1167.jpg,output/random_dataset/dataset_1167.jpg,dog
F:\NTSE\lab03\output\random_dataset\dataset_2581.jpg,output/random_dataset/dataset_2581.jpg,dog
F:\NTSE\lab03\output\random_dataset\dataset_6971.jpg,output/random_dataset/dataset_6971.jpg,dog
F:\NTSE\lab03\output\random_dataset\dataset_8664.jpg,output/random_dataset/dataset_8664.jpg,dog
F:\NTSE\lab03\output\random_dataset\dataset_3813.jpg,output/random_dataset/dataset_3813.jpg,dog
F:\NTSE\lab03\output\random_dataset\dataset_5441.jpg,output/random_dataset/dataset_5441.jpg,dog
F:\NTSE\lab03\output\random_dataset\dataset_874.jpg,output/random_dataset/dataset_874.jpg,dog
F:\NTSE\lab03\output\random_dataset\dataset_1454.jpg,output/random_dataset/dataset_1454.jpg,dog
F:\NTSE\lab03\output\random_dataset\dataset_922.jpg,output/random_dataset/dataset_922.jpg,dog
F:\NTSE\lab03\output\random_dataset\dataset_4136.jpg,output/random_dataset/dataset_4136.jpg,dog
F:\NTSE\lab03\output\random_dataset\dataset_5793.jpg,output/random_dataset/dataset_5793.jpg,dog
F:\NTSE\lab03\output\random_dataset\dataset_5533.jpg,output/random_dataset/dataset_5533.jpg,dog
F:\NTSE\lab03\output\random_dataset\dataset_310.jpg,output/random_dataset/dataset_310.jpg,dog
F:\NTSE\lab03\output\random_dataset\dataset_7082.jpg,output/random_dataset/dataset_7082.jpg,dog
F:\NTSE\lab03\output\random_dataset\dataset_410.jpg,output/random_dataset/dataset_410.jpg,dog
F:\NTSE\lab03\output\random_dataset\dataset_8106.jpg,output/random_dataset/dataset_8106.jpg,dog
F:\NTSE\lab03\output\random_dataset\dataset_7821.jpg,output/random_dataset/dataset_7821.jpg,dog
F:\NTSE\lab03\output\random_dataset\dataset_6256.jpg,output/random_dataset/dataset_6256.jpg,dog
F:\NTSE\lab03\output\random_dataset\dataset_9131.jpg,output/random_dataset/dataset_9131.jpg,dog
F:\NTSE\lab03\output\random_dataset\dataset_4226.jpg,output/random_dataset/dataset_4226.jpg,dog
F:\NTSE\lab03\output\random_dataset\dataset_6520.jpg,output/random_dataset/dataset_6520.jpg,dog
F:\NTSE\lab03\output\random_dataset\dataset_1137.jpg,output/random_dataset/dataset_1137.jpg,dog
F:\NTSE\lab03\output\random_dataset\dataset_727.jpg,output/random_dataset/dataset_727.jpg,dog
F:\NTSE\lab03\output\random_dataset\dataset_8212.jpg,output/random_dataset/dataset_8212.jpg,dog
F:\NTSE\lab03\output\random_dataset\dataset_1211.jpg,output/random_dataset/dataset_1211.jpg,dog
F:\NTSE\lab03\output\random_dataset\dataset_3902.jpg,output/random_dataset/dataset_3902.jpg,dog
F:\NTSE\lab03\output\random_dataset\dataset_4959.jpg,output/random_dataset/dataset_4959.jpg,dog
F:\NTSE\lab03\output\random_dataset\dataset_7929.jpg,output/random_dataset/dataset_7929.jpg,dog
F:\NTSE\lab03\output\random_dataset\dataset_2409.jpg,output/random_dataset/dataset_2409.jpg,dog
F:\NTSE\lab03\output\random_dataset\dataset_2595.jpg,output/random_dataset/dataset_2595.jpg,dog
F:\NTSE\lab03\output\random_dataset\dataset_5733.jpg,output/random_dataset/dataset_5733.jpg,dog
F:\NTSE\lab03\output\random_dataset\dataset_4713.jpg,output/random_dataset/dataset_4713.jpg,dog
F:\NTSE\lab03\output\random_dataset\dataset_7088.jpg,output/random_dataset/dataset_7088.jpg,dog
F:\NTSE\lab03\output\random_dataset\dataset_716.jpg,output/random_dataset/dataset_716.jpg,dog
F:\NTSE\lab03\output\random_dataset\dataset_3122.jpg,output/random_dataset/dataset_3122.jpg,dog
F:\NTSE\lab03\output\random_dataset\dataset_2306.jpg,output/random_dataset/dataset_2306.jpg,dog
F:\NTSE\lab03\output\random_dataset\dataset_3565.jpg,output/random_dataset/dataset_3565.jpg,dog
F:\NTSE\lab03\output\random_dataset\dataset_3671.jpg,output/random_dataset/dataset_3671.jpg,dog
F:\NTSE\lab03\output\random_dataset\dataset_660.jpg,output/random_dataset/dataset_660.jpg,dog
F:\NTSE\lab03\output\random_dataset\dataset_7823.jpg,output/random_dataset/dataset_7823.jpg,dog
F:\NTSE\lab03\output\random_dataset\dataset_740.jpg,output/random_dataset/dataset_740.jpg,dog
F:\NTSE\lab03\output\random_dataset\dataset_9109.jpg,output/random_dataset/dataset_9109.jpg,dog
F:\NTSE\lab03\output\random_dataset\dataset_6633.jpg,output/random_dataset/dataset_6633.jpg,dog
F:\NTSE\lab03\output\random_dataset\dataset_5647.jpg,output/random_dataset/dataset_5647.jpg,dog
F:\NTSE\lab03\output\random_dataset\dataset_1535.jpg,output/random_dataset/dataset_1535.jpg,dog
F:\NTSE\lab03\output\random_dataset\dataset_7364.jpg,output/random_dataset/dataset_7364.jpg,dog
F:\NTSE\lab03\output\random_dataset\dataset_283.jpg,output/random_dataset/dataset_283.jpg,dog
F:\NTSE\lab03\output\random_dataset\dataset_3898.jpg,output/random_dataset/dataset_3898.jpg,dog
F:\NTSE\lab03\output\random_dataset\dataset_4663.jpg,output/random_dataset/dataset_4663.jpg,dog
F:\NTSE\lab03\output\random_dataset\dataset_3227.jpg,output/random_dataset/dataset_3227.jpg,dog
F:\NTSE\lab03\output\random_dataset\dataset_3204.jpg,output/random_dataset/dataset_3204.jpg,dog
F:\NTSE\lab03\output\random_dataset\dataset_8621.jpg,output/random_dataset/dataset_8621.jpg,dog
F:\NTSE\lab03\output\random_dataset\dataset_1138.jpg,output/random_dataset/dataset_1138.jpg,dog
F:\NTSE\lab03\output\random_dataset\dataset_1805.jpg,output/random_dataset/dataset_1805.jpg,dog
F:\NTSE\lab03\output\random_dataset\dataset_5829.jpg,output/random_dataset/dataset_5829.jpg,dog
F:\NTSE\lab03\output\random_dataset\dataset_5657.jpg,output/random_dataset/dataset_5657.jpg,dog
F:\NTSE\lab03\output\random_dataset\dataset_8158.jpg,output/random_dataset/dataset_8158.jpg,dog
F:\NTSE\lab03\output\random_dataset\dataset_1723.jpg,output/random_dataset/dataset_1723.jpg,dog
F:\NTSE\lab03\output\random_dataset\dataset_625.jpg,output/random_dataset/dataset_625.jpg,dog
F:\NTSE\lab03\output\random_dataset\dataset_4283.jpg,output/random_dataset/dataset_4283.jpg,dog
F:\NTSE\lab03\output\random_dataset\dataset_722.jpg,output/random_dataset/dataset_722.jpg,dog
F:\NTSE\lab03\output\random_dataset\dataset_7827.jpg,output/random_dataset/dataset_7827.jpg,dog
F:\NTSE\lab03\output\random_dataset\dataset_3372.jpg,output/random_dataset/dataset_3372.jpg,dog
F:\NTSE\lab03\output\random_dataset\dataset_5567.jpg,output/random_dataset/dataset_5567.jpg,dog
F:\NTSE\lab03\output\random_dataset\dataset_5504.jpg,output/random_dataset/dataset_5504.jpg,dog
F:\NTSE\lab03\output\random_dataset\dataset_8218.jpg,output/random_dataset/dataset_8218.jpg,dog
F:\NTSE\lab03\output\random_dataset\dataset_1945.jpg,output/random_dataset/dataset_1945.jpg,dog
F:\NTSE\lab03\output\random_dataset\dataset_6630.jpg,output/random_dataset/dataset_6630.jpg,dog
F:\NTSE\lab03\output\random_dataset\dataset_6654.jpg,output/random_dataset/dataset_6654.jpg,dog
F:\NTSE\lab03\output\random_dataset\dataset_2099.jpg,output/random_dataset/dataset_2099.jpg,dog
F:\NTSE\lab03\output\random_dataset\dataset_2155.jpg,output/random_dataset/dataset_2155.jpg,dog
F:\NTSE\lab03\output\random_dataset\dataset_3502.jpg,output/random_dataset/dataset_3502.jpg,dog
F:\NTSE\lab03\output\random_dataset\dataset_1464.jpg,output/random_dataset/dataset_1464.jpg,dog
F:\NTSE\lab03\output\random_dataset\dataset_2.jpg,output/random_dataset/dataset_2.jpg,dog
F:\NTSE\lab03\output\random_dataset\dataset_5244.jpg,output/random_dataset/dataset_5244.jpg,dog
F:\NTSE\lab03\output\random_dataset\dataset_1503.jpg,output/random_dataset/dataset_1503.jpg,dog
F:\NTSE\lab03\output\random_dataset\dataset_5851.jpg,output/random_dataset/dataset_5851.jpg,dog
F:\NTSE\lab03\output\random_dataset\dataset_2887.jpg,output/random_dataset/dataset_2887.jpg,dog
F:\NTSE\lab03\output\random_dataset\dataset_4789.jpg,output/random_dataset/dataset_4789.jpg,dog
F:\NTSE\lab03\output\random_dataset\dataset_2169.jpg,output/random_dataset/dataset_2169.jpg,dog
F:\NTSE\lab03\output\random_dataset\dataset_9651.jpg,output/random_dataset/dataset_9651.jpg,dog
F:\NTSE\lab03\output\random_dataset\dataset_1398.jpg,output/random_dataset/dataset_1398.jpg,dog
F:\NTSE\lab03\output\random_dataset\dataset_384.jpg,output/random_dataset/dataset_384.jpg,dog
F:\NTSE\lab03\output\random_dataset\dataset_8929.jpg,output/random_dataset/dataset_8929.jpg,dog
F:\NTSE\lab03\output\random_dataset\dataset_2814.jpg,output/random_dataset/dataset_2814.jpg,dog
F:\NTSE\lab03\output\random_dataset\dataset_9607.jpg,output/random_dataset/dataset_9607.jpg,dog
F:\NTSE\lab03\output\random_dataset\dataset_9526.jpg,output/random_dataset/dataset_9526.jpg,dog
F:\NTSE\lab03\output\random_dataset\dataset_3691.jpg,output/random_dataset/dataset_3691.jpg,dog
F:\NTSE\lab03\output\random_dataset\dataset_790.jpg,output/random_dataset/dataset_790.jpg,dog
F:\NTSE\lab03\output\random_dataset\dataset_994.jpg,output/random_dataset/dataset_994.jpg,dog
F:\NTSE\lab03\output\random_dataset\dataset_5216.jpg,output/random_dataset/dataset_5216.jpg,dog
F:\NTSE\lab03\output\random_dataset\dataset_3887.jpg,output/random_dataset/dataset_3887.jpg,dog
F:\NTSE\lab03\output\random_dataset\dataset_8252.jpg,output/random_dataset/dataset_8252.jpg,dog
F:\NTSE\lab03\output\random_dataset\dataset_1097.jpg,output/random_dataset/dataset_1097.jpg,dog
F:\NTSE\lab03\output\random_dataset\dataset_3470.jpg,output/random_dataset/dataset_3470.jpg,dog
F:\NTSE\lab03\output\random_dataset\dataset_4929.jpg,output/random_dataset/dataset_4929.jpg,dog
F:\NTSE\lab03\output\random_dataset\dataset_5126.jpg,output/random_dataset/dataset_5126.jpg,dog
F:\NTSE\lab03\output\random_dataset\dataset_9955.jpg,output/random_dataset/dataset_9955.jpg,dog
F:\NTSE\lab03\output\random_dataset\dataset_7829.jpg,output/random_dataset/dataset_7829.jpg,dog
F:\NTSE\lab03\output\random_dataset\dataset_4784.jpg,output/random_dataset/dataset_4784.jpg,dog
F:\NTSE\lab03\output\random_dataset\dataset_3654.jpg,output/random_dataset/dataset_3654.jpg,dog
F:\NTSE\lab03\output\random_dataset\dataset_25.jpg,output/random_dataset/dataset_25.jpg,dog
F:\NTSE\lab03\output\random_dataset\dataset_444.jpg,output/random_dataset/dataset_444.jpg,dog
F:\NTSE\lab03\output\random_dataset\dataset_4105.jpg,output/random_dataset/dataset_4105.jpg,dog
F:\NTSE\lab03\output\random_dataset\dataset_7931.jpg,output/random_dataset/dataset_7931.jpg,dog
F:\NTSE\lab03\output\random_dataset\dataset_8549.jpg,output/random_dataset/dataset_8549.jpg,dog
F:\NTSE\lab03\output\random_dataset\dataset_6240.jpg,output/random_dataset/dataset_6240.jpg,dog
F:\NTSE\lab03\output\random_dataset\dataset_8480.jpg,output/random_dataset/dataset_8480.jpg,dog
F:\NTSE\lab03\output\random_dataset\dataset_9845.jpg,output/random_dataset/dataset_9845.jpg,dog
F:\NTSE\lab03\output\random_dataset\dataset_779.jpg,output/random_dataset/dataset_779.jpg,dog
F:\NTSE\lab03\output\random_dataset\dataset_8445.jpg,output/random_dataset/dataset_8445.jpg,dog
F:\NTSE\lab03\output\random_dataset\dataset_9086.jpg,output/random_dataset/dataset_9086.jpg,dog
F:\NTSE\lab03\output\random_dataset\dataset_6940.jpg,output/random_dataset/dataset_6940.jpg,dog
F:\NTSE\lab03\output\random_dataset\dataset_3605.jpg,output/random_dataset/dataset_3605.jpg,dog
F:\NTSE\lab03\output\random_dataset\dataset_2517.jpg,output/random_dataset/dataset_2517.jpg,dog
F:\NTSE\lab03\output\random_dataset\dataset_8861.jpg,output/random_dataset/dataset_8861.jpg,dog
F:\NTSE\lab03\output\random_dataset\dataset_3020.jpg,output/random_dataset/dataset_3020.jpg,dog
F:\NTSE\lab03\output\random_dataset\dataset_8972.jpg,output/random_dataset/dataset_8972.jpg,dog
F:\NTSE\lab03\output\random_dataset\dataset_2064.jpg,output/random_dataset/dataset_2064.jpg,dog
F:\NTSE\lab03\output\random_dataset\dataset_3571.jpg,output/random_dataset/dataset_3571.jpg,dog
F:\NTSE\lab03\output\random_dataset\dataset_125.jpg,output/random_dataset/dataset_125.jpg,dog
F:\NTSE\lab03\output\random_dataset\dataset_2528.jpg,output/random_dataset/dataset_2528.jpg,dog
F:\NTSE\lab03\output\random_dataset\dataset_6622.jpg,output/random_dataset/dataset_6622.jpg,dog
F:\NTSE\lab03\output\random_dataset\dataset_1170.jpg,output/random_dataset/dataset_1170.jpg,dog
F:\NTSE\lab03\output\random_dataset\dataset_4003.jpg,output/random_dataset/dataset_4003.jpg,dog
F:\NTSE\lab03\output\random_dataset\dataset_8958.jpg,output/random_dataset/dataset_8958.jpg,dog
F:\NTSE\lab03\output\random_dataset\dataset_6776.jpg,output/random_dataset/dataset_6776.jpg,dog
F:\NTSE\lab03\output\random_dataset\dataset_3736.jpg,output/random_dataset/dataset_3736.jpg,dog
F:\NTSE\lab03\output\random_dataset\dataset_8124.jpg,output/random_dataset/dataset_8124.jpg,dog
F:\NTSE\lab03\output\random_dataset\dataset_9717.jpg,output/random_dataset/dataset_9717.jpg,dog
F:\NTSE\lab03\output\random_dataset\dataset_3008.jpg,output/random_dataset/dataset_3008.jpg,dog
F:\NTSE\lab03\output\random_dataset\dataset_6057.jpg,output/random_dataset/dataset_6057.jpg,dog
F:\NTSE\lab03\output\random_dataset\dataset_4734.jpg,output/random_dataset/dataset_4734.jpg,dog
F:\NTSE\lab03\output\random_dataset\dataset_9268.jpg,output/random_dataset/dataset_9268.jpg,dog
F:\NTSE\lab03\output\random_dataset\dataset_3555.jpg,output/random_dataset/dataset_3555.jpg,dog
F:\NTSE\lab03\output\random_dataset\dataset_1460.jpg,output/random_dataset/dataset_1460.jpg,dog
F:\NTSE\lab03\output\random_dataset\dataset_5457.jpg,output/random_dataset/dataset_5457.jpg,dog
F:\NTSE\lab03\output\random_dataset\dataset_7039.jpg,output/random_dataset/dataset_7039.jpg,dog
F:\NTSE\lab03\output\random_dataset\dataset_7669.jpg,output/random_dataset/dataset_7669.jpg,dog
F:\NTSE\lab03\output\random_dataset\dataset_6522.jpg,output/random_dataset/dataset_6522.jpg,dog
F:\NTSE\lab03\output\random_dataset\dataset_8219.jpg,output/random_dataset/dataset_8219.jpg,dog
F:\NTSE\lab03\output\random_dataset\dataset_7406.jpg,output/random_dataset/dataset_7406.jpg,dog
F:\NTSE\lab03\output\random_dataset\dataset_6661.jpg,output/random_dataset/dataset_6661.jpg,dog
F:\NTSE\lab03\output\random_dataset\dataset_9964.jpg,output/random_dataset/dataset_9964.jpg,dog
F:\NTSE\lab03\output\random_dataset\dataset_9932.jpg,output/random_dataset/dataset_9932.jpg,dog
F:\NTSE\lab03\output\random_dataset\dataset_6775.jpg,output/random_dataset/dataset_6775.jpg,dog
F:\NTSE\lab03\output\random_dataset\dataset_2014.jpg,output/random_dataset/dataset_2014.jpg,dog
F:\NTSE\lab03\output\random_dataset\dataset_8451.jpg,output/random_dataset/dataset_8451.jpg,dog
F:\NTSE\lab03\output\random_dataset\dataset_1266.jpg,output/random_dataset/dataset_1266.jpg,dog
F:\NTSE\lab03\output\random_dataset\dataset_7852.jpg,output/random_dataset/dataset_7852.jpg,dog
F:\NTSE\lab03\output\random_dataset\dataset_7628.jpg,output/random_dataset/dataset_7628.jpg,dog
F:\NTSE\lab03\output\random_dataset\dataset_2940.jpg,output/random_dataset/dataset_2940.jpg,dog
F:\NTSE\lab03\output\random_dataset\dataset_6214.jpg,output/random_dataset/dataset_6214.jpg,dog
F:\NTSE\lab03\output\random_dataset\dataset_8026.jpg,output/random_dataset/dataset_8026.jpg,dog
F:\NTSE\lab03\output\random_dataset\dataset_7093.jpg,output/random_dataset/dataset_7093.jpg,dog
F:\NTSE\lab03\output\random_dataset\dataset_4231.jpg,output/random_dataset/dataset_4231.jpg,dog
F:\NTSE\lab03\output\random_dataset\dataset_3205.jpg,output/random_dataset/dataset_3205.jpg,dog
F:\NTSE\lab03\output\random_dataset\dataset_3119.jpg,output/random_dataset/dataset_3119.jpg,dog
F:\NTSE\lab03\output\random_dataset\dataset_9393.jpg,output/random_dataset/dataset_9393.jpg,dog
F:\NTSE\lab03\output\random_dataset\dataset_6956.jpg,output/random_dataset/dataset_6956.jpg,dog
F:\NTSE\lab03\output\random_dataset\dataset_9326.jpg,output/random_dataset/dataset_9326.jpg,dog
F:\NTSE\lab03\output\random_dataset\dataset_6801.jpg,output/random_dataset/dataset_6801.jpg,dog
F:\NTSE\lab03\output\random_dataset\dataset_9031.jpg,output/random_dataset/dataset_9031.jpg,dog
F:\NTSE\lab03\output\random_dataset\dataset_1798.jpg,output/random_dataset/dataset_1798.jpg,dog
F:\NTSE\lab03\output\random_dataset\dataset_2063.jpg,output/random_dataset/dataset_2063.jpg,dog
F:\NTSE\lab03\output\random_dataset\dataset_7279.jpg,output/random_dataset/dataset_7279.jpg,dog
F:\NTSE\lab03\output\random_dataset\dataset_6356.jpg,output/random_dataset/dataset_6356.jpg,dog
F:\NTSE\lab03\output\random_dataset\dataset_8510.jpg,output/random_dataset/dataset_8510.jpg,dog
F:\NTSE\lab03\output\random_dataset\dataset_4339.jpg,output/random_dataset/dataset_4339.jpg,dog
F:\NTSE\lab03\output\random_dataset\dataset_4756.jpg,output/random_dataset/dataset_4756.jpg,dog
F:\NTSE\lab03\output\random_dataset\dataset_8313.jpg,output/random_dataset/dataset_8313.jpg,dog
F:\NTSE\lab03\output\random_dataset\dataset_8081.jpg,output/random_dataset/dataset_8081.jpg,dog
F:\NTSE\lab03\output\random_dataset\dataset_5918.jpg,output/random_dataset/dataset_5918.jpg,dog
F:\NTSE\lab03\output\random_dataset\dataset_3623.jpg,output/random_dataset/dataset_3623.jpg,dog
F:\NTSE\lab03\output\random_dataset\dataset_6556.jpg,output/random_dataset/dataset_6556.jpg,dog
F:\NTSE\lab03\output\random_dataset\dataset_2779.jpg,output/random_dataset/dataset_2779.jpg,dog
F:\NTSE\lab03\output\random_dataset\dataset_8979.jpg,output/random_dataset/dataset_8979.jpg,dog
F:\NTSE\lab03\output\random_dataset\dataset_5980.jpg,output/random_dataset/dataset_5980.jpg,dog
F:\NTSE\lab03\output\random_dataset\dataset_7767.jpg,output/random_dataset/dataset_7767.jpg,dog
F:\NTSE\lab03\output\random_dataset\dataset_7858.jpg,output/random_dataset/dataset_7858.jpg,dog
F:\NTSE\lab03\output\random_dataset\dataset_3767.jpg,output/random_dataset/dataset_3767.jpg,dog
F:\NTSE\lab03\output\random_dataset\dataset_3550.jpg,output/random_dataset/dataset_3550.jpg,dog
F:\NTSE\lab03\output\random_dataset\dataset_2311.jpg,output/random_dataset/dataset_2311.jpg,dog
F:\NTSE\lab03\output\random_dataset\dataset_4354.jpg,output/random_dataset/dataset_4354.jpg,dog
F:\NTSE\lab03\output\random_dataset\dataset_4600.jpg,output/random_dataset/dataset_4600.jpg,dog
F:\NTSE\lab03\output\random_dataset\dataset_3254.jpg,output/random_dataset/dataset_3254.jpg,dog
F:\NTSE\lab03\output\random_dataset\dataset_1578.jpg,output/random_dataset/dataset_1578.jpg,dog
F:\NTSE\lab03\output\random_dataset\dataset_9763.jpg,output/random_dataset/dataset_9763.jpg,dog
F:\NTSE\lab03\output\random_dataset\dataset_8021.jpg,output/random_dataset/dataset_8021.jpg,dog
F:\NTSE\lab03\output\random_dataset\dataset_213.jpg,output/random_dataset/dataset_213.jpg,dog
F:\NTSE\lab03\output\random_dataset\dataset_7912.jpg,output/random_dataset/dataset_7912.jpg,dog
F:\NTSE\lab03\output\random_dataset\dataset_9492.jpg,output/random_dataset/dataset_9492.jpg,dog
F:\NTSE\lab03\output\random_dataset\dataset_291.jpg,output/random_dataset/dataset_291.jpg,dog
F:\NTSE\lab03\output\random_dataset\dataset_900.jpg,output/random_dataset/dataset_900.jpg,dog
F:\NTSE\lab03\output\random_dataset\dataset_9043.jpg,output/random_dataset/dataset_9043.jpg,dog
F:\NTSE\lab03\output\random_dataset\dataset_7235.jpg,output/random_dataset/dataset_7235.jpg,dog
F:\NTSE\lab03\output\random_dataset\dataset_2985.jpg,output/random_dataset/dataset_2985.jpg,dog
F:\NTSE\lab03\output\random_dataset\dataset_525.jpg,output/random_dataset/dataset_525.jpg,dog
F:\NTSE\lab03\output\random_dataset\dataset_3579.jpg,output/random_dataset/dataset_3579.jpg,dog
F:\NTSE\lab03\output\random_dataset\dataset_6733.jpg,output/random_dataset/dataset_6733.jpg,dog
F:\NTSE\lab03\output\random_dataset\dataset_1366.jpg,output/random_dataset/dataset_1366.jpg,dog
F:\NTSE\lab03\output\random_dataset\dataset_547.jpg,output/random_dataset/dataset_547.jpg,dog
F:\NTSE\lab03\output\random_dataset\dataset_5263.jpg,output/random_dataset/dataset_5263.jpg,dog
F:\NTSE\lab03\output\random_dataset\dataset_5242.jpg,output/random_dataset/dataset_5242.jpg,dog
F:\NTSE\lab03\output\random_dataset\dataset_254.jpg,output/random_dataset/dataset_254.jpg,dog
F:\NTSE\lab03\output\random_dataset\dataset_5576.jpg,output/random_dataset/dataset_5576.jpg,dog
F:\NTSE\lab03\output\random_dataset\dataset_467.jpg,output/random_dataset/dataset_467.jpg,dog
F:\NTSE\lab03\output\random_dataset\dataset_1624.jpg,output/random_dataset/dataset_1624.jpg,dog
F:\NTSE\lab03\output\random_dataset\dataset_9640.jpg,output/random_dataset/dataset_9640.jpg,dog
F:\NTSE\lab03\output\random_dataset\dataset_3835.jpg,output/random_dataset/dataset_3835.jpg,dog
F:\NTSE\lab03\output\random_dataset\dataset_6426.jpg,output/random_dataset/dataset_6426.jpg,dog
F:\NTSE\lab03\output\random_dataset\dataset_4560.jpg,output/random_dataset/dataset_4560.jpg,dog
F:\NTSE\lab03\output\random_dataset\dataset_3794.jpg,output/random_dataset/dataset_3794.jpg,dog
F:\NTSE\lab03\output\random_dataset\dataset_3325.jpg,output/random_dataset/dataset_3325.jpg,dog
F:\NTSE\lab03\output\random_dataset\dataset_3720.jpg,output/random_dataset/dataset_3720.jpg,dog
F:\NTSE\lab03\output\random_dataset\dataset_1586.jpg,output/random_dataset/dataset_1586.jpg,dog
F:\NTSE\lab03\output\random_dataset\dataset_2833.jpg,output/random_dataset/dataset_2833.jpg,dog
F:\NTSE\lab03\output\random_dataset\dataset_2210.jpg,output/random_dataset/dataset_2210.jpg,dog
F:\NTSE\lab03\output\random_dataset\dataset_7838.jpg,output/random_dataset/dataset_7838.jpg,dog
F:\NTSE\lab03\output\random_dataset\dataset_377.jpg,output/random_dataset/dataset_377.jpg,dog
F:\NTSE\lab03\output\random_dataset\dataset_9087.jpg,output/random_dataset/dataset_9087.jpg,dog
F:\NTSE\lab03\output\random_dataset\dataset_7881.jpg,output/random_dataset/dataset_7881.jpg,dog
F:\NTSE\lab03\output\random_dataset\dataset_4980.jpg,output/random_dataset/dataset_4980.jpg,dog
F:\NTSE\lab03\output\random_dataset\dataset_4988.jpg,output/random_dataset/dataset_4988.jpg,dog
F:\NTSE\lab03\output\random_dataset\dataset_4683.jpg,output/random_dataset/dataset_4683.jpg,dog
F:\NTSE\lab03\output\random_dataset\dataset_4978.jpg,output/random_dataset/dataset_4978.jpg,dog
F:\NTSE\lab03\output\random_dataset\dataset_99.jpg,output/random_dataset/dataset_99.jpg,dog
F:\NTSE\lab03\output\random_dataset\dataset_7876.jpg,output/random_dataset/dataset_7876.jpg,dog
F:\NTSE\lab03\output\random_dataset\dataset_8119.jpg,output/random_dataset/dataset_8119.jpg,dog
F:\NTSE\lab03\output\random_dataset\dataset_1831.jpg,output/random_dataset/dataset_1831.jpg,dog
F:\NTSE\lab03\output\random_dataset\dataset_4069.jpg,output/random_dataset/dataset_4069.jpg,dog
F:\NTSE\lab03\output\random_dataset\dataset_15.jpg,output/random_dataset/dataset_15.jpg,dog
F:\NTSE\lab03\output\random_dataset\dataset_8030.jpg,output/random_dataset/dataset_8030.jpg,dog
F:\NTSE\lab03\output\random_dataset\dataset_5811.jpg,output/random_dataset/dataset_5811.jpg,dog
F:\NTSE\lab03\output\random_dataset\dataset_3015.jpg,output/random_dataset/dataset_3015.jpg,dog
F:\NTSE\lab03\output\random_dataset\dataset_4706.jpg,output/random_dataset/dataset_4706.jpg,dog
F:\NTSE\lab03\output\random_dataset\dataset_8574.jpg,output/random_dataset/dataset_8574.jpg,dog
F:\NTSE\lab03\output\random_dataset\dataset_1980.jpg,output/random_dataset/dataset_1980.jpg,dog
F:\NTSE\lab03\output\random_dataset\dataset_9815.jpg,output/random_dataset/dataset_9815.jpg,dog
F:\NTSE\lab03\output\random_dataset\dataset_397.jpg,output/random_dataset/dataset_397.jpg,dog
F:\NTSE\lab03\output\random_dataset\dataset_9883.jpg,output/random_dataset/dataset_9883.jpg,dog
F:\NTSE\lab03\output\random_dataset\dataset_710.jpg,output/random_dataset/dataset_710.jpg,dog
F:\NTSE\lab03\output\random_dataset\dataset_6362.jpg,output/random_dataset/dataset_6362.jpg,dog
F:\NTSE\lab03\output\random_dataset\dataset_8008.jpg,output/random_dataset/dataset_8008.jpg,dog
F:\NTSE\lab03\output\random_dataset\dataset_9068.jpg,output/random_dataset/dataset_9068.jpg,dog
F:\NTSE\lab03\output\random_dataset\dataset_2634.jpg,output/random_dataset/dataset_2634.jpg,dog
F:\NTSE\lab03\output\random_dataset\dataset_5508.jpg,output/random_dataset/dataset_5508.jpg,dog
F:\NTSE\lab03\output\random_dataset\dataset_5427.jpg,output/random_dataset/dataset_5427.jpg,dog
F:\NTSE\lab03\output\random_dataset\dataset_6464.jpg,output/random_dataset/dataset_6464.jpg,dog
F:\NTSE\lab03\output\random_dataset\dataset_4928.jpg,output/random_dataset/dataset_4928.jpg,dog
F:\NTSE\lab03\output\random_dataset\dataset_9980.jpg,output/random_dataset/dataset_9980.jpg,dog
F:\NTSE\lab03\output\random_dataset\dataset_5041.jpg,output/random_dataset/dataset_5041.jpg,dog
F:\NTSE\lab03\output\random_dataset\dataset_7887.jpg,output/random_dataset/dataset_7887.jpg,dog
F:\NTSE\lab03\output\random_dataset\dataset_7240.jpg,output/random_dataset/dataset_7240.jpg,dog
F:\NTSE\lab03\output\random_dataset\dataset_3196.jpg,output/random_dataset/dataset_3196.jpg,dog
F:\NTSE\lab03\output\random_dataset\dataset_9699.jpg,output/random_dataset/dataset_9699.jpg,dog
F:\NTSE\lab03\output\random_dataset\dataset_1776.jpg,output/random_dataset/dataset_1776.jpg,dog
F:\NTSE\lab03\output\random_dataset\dataset_1369.jpg,output/random_dataset/dataset_1369.jpg,dog
F:\NTSE\lab03\output\random_dataset\dataset_1518.jpg,output/random_dataset/dataset_1518.jpg,dog
F:\NTSE\lab03\output\random_dataset\dataset_1820.jpg,output/random_dataset/dataset_1820.jpg,dog
F:\NTSE\lab03\output\random_dataset\dataset_807.jpg,output/random_dataset/dataset_807.jpg,dog
F:\NTSE\lab03\output\random_dataset\dataset_3048.jpg,output/random_dataset/dataset_3048.jpg,dog
F:\NTSE\lab03\output\random_dataset\dataset_6012.jpg,output/random_dataset/dataset_6012.jpg,dog
F:\NTSE\lab03\output\random_dataset\dataset_4447.jpg,output/random_dataset/dataset_4447.jpg,dog
F:\NTSE\lab03\output\random_dataset\dataset_8991.jpg,output/random_dataset/dataset_8991.jpg,dog
F:\NTSE\lab03\output\random_dataset\dataset_3587.jpg,output/random_dataset/dataset_3587.jpg,dog
F:\NTSE\lab03\output\random_dataset\dataset_7587.jpg,output/random_dataset/dataset_7587.jpg,dog
F:\NTSE\lab03\output\random_dataset\dataset_8867.jpg,output/random_dataset/dataset_8867.jpg,dog
F:\NTSE\lab03\output\random_dataset\dataset_5256.jpg,output/random_dataset/dataset_5256.jpg,dog
F:\NTSE\lab03\output\random_dataset\dataset_1209.jpg,output/random_dataset/dataset_1209.jpg,dog
F:\NTSE\lab03\output\random_dataset\dataset_8887.jpg,output/random_dataset/dataset_8887.jpg,dog
F:\NTSE\lab03\output\random_dataset\dataset_3368.jpg,output/random_dataset/dataset_3368.jpg,dog
F:\NTSE\lab03\output\random_dataset\dataset_3881.jpg,output/random_dataset/dataset_3881.jpg,dog
F:\NTSE\lab03\output\random_dataset\dataset_3021.jpg,output/random_dataset/dataset_3021.jpg,dog
F:\NTSE\lab03\output\random_dataset\dataset_7913.jpg,output/random_dataset/dataset_7913.jpg,dog
F:\NTSE\lab03\output\random_dataset\dataset_2439.jpg,output/random_dataset/dataset_2439.jpg,dog
F:\NTSE\lab03\output\random_dataset\dataset_9263.jpg,output/random_dataset/dataset_9263.jpg,dog
F:\NTSE\lab03\output\random_dataset\dataset_2847.jpg,output/random_dataset/dataset_2847.jpg,dog
F:\NTSE\lab03\output\random_dataset\dataset_7145.jpg,output/random_dataset/dataset_7145.jpg,dog
F:\NTSE\lab03\output\random_dataset\dataset_5044.jpg,output/random_dataset/dataset_5044.jpg,dog
F:\NTSE\lab03\output\random_dataset\dataset_1133.jpg,output/random_dataset/dataset_1133.jpg,dog
F:\NTSE\lab03\output\random_dataset\dataset_7488.jpg,output/random_dataset/dataset_7488.jpg,dog
F:\NTSE\lab03\output\random_dataset\dataset_2264.jpg,output/random_dataset/dataset_2264.jpg,dog
F:\NTSE\lab03\output\random_dataset\dataset_3335.jpg,output/random_dataset/dataset_3335.jpg,dog
F:\NTSE\lab03\output\random_dataset\dataset_9412.jpg,output/random_dataset/dataset_9412.jpg,dog
F:\NTSE\lab03\output\random_dataset\dataset_287.jpg,output/random_dataset/dataset_287.jpg,dog
F:\NTSE\lab03\output\random_dataset\dataset_1667.jpg,output/random_dataset/dataset_1667.jpg,dog
F:\NTSE\lab03\output\random_dataset\dataset_9973.jpg,output/random_dataset/dataset_9973.jpg,dog
F:\NTSE\lab03\output\random_dataset\dataset_3807.jpg,output/random_dataset/dataset_3807.jpg,dog
F:\NTSE\lab03\output\random_dataset\dataset_5458.jpg,output/random_dataset/dataset_5458.jpg,dog
F:\NTSE\lab03\output\random_dataset\dataset_7947.jpg,output/random_dataset/dataset_7947.jpg,dog
F:\NTSE\lab03\output\random_dataset\dataset_8603.jpg,output/random_dataset/dataset_8603.jpg,dog
F:\NTSE\lab03\output\random_dataset\dataset_7042.jpg,output/random_dataset/dataset_7042.jpg,dog
F:\NTSE\lab03\output\random_dataset\dataset_4271.jpg,output/random_dataset/dataset_4271.jpg,dog
F:\NTSE\lab03\output\random_dataset\dataset_1953.jpg,output/random_dataset/dataset_1953.jpg,dog
F:\NTSE\lab03\output\random_dataset\dataset_2426.jpg,output/random_dataset/dataset_2426.jpg,dog
F:\NTSE\lab03\output\random_dataset\dataset_3533.jpg,output/random_dataset/dataset_3533.jpg,dog
F:\NTSE\lab03\output\random_dataset\dataset_4994.jpg,output/random_dataset/dataset_4994.jpg,dog
F:\NTSE\lab03\output\random_dataset\dataset_1536.jpg,output/random_dataset/dataset_1536.jpg,dog
F:\NTSE\lab03\output\random_dataset\dataset_7467.jpg,output/random_dataset/dataset_7467.jpg,dog
F:\NTSE\lab03\output\random_dataset\dataset_5751.jpg,output/random_dataset/dataset_5751.jpg,dog
F:\NTSE\lab03\output\random_dataset\dataset_6890.jpg,output/random_dataset/dataset_6890.jpg,dog
F:\NTSE\lab03\output\random_dataset\dataset_6032.jpg,output/random_dataset/dataset_6032.jpg,dog
F:\NTSE\lab03\output\random_dataset\dataset_7987.jpg,output/random_dataset/dataset_7987.jpg,dog
F:\NTSE\lab03\output\random_dataset\dataset_3026.jpg,output/random_dataset/dataset_3026.jpg,dog
F:\NTSE\lab03\output\random_dataset\dataset_9575.jpg,output/random_dataset/dataset_9575.jpg,dog
F:\NTSE\lab03\output\random_dataset\dataset_1996.jpg,output/random_dataset/dataset_1996.jpg,dog
F:\NTSE\lab03\output\random_dataset\dataset_9874.jpg,output/random_dataset/dataset_9874.jpg,dog
F:\NTSE\lab03\output\random_dataset\dataset_9751.jpg,output/random_dataset/dataset_9751.jpg,dog
F:\NTSE\lab03\output\random_dataset\dataset_9843.jpg,output/random_dataset/dataset_9843.jpg,dog
F:\NTSE\lab03\output\random_dataset\dataset_7508.jpg,output/random_dataset/dataset_7508.jpg,dog
F:\NTSE\lab03\output\random_dataset\dataset_5301.jpg,output/random_dataset/dataset_5301.jpg,dog
F:\NTSE\lab03\output\random_dataset\dataset_7398.jpg,output/random_dataset/dataset_7398.jpg,dog
F:\NTSE\lab03\output\random_dataset\dataset_5370.jpg,output/random_dataset/dataset_5370.jpg,dog
F:\NTSE\lab03\output\random_dataset\dataset_5115.jpg,output/random_dataset/dataset_5115.jpg,dog
F:\NTSE\lab03\output\random_dataset\dataset_3702.jpg,output/random_dataset/dataset_3702.jpg,dog
F:\NTSE\lab03\output\random_dataset\dataset_6650.jpg,output/random_dataset/dataset_6650.jpg,dog
F:\NTSE\lab03\output\random_dataset\dataset_3307.jpg,output/random_dataset/dataset_3307.jpg,dog
F:\NTSE\lab03\output\random_dataset\dataset_9790.jpg,output/random_dataset/dataset_9790.jpg,dog
F:\NTSE\lab03\output\random_dataset\dataset_3168.jpg,output/random_dataset/dataset_3168.jpg,dog
F:\NTSE\lab03\output\random_dataset\dataset_4540.jpg,output/random_dataset/dataset_4540.jpg,dog
F:\NTSE\lab03\output\random_dataset\dataset_2372.jpg,output/random_dataset/dataset_2372.jpg,dog
F:\NTSE\lab03\output\random_dataset\dataset_953.jpg,output/random_dataset/dataset_953.jpg,dog
F:\NTSE\lab03\output\random_dataset\dataset_8315.jpg,output/random_dataset/dataset_8315.jpg,dog
F:\NTSE\lab03\output\random_dataset\dataset_2324.jpg,output/random_dataset/dataset_2324.jpg,dog
F:\NTSE\lab03\output\random_dataset\dataset_2958.jpg,output/random_dataset/dataset_2958.jpg,dog
F:\NTSE\lab03\output\random_dataset\dataset_2171.jpg,output/random_dataset/dataset_2171.jpg,dog
F:\NTSE\lab03\output\random_dataset\dataset_9382.jpg,output/random_dataset/dataset_9382.jpg,dog
F:\NTSE\lab03\output\random_dataset\dataset_406.jpg,output/random_dataset/dataset_406.jpg,dog
F:\NTSE\lab03\output\random_dataset\dataset_6951.jpg,output/random_dataset/dataset_6951.jpg,dog
F:\NTSE\lab03\output\random_dataset\dataset_8214.jpg,output/random_dataset/dataset_8214.jpg,dog
F:\NTSE\lab03\output\random_dataset\dataset_2518.jpg,output/random_dataset/dataset_2518.jpg,dog
F:\NTSE\lab03\output\random_dataset\dataset_126.jpg,output/random_dataset/dataset_126.jpg,dog
F:\NTSE\lab03\output\random_dataset\dataset_4865.jpg,output/random_dataset/dataset_4865.jpg,dog
F:\NTSE\lab03\output\random_dataset\dataset_9298.jpg,output/random_dataset/dataset_9298.jpg,dog
F:\NTSE\lab03\output\random_dataset\dataset_7075.jpg,output/random_dataset/dataset_7075.jpg,dog
F:\NTSE\lab03\output\random_dataset\dataset_7303.jpg,output/random_dataset/dataset_7303.jpg,dog
F:\NTSE\lab03\output\random_dataset\dataset_6937.jpg,output/random_dataset/dataset_6937.jpg,dog
F:\NTSE\lab03\output\random_dataset\dataset_3239.jpg,output/random_dataset/dataset_3239.jpg,dog
F:\NTSE\lab03\output\random_dataset\dataset_8649.jpg,output/random_dataset/dataset_8649.jpg,dog
F:\NTSE\lab03\output\random_dataset\dataset_9366.jpg,output/random_dataset/dataset_9366.jpg,dog
F:\NTSE\lab03\output\random_dataset\dataset_4057.jpg,output/random_dataset/dataset_4057.jpg,dog
F:\NTSE\lab03\output\random_dataset\dataset_3519.jpg,output/random_dataset/dataset_3519.jpg,dog
F:\NTSE\lab03\output\random_dataset\dataset_9232.jpg,output/random_dataset/dataset_9232.jpg,dog
F:\NTSE\lab03\output\random_dataset\dataset_8103.jpg,output/random_dataset/dataset_8103.jpg,dog
F:\NTSE\lab03\output\random_dataset\dataset_9795.jpg,output/random_dataset/dataset_9795.jpg,dog
F:\NTSE\lab03\output\random_dataset\dataset_1148.jpg,output/random_dataset/dataset_1148.jpg,dog
F:\NTSE\lab03\output\random_dataset\dataset_4425.jpg,output/random_dataset/dataset_4425.jpg,dog
F:\NTSE\lab03\output\random_dataset\dataset_7863.jpg,output/random_dataset/dataset_7863.jpg,dog
F:\NTSE\lab03\output\random_dataset\dataset_3344.jpg,output/random_dataset/dataset_3344.jpg,dog
F:\NTSE\lab03\output\random_dataset\dataset_4218.jpg,output/random_dataset/dataset_4218.jpg,dog
F:\NTSE\lab03\output\random_dataset\dataset_8206.jpg,output/random_dataset/dataset_8206.jpg,dog
F:\NTSE\lab03\output\random_dataset\dataset_6842.jpg,output/random_dataset/dataset_6842.jpg,dog
F:\NTSE\lab03\output\random_dataset\dataset_815.jpg,output/random_dataset/dataset_815.jpg,dog
F:\NTSE\lab03\output\random_dataset\dataset_3927.jpg,output/random_dataset/dataset_3927.jpg,dog
F:\NTSE\lab03\output\random_dataset\dataset_1310.jpg,output/random_dataset/dataset_1310.jpg,dog
F:\NTSE\lab03\output\random_dataset\dataset_698.jpg,output/random_dataset/dataset_698.jpg,dog
F:\NTSE\lab03\output\random_dataset\dataset_8179.jpg,output/random_dataset/dataset_8179.jpg,dog
F:\NTSE\lab03\output\random_dataset\dataset_4977.jpg,output/random_dataset/dataset_4977.jpg,dog
F:\NTSE\lab03\output\random_dataset\dataset_5547.jpg,output/random_dataset/dataset_5547.jpg,dog
F:\NTSE\lab03\output\random_dataset\dataset_2772.jpg,output/random_dataset/dataset_2772.jpg,dog
F:\NTSE\lab03\output\random_dataset\dataset_1261.jpg,output/random_dataset/dataset_1261.jpg,dog
F:\NTSE\lab03\output\random_dataset\dataset_6386.jpg,output/random_dataset/dataset_6386.jpg,dog
F:\NTSE\lab03\output\random_dataset\dataset_773.jpg,output/random_dataset/dataset_773.jpg,dog
F:\NTSE\lab03\output\random_dataset\dataset_6082.jpg,output/random_dataset/dataset_6082.jpg,dog
F:\NTSE\lab03\output\random_dataset\dataset_4190.jpg,output/random_dataset/dataset_4190.jpg,dog
F:\NTSE\lab03\output\random_dataset\dataset_1428.jpg,output/random_dataset/dataset_1428.jpg,dog
F:\NTSE\lab03\output\random_dataset\dataset_8518.jpg,output/random_dataset/dataset_8518.jpg,dog
F:\NTSE\lab03\output\random_dataset\dataset_7770.jpg,output/random_dataset/dataset_7770.jpg,dog
F:\NTSE\lab03\output\random_dataset\dataset_7855.jpg,output/random_dataset/dataset_7855.jpg,dog
F:\NTSE\lab03\output\random_dataset\dataset_5060.jpg,output/random_dataset/dataset_5060.jpg,dog
F:\NTSE\lab03\output\random_dataset\dataset_7224.jpg,output/random_dataset/dataset_7224.jpg,dog
F:\NTSE\lab03\output\random_dataset\dataset_3904.jpg,output/random_dataset/dataset_3904.jpg,dog
F:\NTSE\lab03\output\random_dataset\dataset_9247.jpg,output/random_dataset/dataset_9247.jpg,dog
F:\NTSE\lab03\output\random_dataset\dataset_170.jpg,output/random_dataset/dataset_170.jpg,dog
F:\NTSE\lab03\output\random_dataset\dataset_5541.jpg,output/random_dataset/dataset_5541.jpg,dog
F:\NTSE\lab03\output\random_dataset\dataset_3725.jpg,output/random_dataset/dataset_3725.jpg,dog
F:\NTSE\lab03\output\random_dataset\dataset_9398.jpg,output/random_dataset/dataset_9398.jpg,dog
F:\NTSE\lab03\output\random_dataset\dataset_3618.jpg,output/random_dataset/dataset_3618.jpg,dog
F:\NTSE\lab03\output\random_dataset\dataset_763.jpg,output/random_dataset/dataset_763.jpg,dog
F:\NTSE\lab03\output\random_dataset\dataset_854.jpg,output/random_dataset/dataset_854.jpg,dog
F:\NTSE\lab03\output\random_dataset\dataset_5761.jpg,output/random_dataset/dataset_5761.jpg,dog
F:\NTSE\lab03\output\random_dataset\dataset_7492.jpg,output/random_dataset/dataset_7492.jpg,dog
F:\NTSE\lab03\output\random_dataset\dataset_4367.jpg,output/random_dataset/dataset_4367.jpg,dog
F:\NTSE\lab03\output\random_dataset\dataset_6352.jpg,output/random_dataset/dataset_6352.jpg,dog
F:\NTSE\lab03\output\random_dataset\dataset_6343.jpg,output/random_dataset/dataset_6343.jpg,dog
F:\NTSE\lab03\output\random_dataset\dataset_1103.jpg,output/random_dataset/dataset_1103.jpg,dog
F:\NTSE\lab03\output\random_dataset\dataset_6549.jpg,output/random_dataset/dataset_6549.jpg,dog
F:\NTSE\lab03\output\random_dataset\dataset_8840.jpg,output/random_dataset/dataset_8840.jpg,dog
F:\NTSE\lab03\output\random_dataset\dataset_2579.jpg,output/random_dataset/dataset_2579.jpg,dog
F:\NTSE\lab03\output\random_dataset\dataset_4626.jpg,output/random_dataset/dataset_4626.jpg,dog
F:\NTSE\lab03\output\random_dataset\dataset_3061.jpg,output/random_dataset/dataset_3061.jpg,dog
F:\NTSE\lab03\output\random_dataset\dataset_4027.jpg,output/random_dataset/dataset_4027.jpg,dog
F:\NTSE\lab03\output\random_dataset\dataset_9905.jpg,output/random_dataset/dataset_9905.jpg,dog
F:\NTSE\lab03\output\random_dataset\dataset_675.jpg,output/random_dataset/dataset_675.jpg,dog
F:\NTSE\lab03\output\random_dataset\dataset_4478.jpg,output/random_dataset/dataset_4478.jpg,dog
F:\NTSE\lab03\output\random_dataset\dataset_3834.jpg,output/random_dataset/dataset_3834.jpg,dog
F:\NTSE\lab03\output\random_dataset\dataset_3469.jpg,output/random_dataset/dataset_3469.jpg,dog
F:\NTSE\lab03\output\random_dataset\dataset_6457.jpg,output/random_dataset/dataset_6457.jpg,dog
F:\NTSE\lab03\output\random_dataset\dataset_1544.jpg,output/random_dataset/dataset_1544.jpg,dog
F:\NTSE\lab03\output\random_dataset\dataset_1418.jpg,output/random_dataset/dataset_1418.jpg,dog
F:\NTSE\lab03\output\random_dataset\dataset_2983.jpg,output/random_dataset/dataset_2983.jpg,dog
F:\NTSE\lab03\output\random_dataset\dataset_9324.jpg,output/random_dataset/dataset_9324.jpg,dog
F:\NTSE\lab03\output\random_dataset\dataset_255.jpg,output/random_dataset/dataset_255.jpg,dog
F:\NTSE\lab03\output\random_dataset\dataset_8524.jpg,output/random_dataset/dataset_8524.jpg,dog
F:\NTSE\lab03\output\random_dataset\dataset_8160.jpg,output/random_dataset/dataset_8160.jpg,dog
F:\NTSE\lab03\output\random_dataset\dataset_9593.jpg,output/random_dataset/dataset_9593.jpg,dog
F:\NTSE\lab03\output\random_dataset\dataset_7023.jpg,output/random_dataset/dataset_7023.jpg,dog
F:\NTSE\lab03\output\random_dataset\dataset_3504.jpg,output/random_dataset/dataset_3504.jpg,dog
F:\NTSE\lab03\output\random_dataset\dataset_2236.jpg,output/random_dataset/dataset_2236.jpg,dog
F:\NTSE\lab03\output\random_dataset\dataset_8395.jpg,output/random_dataset/dataset_8395.jpg,dog
F:\NTSE\lab03\output\random_dataset\dataset_680.jpg,output/random_dataset/dataset_680.jpg,dog
F:\NTSE\lab03\output\random_dataset\dataset_9117.jpg,output/random_dataset/dataset_9117.jpg,dog
F:\NTSE\lab03\output\random_dataset\dataset_1067.jpg,output/random_dataset/dataset_1067.jpg,dog
F:\NTSE\lab03\output\random_dataset\dataset_39.jpg,output/random_dataset/dataset_39.jpg,dog
F:\NTSE\lab03\output\random_dataset\dataset_4380.jpg,output/random_dataset/dataset_4380.jpg,dog
F:\NTSE\lab03\output\random_dataset\dataset_3844.jpg,output/random_dataset/dataset_3844.jpg,dog
F:\NTSE\lab03\output\random_dataset\dataset_1625.jpg,output/random_dataset/dataset_1625.jpg,dog
F:\NTSE\lab03\output\random_dataset\dataset_2290.jpg,output/random_dataset/dataset_2290.jpg,dog
F:\NTSE\lab03\output\random_dataset\dataset_6198.jpg,output/random_dataset/dataset_6198.jpg,dog
F:\NTSE\lab03\output\random_dataset\dataset_3260.jpg,output/random_dataset/dataset_3260.jpg,dog
F:\NTSE\lab03\output\random_dataset\dataset_7273.jpg,output/random_dataset/dataset_7273.jpg,dog
F:\NTSE\lab03\output\random_dataset\dataset_6738.jpg,output/random_dataset/dataset_6738.jpg,dog
F:\NTSE\lab03\output\random_dataset\dataset_6638.jpg,output/random_dataset/dataset_6638.jpg,dog
F:\NTSE\lab03\output\random_dataset\dataset_6725.jpg,output/random_dataset/dataset_6725.jpg,dog
F:\NTSE\lab03\output\random_dataset\dataset_1521.jpg,output/random_dataset/dataset_1521.jpg,dog
F:\NTSE\lab03\output\random_dataset\dataset_5930.jpg,output/random_dataset/dataset_5930.jpg,dog
F:\NTSE\lab03\output\random_dataset\dataset_1488.jpg,output/random_dataset/dataset_1488.jpg,dog
F:\NTSE\lab03\output\random_dataset\dataset_279.jpg,output/random_dataset/dataset_279.jpg,dog
F:\NTSE\lab03\output\random_dataset\dataset_7934.jpg,output/random_dataset/dataset_7934.jpg,dog
F:\NTSE\lab03\output\random_dataset\dataset_9432.jpg,output/random_dataset/dataset_9432.jpg,dog
F:\NTSE\lab03\output\random_dataset\dataset_5484.jpg,output/random_dataset/dataset_5484.jpg,dog
F:\NTSE\lab03\output\random_dataset\dataset_8941.jpg,output/random_dataset/dataset_8941.jpg,dog
F:\NTSE\lab03\output\random_dataset\dataset_1834.jpg,output/random_dataset/dataset_1834.jpg,dog
F:\NTSE\lab03\output\random_dataset\dataset_1237.jpg,output/random_dataset/dataset_1237.jpg,dog
F:\NTSE\lab03\output\random_dataset\dataset_8380.jpg,output/random_dataset/dataset_8380.jpg,dog
F:\NTSE\lab03\output\random_dataset\dataset_620.jpg,output/random_dataset/dataset_620.jpg,dog
F:\NTSE\lab03\output\random_dataset\dataset_7030.jpg,output/random_dataset/dataset_7030.jpg,dog
F:\NTSE\lab03\output\random_dataset\dataset_7394.jpg,output/random_dataset/dataset_7394.jpg,dog
F:\NTSE\lab03\output\random_dataset\dataset_9448.jpg,output/random_dataset/dataset_9448.jpg,dog
F:\NTSE\lab03\output\random_dataset\dataset_5352.jpg,output/random_dataset/dataset_5352.jpg,dog
F:\NTSE\lab03\output\random_dataset\dataset_4053.jpg,output/random_dataset/dataset_4053.jpg,dog
F:\NTSE\lab03\output\random_dataset\dataset_649.jpg,output/random_dataset/dataset_649.jpg,dog
F:\NTSE\lab03\output\random_dataset\dataset_1986.jpg,output/random_dataset/dataset_1986.jpg,dog
F:\NTSE\lab03\output\random_dataset\dataset_5801.jpg,output/random_dataset/dataset_5801.jpg,dog
F:\NTSE\lab03\output\random_dataset\dataset_2949.jpg,output/random_dataset/dataset_2949.jpg,dog
F:\NTSE\lab03\output\random_dataset\dataset_8913.jpg,output/random_dataset/dataset_8913.jpg,dog
F:\NTSE\lab03\output\random_dataset\dataset_4923.jpg,output/random_dataset/dataset_4923.jpg,dog
F:\NTSE\lab03\output\random_dataset\dataset_4912.jpg,output/random_dataset/dataset_4912.jpg,dog
F:\NTSE\lab03\output\random_dataset\dataset_7729.jpg,output/random_dataset/dataset_7729.jpg,dog
F:\NTSE\lab03\output\random_dataset\dataset_6612.jpg,output/random_dataset/dataset_6612.jpg,dog
F:\NTSE\lab03\output\random_dataset\dataset_8705.jpg,output/random_dataset/dataset_8705.jpg,dog
F:\NTSE\lab03\output\random_dataset\dataset_9128.jpg,output/random_dataset/dataset_9128.jpg,dog
F:\NTSE\lab03\output\random_dataset\dataset_7043.jpg,output/random_dataset/dataset_7043.jpg,dog
F:\NTSE\lab03\output\random_dataset\dataset_2795.jpg,output/random_dataset/dataset_2795.jpg,dog
F:\NTSE\lab03\output\random_dataset\dataset_8493.jpg,output/random_dataset/dataset_8493.jpg,dog
F:\NTSE\lab03\output\random_dataset\dataset_1001.jpg,output/random_dataset/dataset_1001.jpg,dog
F:\NTSE\lab03\output\random_dataset\dataset_9118.jpg,output/random_dataset/dataset_9118.jpg,dog
F:\NTSE\lab03\output\random_dataset\dataset_4702.jpg,output/random_dataset/dataset_4702.jpg,dog
F:\NTSE\lab03\output\random_dataset\dataset_7506.jpg,output/random_dataset/dataset_7506.jpg,dog
F:\NTSE\lab03\output\random_dataset\dataset_6714.jpg,output/random_dataset/dataset_6714.jpg,dog
F:\NTSE\lab03\output\random_dataset\dataset_3837.jpg,output/random_dataset/dataset_3837.jpg,dog
F:\NTSE\lab03\output\random_dataset\dataset_1947.jpg,output/random_dataset/dataset_1947.jpg,dog
F:\NTSE\lab03\output\random_dataset\dataset_7189.jpg,output/random_dataset/dataset_7189.jpg,dog
F:\NTSE\lab03\output\random_dataset\dataset_3434.jpg,output/random_dataset/dataset_3434.jpg,dog
F:\NTSE\lab03\output\random_dataset\dataset_8151.jpg,output/random_dataset/dataset_8151.jpg,dog
F:\NTSE\lab03\output\random_dataset\dataset_4030.jpg,output/random_dataset/dataset_4030.jpg,dog
F:\NTSE\lab03\output\random_dataset\dataset_7695.jpg,output/random_dataset/dataset_7695.jpg,dog
F:\NTSE\lab03\output\random_dataset\dataset_1542.jpg,output/random_dataset/dataset_1542.jpg,dog
F:\NTSE\lab03\output\random_dataset\dataset_7033.jpg,output/random_dataset/dataset_7033.jpg,dog
F:\NTSE\lab03\output\random_dataset\dataset_8903.jpg,output/random_dataset/dataset_8903.jpg,dog
F:\NTSE\lab03\output\random_dataset\dataset_4737.jpg,output/random_dataset/dataset_4737.jpg,dog
F:\NTSE\lab03\output\random_dataset\dataset_9606.jpg,output/random_dataset/dataset_9606.jpg,dog
F:\NTSE\lab03\output\random_dataset\dataset_530.jpg,output/random_dataset/dataset_530.jpg,dog
F:\NTSE\lab03\output\random_dataset\dataset_5917.jpg,output/random_dataset/dataset_5917.jpg,dog
F:\NTSE\lab03\output\random_dataset\dataset_683.jpg,output/random_dataset/dataset_683.jpg,dog
F:\NTSE\lab03\output\random_dataset\dataset_5719.jpg,output/random_dataset/dataset_5719.jpg,dog
F:\NTSE\lab03\output\random_dataset\dataset_1185.jpg,output/random_dataset/dataset_1185.jpg,dog
F:\NTSE\lab03\output\random_dataset\dataset_1427.jpg,output/random_dataset/dataset_1427.jpg,dog
F:\NTSE\lab03\output\random_dataset\dataset_4766.jpg,output/random_dataset/dataset_4766.jpg,dog
F:\NTSE\lab03\output\random_dataset\dataset_8059.jpg,output/random_dataset/dataset_8059.jpg,dog
F:\NTSE\lab03\output\random_dataset\dataset_9030.jpg,output/random_dataset/dataset_9030.jpg,dog
F:\NTSE\lab03\output\random_dataset\dataset_5937.jpg,output/random_dataset/dataset_5937.jpg,dog
F:\NTSE\lab03\output\random_dataset\dataset_8028.jpg,output/random_dataset/dataset_8028.jpg,dog
F:\NTSE\lab03\output\random_dataset\dataset_143.jpg,output/random_dataset/dataset_143.jpg,dog
F:\NTSE\lab03\output\random_dataset\dataset_6608.jpg,output/random_dataset/dataset_6608.jpg,dog
F:\NTSE\lab03\output\random_dataset\dataset_963.jpg,output/random_dataset/dataset_963.jpg,dog
F:\NTSE\lab03\output\random_dataset\dataset_7988.jpg,output/random_dataset/dataset_7988.jpg,dog
F:\NTSE\lab03\output\random_dataset\dataset_3305.jpg,output/random_dataset/dataset_3305.jpg,dog
F:\NTSE\lab03\output\random_dataset\dataset_1264.jpg,output/random_dataset/dataset_1264.jpg,dog
F:\NTSE\lab03\output\random_dataset\dataset_8625.jpg,output/random_dataset/dataset_8625.jpg,dog
F:\NTSE\lab03\output\random_dataset\dataset_172.jpg,output/random_dataset/dataset_172.jpg,dog
F:\NTSE\lab03\output\random_dataset\dataset_2926.jpg,output/random_dataset/dataset_2926.jpg,dog
F:\NTSE\lab03\output\random_dataset\dataset_6635.jpg,output/random_dataset/dataset_6635.jpg,dog
F:\NTSE\lab03\output\random_dataset\dataset_728.jpg,output/random_dataset/dataset_728.jpg,dog
F:\NTSE\lab03\output\random_dataset\dataset_8146.jpg,output/random_dataset/dataset_8146.jpg,dog
F:\NTSE\lab03\output\random_dataset\dataset_1289.jpg,output/random_dataset/dataset_1289.jpg,dog
F:\NTSE\lab03\output\random_dataset\dataset_271.jpg,output/random_dataset/dataset_271.jpg,dog
F:\NTSE\lab03\output\random_dataset\dataset_3074.jpg,output/random_dataset/dataset_3074.jpg,dog
F:\NTSE\lab03\output\random_dataset\dataset_570.jpg,output/random_dataset/dataset_570.jpg,dog
F:\NTSE\lab03\output\random_dataset\dataset_3362.jpg,output/random_dataset/dataset_3362.jpg,dog
F:\NTSE\lab03\output\random_dataset\dataset_3004.jpg,output/random_dataset/dataset_3004.jpg,dog
F:\NTSE\lab03\output\random_dataset\dataset_2938.jpg,output/random_dataset/dataset_2938.jpg,dog
F:\NTSE\lab03\output\random_dataset\dataset_3517.jpg,output/random_dataset/dataset_3517.jpg,dog
F:\NTSE\lab03\output\random_dataset\dataset_2551.jpg,output/random_dataset/dataset_2551.jpg,dog
F:\NTSE\lab03\output\random_dataset\dataset_1298.jpg,output/random_dataset/dataset_1298.jpg,dog
F:\NTSE\lab03\output\random_dataset\dataset_7961.jpg,output/random_dataset/dataset_7961.jpg,dog
F:\NTSE\lab03\output\random_dataset\dataset_9557.jpg,output/random_dataset/dataset_9557.jpg,dog
F:\NTSE\lab03\output\random_dataset\dataset_6590.jpg,output/random_dataset/dataset_6590.jpg,dog
F:\NTSE\lab03\output\random_dataset\dataset_6299.jpg,output/random_dataset/dataset_6299.jpg,dog
F:\NTSE\lab03\output\random_dataset\dataset_8195.jpg,output/random_dataset/dataset_8195.jpg,dog
F:\NTSE\lab03\output\random_dataset\dataset_1102.jpg,output/random_dataset/dataset_1102.jpg,dog
F:\NTSE\lab03\output\random_dataset\dataset_3290.jpg,output/random_dataset/dataset_3290.jpg,dog
F:\NTSE\lab03\output\random_dataset\dataset_173.jpg,output/random_dataset/dataset_173.jpg,dog
F:\NTSE\lab03\output\random_dataset\dataset_3983.jpg,output/random_dataset/dataset_3983.jpg,dog
F:\NTSE\lab03\output\random_dataset\dataset_3626.jpg,output/random_dataset/dataset_3626.jpg,dog
F:\NTSE\lab03\output\random_dataset\dataset_1450.jpg,output/random_dataset/dataset_1450.jpg,dog
F:\NTSE\lab03\output\random_dataset\dataset_4779.jpg,output/random_dataset/dataset_4779.jpg,dog
F:\NTSE\lab03\output\random_dataset\dataset_4377.jpg,output/random_dataset/dataset_4377.jpg,dog
F:\NTSE\lab03\output\random_dataset\dataset_7542.jpg,output/random_dataset/dataset_7542.jpg,dog
F:\NTSE\lab03\output\random_dataset\dataset_5073.jpg,output/random_dataset/dataset_5073.jpg,dog
F:\NTSE\lab03\output\random_dataset\dataset_5171.jpg,output/random_dataset/dataset_5171.jpg,dog
F:\NTSE\lab03\output\random_dataset\dataset_4512.jpg,output/random_dataset/dataset_4512.jpg,dog
F:\NTSE\lab03\output\random_dataset\dataset_8363.jpg,output/random_dataset/dataset_8363.jpg,dog
F:\NTSE\lab03\output\random_dataset\dataset_8623.jpg,output/random_dataset/dataset_8623.jpg,dog
F:\NTSE\lab03\output\random_dataset\dataset_8178.jpg,output/random_dataset/dataset_8178.jpg,dog
F:\NTSE\lab03\output\random_dataset\dataset_1312.jpg,output/random_dataset/dataset_1312.jpg,dog
F:\NTSE\lab03\output\random_dataset\dataset_78.jpg,output/random_dataset/dataset_78.jpg,dog
F:\NTSE\lab03\output\random_dataset\dataset_8144.jpg,output/random_dataset/dataset_8144.jpg,dog
F:\NTSE\lab03\output\random_dataset\dataset_1175.jpg,output/random_dataset/dataset_1175.jpg,dog
F:\NTSE\lab03\output\random_dataset\dataset_1808.jpg,output/random_dataset/dataset_1808.jpg,dog
F:\NTSE\lab03\output\random_dataset\dataset_8624.jpg,output/random_dataset/dataset_8624.jpg,dog
F:\NTSE\lab03\output\random_dataset\dataset_1268.jpg,output/random_dataset/dataset_1268.jpg,dog
F:\NTSE\lab03\output\random_dataset\dataset_2859.jpg,output/random_dataset/dataset_2859.jpg,dog
F:\NTSE\lab03\output\random_dataset\dataset_6994.jpg,output/random_dataset/dataset_6994.jpg,dog
F:\NTSE\lab03\output\random_dataset\dataset_3715.jpg,output/random_dataset/dataset_3715.jpg,dog
F:\NTSE\lab03\output\random_dataset\dataset_7446.jpg,output/random_dataset/dataset_7446.jpg,dog
F:\NTSE\lab03\output\random_dataset\dataset_9372.jpg,output/random_dataset/dataset_9372.jpg,dog
F:\NTSE\lab03\output\random_dataset\dataset_5059.jpg,output/random_dataset/dataset_5059.jpg,dog
F:\NTSE\lab03\output\random_dataset\dataset_8419.jpg,output/random_dataset/dataset_8419.jpg,dog
F:\NTSE\lab03\output\random_dataset\dataset_9914.jpg,output/random_dataset/dataset_9914.jpg,dog
F:\NTSE\lab03\output\random_dataset\dataset_4841.jpg,output/random_dataset/dataset_4841.jpg,dog
F:\NTSE\lab03\output\random_dataset\dataset_9669.jpg,output/random_dataset/dataset_9669.jpg,dog
F:\NTSE\lab03\output\random_dataset\dataset_6481.jpg,output/random_dataset/dataset_6481.jpg,dog
F:\NTSE\lab03\output\random_dataset\dataset_5523.jpg,output/random_dataset/dataset_5523.jpg,dog
F:\NTSE\lab03\output\random_dataset\dataset_1789.jpg,output/random_dataset/dataset_1789.jpg,dog
F:\NTSE\lab03\output\random_dataset\dataset_8828.jpg,output/random_dataset/dataset_8828.jpg,dog
F:\NTSE\lab03\output\random_dataset\dataset_5002.jpg,output/random_dataset/dataset_5002.jpg,dog
F:\NTSE\lab03\output\random_dataset\dataset_6353.jpg,output/random_dataset/dataset_6353.jpg,dog
F:\NTSE\lab03\output\random_dataset\dataset_3627.jpg,output/random_dataset/dataset_3627.jpg,dog
F:\NTSE\lab03\output\random_dataset\dataset_6206.jpg,output/random_dataset/dataset_6206.jpg,dog
F:\NTSE\lab03\output\random_dataset\dataset_5606.jpg,output/random_dataset/dataset_5606.jpg,dog
F:\NTSE\lab03\output\random_dataset\dataset_3525.jpg,output/random_dataset/dataset_3525.jpg,dog
F:\NTSE\lab03\output\random_dataset\dataset_5708.jpg,output/random_dataset/dataset_5708.jpg,dog
F:\NTSE\lab03\output\random_dataset\dataset_4191.jpg,output/random_dataset/dataset_4191.jpg,dog
F:\NTSE\lab03\output\random_dataset\dataset_275.jpg,output/random_dataset/dataset_275.jpg,dog
F:\NTSE\lab03\output\random_dataset\dataset_972.jpg,output/random_dataset/dataset_972.jpg,dog
F:\NTSE\lab03\output\random_dataset\dataset_6823.jpg,output/random_dataset/dataset_6823.jpg,dog
F:\NTSE\lab03\output\random_dataset\dataset_2812.jpg,output/random_dataset/dataset_2812.jpg,dog
F:\NTSE\lab03\output\random_dataset\dataset_8612.jpg,output/random_dataset/dataset_8612.jpg,dog
F:\NTSE\lab03\output\random_dataset\dataset_7223.jpg,output/random_dataset/dataset_7223.jpg,dog
F:\NTSE\lab03\output\random_dataset\dataset_7354.jpg,output/random_dataset/dataset_7354.jpg,dog
F:\NTSE\lab03\output\random_dataset\dataset_3035.jpg,output/random_dataset/dataset_3035.jpg,dog
F:\NTSE\lab03\output\random_dataset\dataset_9541.jpg,output/random_dataset/dataset_9541.jpg,dog
F:\NTSE\lab03\output\random_dataset\dataset_8585.jpg,output/random_dataset/dataset_8585.jpg,dog
F:\NTSE\lab03\output\random_dataset\dataset_5181.jpg,output/random_dataset/dataset_5181.jpg,dog
F:\NTSE\lab03\output\random_dataset\dataset_9827.jpg,output/random_dataset/dataset_9827.jpg,dog
